year,techAgri,r,ghgAbateTechAgri
2020,Agri01_AGC,DE1,0.0
2020,Agri01_AGC,DE2,0.0
2020,Agri01_AGC,DE3,0.0
2020,Agri01_AGC,DE4,0.0
2020,Agri01_AGC,DE5,0.0
2020,Agri01_AGC,DE6,0.0
2020,Agri01_AGC,DE7,0.0
2020,Agri01_AGC,DE8,0.0
2020,Agri01_AGC,DE9,0.0
2020,Agri01_AGC,DEA,0.0
2020,Agri01_AGC,DEB,0.0
2020,Agri01_AGC,DEC,0.0
2020,Agri01_AGC,DEE,0.0
2020,Agri01_AGC,DED,0.0
2020,Agri01_AGC,DEF,0.0
2020,Agri01_AGC,DEG,0.0
2020,Agri02_OFC,DE1,0.0
2020,Agri02_OFC,DE2,0.0
2020,Agri02_OFC,DE3,0.0
2020,Agri02_OFC,DE4,0.0
2020,Agri02_OFC,DE5,0.0
2020,Agri02_OFC,DE6,0.0
2020,Agri02_OFC,DE7,0.0
2020,Agri02_OFC,DE8,0.0
2020,Agri02_OFC,DE9,0.0
2020,Agri02_OFC,DEA,0.0
2020,Agri02_OFC,DEB,0.0
2020,Agri02_OFC,DEC,0.0
2020,Agri02_OFC,DEE,0.0
2020,Agri02_OFC,DED,0.0
2020,Agri02_OFC,DEF,0.0
2020,Agri02_OFC,DEG,0.0
2020,Agri03_No-till,DE1,0.0
2020,Agri03_No-till,DE2,0.0
2020,Agri03_No-till,DE3,0.0
2020,Agri03_No-till,DE4,0.0
2020,Agri03_No-till,DE5,0.0
2020,Agri03_No-till,DE6,0.0
2020,Agri03_No-till,DE7,0.0
2020,Agri03_No-till,DE8,0.0
2020,Agri03_No-till,DE9,0.0
2020,Agri03_No-till,DEA,0.0
2020,Agri03_No-till,DEB,0.0
2020,Agri03_No-till,DEC,0.0
2020,Agri03_No-till,DEE,0.0
2020,Agri03_No-till,DED,0.0
2020,Agri03_No-till,DEF,0.0
2020,Agri03_No-till,DEG,0.0
2020,Agri04_toGrassland,DE1,0.0
2020,Agri04_toGrassland,DE2,0.0
2020,Agri04_toGrassland,DE3,0.0
2020,Agri04_toGrassland,DE4,0.0
2020,Agri04_toGrassland,DE5,0.0
2020,Agri04_toGrassland,DE6,0.0
2020,Agri04_toGrassland,DE7,0.0
2020,Agri04_toGrassland,DE8,0.0
2020,Agri04_toGrassland,DE9,0.0
2020,Agri04_toGrassland,DEA,0.0
2020,Agri04_toGrassland,DEB,0.0
2020,Agri04_toGrassland,DEC,0.0
2020,Agri04_toGrassland,DEE,0.0
2020,Agri04_toGrassland,DED,0.0
2020,Agri04_toGrassland,DEF,0.0
2020,Agri04_toGrassland,DEG,0.0
2020,Agri05_Agroforestry,DE1,0.0
2020,Agri05_Agroforestry,DE2,0.0
2020,Agri05_Agroforestry,DE3,0.0
2020,Agri05_Agroforestry,DE4,0.0
2020,Agri05_Agroforestry,DE5,0.0
2020,Agri05_Agroforestry,DE6,0.0
2020,Agri05_Agroforestry,DE7,0.0
2020,Agri05_Agroforestry,DE8,0.0
2020,Agri05_Agroforestry,DE9,0.0
2020,Agri05_Agroforestry,DEA,0.0
2020,Agri05_Agroforestry,DEB,0.0
2020,Agri05_Agroforestry,DEC,0.0
2020,Agri05_Agroforestry,DEE,0.0
2020,Agri05_Agroforestry,DED,0.0
2020,Agri05_Agroforestry,DEF,0.0
2020,Agri05_Agroforestry,DEG,0.0
2020,Agri06_Biochar,DE1,0.0
2020,Agri06_Biochar,DE2,0.0
2020,Agri06_Biochar,DE3,0.0
2020,Agri06_Biochar,DE4,0.0
2020,Agri06_Biochar,DE5,0.0
2020,Agri06_Biochar,DE6,0.0
2020,Agri06_Biochar,DE7,0.0
2020,Agri06_Biochar,DE8,0.0
2020,Agri06_Biochar,DE9,0.0
2020,Agri06_Biochar,DEA,0.0
2020,Agri06_Biochar,DEB,0.0
2020,Agri06_Biochar,DEC,0.0
2020,Agri06_Biochar,DEE,0.0
2020,Agri06_Biochar,DED,0.0
2020,Agri06_Biochar,DEF,0.0
2020,Agri06_Biochar,DEG,0.0
2021,Agri01_AGC,DE1,0.0
2021,Agri01_AGC,DE2,0.0
2021,Agri01_AGC,DE3,0.0
2021,Agri01_AGC,DE4,0.0
2021,Agri01_AGC,DE5,0.0
2021,Agri01_AGC,DE6,0.0
2021,Agri01_AGC,DE7,0.0
2021,Agri01_AGC,DE8,0.0
2021,Agri01_AGC,DE9,0.0
2021,Agri01_AGC,DEA,0.0
2021,Agri01_AGC,DEB,0.0
2021,Agri01_AGC,DEC,0.0
2021,Agri01_AGC,DEE,0.0
2021,Agri01_AGC,DED,0.0
2021,Agri01_AGC,DEF,0.0
2021,Agri01_AGC,DEG,0.0
2021,Agri02_OFC,DE1,0.0
2021,Agri02_OFC,DE2,0.0
2021,Agri02_OFC,DE3,0.0
2021,Agri02_OFC,DE4,0.0
2021,Agri02_OFC,DE5,0.0
2021,Agri02_OFC,DE6,0.0
2021,Agri02_OFC,DE7,0.0
2021,Agri02_OFC,DE8,0.0
2021,Agri02_OFC,DE9,0.0
2021,Agri02_OFC,DEA,0.0
2021,Agri02_OFC,DEB,0.0
2021,Agri02_OFC,DEC,0.0
2021,Agri02_OFC,DEE,0.0
2021,Agri02_OFC,DED,0.0
2021,Agri02_OFC,DEF,0.0
2021,Agri02_OFC,DEG,0.0
2021,Agri03_No-till,DE1,0.0
2021,Agri03_No-till,DE2,0.0
2021,Agri03_No-till,DE3,0.0
2021,Agri03_No-till,DE4,0.0
2021,Agri03_No-till,DE5,0.0
2021,Agri03_No-till,DE6,0.0
2021,Agri03_No-till,DE7,0.0
2021,Agri03_No-till,DE8,0.0
2021,Agri03_No-till,DE9,0.0
2021,Agri03_No-till,DEA,0.0
2021,Agri03_No-till,DEB,0.0
2021,Agri03_No-till,DEC,0.0
2021,Agri03_No-till,DEE,0.0
2021,Agri03_No-till,DED,0.0
2021,Agri03_No-till,DEF,0.0
2021,Agri03_No-till,DEG,0.0
2021,Agri04_toGrassland,DE1,0.0
2021,Agri04_toGrassland,DE2,0.0
2021,Agri04_toGrassland,DE3,0.0
2021,Agri04_toGrassland,DE4,0.0
2021,Agri04_toGrassland,DE5,0.0
2021,Agri04_toGrassland,DE6,0.0
2021,Agri04_toGrassland,DE7,0.0
2021,Agri04_toGrassland,DE8,0.0
2021,Agri04_toGrassland,DE9,0.0
2021,Agri04_toGrassland,DEA,0.0
2021,Agri04_toGrassland,DEB,0.0
2021,Agri04_toGrassland,DEC,0.0
2021,Agri04_toGrassland,DEE,0.0
2021,Agri04_toGrassland,DED,0.0
2021,Agri04_toGrassland,DEF,0.0
2021,Agri04_toGrassland,DEG,0.0
2021,Agri05_Agroforestry,DE1,6854.790275903743
2021,Agri05_Agroforestry,DE2,14946.106928141888
2021,Agri05_Agroforestry,DE3,13.956992355122633
2021,Agri05_Agroforestry,DE4,5910.353852017296
2021,Agri05_Agroforestry,DE5,44.8731114771357
2021,Agri05_Agroforestry,DE6,73.70593847933675
2021,Agri05_Agroforestry,DE7,3854.7374247962052
2021,Agri05_Agroforestry,DE8,6520.564952518496
2021,Agri05_Agroforestry,DE9,12341.510346051497
2021,Agri05_Agroforestry,DEA,7162.3620738381505
2021,Agri05_Agroforestry,DEB,3563.7984167916848
2021,Agri05_Agroforestry,DEC,378.9448976875766
2021,Agri05_Agroforestry,DEE,5465.950780087766
2021,Agri05_Agroforestry,DED,4067.4380093942473
2021,Agri05_Agroforestry,DEF,4713.0356411200555
2021,Agri05_Agroforestry,DEG,3767.8703593397963
2021,Agri06_Biochar,DE1,0.0
2021,Agri06_Biochar,DE2,0.0
2021,Agri06_Biochar,DE3,0.0
2021,Agri06_Biochar,DE4,0.0
2021,Agri06_Biochar,DE5,0.0
2021,Agri06_Biochar,DE6,0.0
2021,Agri06_Biochar,DE7,0.0
2021,Agri06_Biochar,DE8,0.0
2021,Agri06_Biochar,DE9,0.0
2021,Agri06_Biochar,DEA,0.0
2021,Agri06_Biochar,DEB,0.0
2021,Agri06_Biochar,DEC,0.0
2021,Agri06_Biochar,DEE,0.0
2021,Agri06_Biochar,DED,0.0
2021,Agri06_Biochar,DEF,0.0
2021,Agri06_Biochar,DEG,0.0
2022,Agri01_AGC,DE1,0.0
2022,Agri01_AGC,DE2,0.0
2022,Agri01_AGC,DE3,0.0
2022,Agri01_AGC,DE4,0.0
2022,Agri01_AGC,DE5,0.0
2022,Agri01_AGC,DE6,0.0
2022,Agri01_AGC,DE7,0.0
2022,Agri01_AGC,DE8,0.0
2022,Agri01_AGC,DE9,0.0
2022,Agri01_AGC,DEA,0.0
2022,Agri01_AGC,DEB,0.0
2022,Agri01_AGC,DEC,0.0
2022,Agri01_AGC,DEE,0.0
2022,Agri01_AGC,DED,0.0
2022,Agri01_AGC,DEF,0.0
2022,Agri01_AGC,DEG,0.0
2022,Agri02_OFC,DE1,0.0
2022,Agri02_OFC,DE2,0.0
2022,Agri02_OFC,DE3,0.0
2022,Agri02_OFC,DE4,0.0
2022,Agri02_OFC,DE5,0.0
2022,Agri02_OFC,DE6,0.0
2022,Agri02_OFC,DE7,0.0
2022,Agri02_OFC,DE8,0.0
2022,Agri02_OFC,DE9,0.0
2022,Agri02_OFC,DEA,0.0
2022,Agri02_OFC,DEB,0.0
2022,Agri02_OFC,DEC,0.0
2022,Agri02_OFC,DEE,0.0
2022,Agri02_OFC,DED,0.0
2022,Agri02_OFC,DEF,0.0
2022,Agri02_OFC,DEG,0.0
2022,Agri03_No-till,DE1,0.0
2022,Agri03_No-till,DE2,0.0
2022,Agri03_No-till,DE3,0.0
2022,Agri03_No-till,DE4,0.0
2022,Agri03_No-till,DE5,0.0
2022,Agri03_No-till,DE6,0.0
2022,Agri03_No-till,DE7,0.0
2022,Agri03_No-till,DE8,0.0
2022,Agri03_No-till,DE9,0.0
2022,Agri03_No-till,DEA,0.0
2022,Agri03_No-till,DEB,0.0
2022,Agri03_No-till,DEC,0.0
2022,Agri03_No-till,DEE,0.0
2022,Agri03_No-till,DED,0.0
2022,Agri03_No-till,DEF,0.0
2022,Agri03_No-till,DEG,0.0
2022,Agri04_toGrassland,DE1,0.0
2022,Agri04_toGrassland,DE2,0.0
2022,Agri04_toGrassland,DE3,0.0
2022,Agri04_toGrassland,DE4,0.0
2022,Agri04_toGrassland,DE5,0.0
2022,Agri04_toGrassland,DE6,0.0
2022,Agri04_toGrassland,DE7,0.0
2022,Agri04_toGrassland,DE8,0.0
2022,Agri04_toGrassland,DE9,0.0
2022,Agri04_toGrassland,DEA,0.0
2022,Agri04_toGrassland,DEB,0.0
2022,Agri04_toGrassland,DEC,0.0
2022,Agri04_toGrassland,DEE,0.0
2022,Agri04_toGrassland,DED,0.0
2022,Agri04_toGrassland,DEF,0.0
2022,Agri04_toGrassland,DEG,0.0
2022,Agri05_Agroforestry,DE1,16371.387717024656
2022,Agri05_Agroforestry,DE2,32284.31046642634
2022,Agri05_Agroforestry,DE3,1307.8725000000002
2022,Agri05_Agroforestry,DE4,14712.966072101832
2022,Agri05_Agroforestry,DE5,1418.9808474363908
2022,Agri05_Agroforestry,DE6,269.2318641986659
2022,Agri05_Agroforestry,DE7,8006.1316630397605
2022,Agri05_Agroforestry,DE8,15681.814455929049
2022,Agri05_Agroforestry,DE9,27129.673729877282
2022,Agri05_Agroforestry,DEA,16944.015461191033
2022,Agri05_Agroforestry,DEB,8989.231620619672
2022,Agri05_Agroforestry,DEC,2701.2687721858797
2022,Agri05_Agroforestry,DEE,12776.685369143242
2022,Agri05_Agroforestry,DED,9998.81068920822
2022,Agri05_Agroforestry,DEF,9269.984956446695
2022,Agri05_Agroforestry,DEG,7411.159902278851
2022,Agri06_Biochar,DE1,0.0
2022,Agri06_Biochar,DE2,0.0
2022,Agri06_Biochar,DE3,0.0
2022,Agri06_Biochar,DE4,0.0
2022,Agri06_Biochar,DE5,0.0
2022,Agri06_Biochar,DE6,0.0
2022,Agri06_Biochar,DE7,0.0
2022,Agri06_Biochar,DE8,0.0
2022,Agri06_Biochar,DE9,0.0
2022,Agri06_Biochar,DEA,0.0
2022,Agri06_Biochar,DEB,0.0
2022,Agri06_Biochar,DEC,0.0
2022,Agri06_Biochar,DEE,0.0
2022,Agri06_Biochar,DED,0.0
2022,Agri06_Biochar,DEF,0.0
2022,Agri06_Biochar,DEG,0.0
2023,Agri01_AGC,DE1,0.0
2023,Agri01_AGC,DE2,0.0
2023,Agri01_AGC,DE3,0.0
2023,Agri01_AGC,DE4,0.0
2023,Agri01_AGC,DE5,0.0
2023,Agri01_AGC,DE6,0.0
2023,Agri01_AGC,DE7,0.0
2023,Agri01_AGC,DE8,0.0
2023,Agri01_AGC,DE9,0.0
2023,Agri01_AGC,DEA,0.0
2023,Agri01_AGC,DEB,0.0
2023,Agri01_AGC,DEC,0.0
2023,Agri01_AGC,DEE,0.0
2023,Agri01_AGC,DED,0.0
2023,Agri01_AGC,DEF,0.0
2023,Agri01_AGC,DEG,0.0
2023,Agri02_OFC,DE1,0.0
2023,Agri02_OFC,DE2,0.0
2023,Agri02_OFC,DE3,0.0
2023,Agri02_OFC,DE4,0.0
2023,Agri02_OFC,DE5,0.0
2023,Agri02_OFC,DE6,0.0
2023,Agri02_OFC,DE7,0.0
2023,Agri02_OFC,DE8,0.0
2023,Agri02_OFC,DE9,0.0
2023,Agri02_OFC,DEA,0.0
2023,Agri02_OFC,DEB,0.0
2023,Agri02_OFC,DEC,0.0
2023,Agri02_OFC,DEE,0.0
2023,Agri02_OFC,DED,0.0
2023,Agri02_OFC,DEF,0.0
2023,Agri02_OFC,DEG,0.0
2023,Agri03_No-till,DE1,0.0
2023,Agri03_No-till,DE2,0.0
2023,Agri03_No-till,DE3,0.0
2023,Agri03_No-till,DE4,0.0
2023,Agri03_No-till,DE5,0.0
2023,Agri03_No-till,DE6,0.0
2023,Agri03_No-till,DE7,0.0
2023,Agri03_No-till,DE8,0.0
2023,Agri03_No-till,DE9,0.0
2023,Agri03_No-till,DEA,0.0
2023,Agri03_No-till,DEB,0.0
2023,Agri03_No-till,DEC,0.0
2023,Agri03_No-till,DEE,0.0
2023,Agri03_No-till,DED,0.0
2023,Agri03_No-till,DEF,0.0
2023,Agri03_No-till,DEG,0.0
2023,Agri04_toGrassland,DE1,0.0
2023,Agri04_toGrassland,DE2,0.0
2023,Agri04_toGrassland,DE3,0.0
2023,Agri04_toGrassland,DE4,0.0
2023,Agri04_toGrassland,DE5,0.0
2023,Agri04_toGrassland,DE6,0.0
2023,Agri04_toGrassland,DE7,0.0
2023,Agri04_toGrassland,DE8,0.0
2023,Agri04_toGrassland,DE9,0.0
2023,Agri04_toGrassland,DEA,0.0
2023,Agri04_toGrassland,DEB,0.0
2023,Agri04_toGrassland,DEC,0.0
2023,Agri04_toGrassland,DEE,0.0
2023,Agri04_toGrassland,DED,0.0
2023,Agri04_toGrassland,DEF,0.0
2023,Agri04_toGrassland,DEG,0.0
2023,Agri05_Agroforestry,DE1,28549.79232336274
2023,Agri05_Agroforestry,DE2,52014.61061485336
2023,Agri05_Agroforestry,DE3,1307.8725000000002
2023,Agri05_Agroforestry,DE4,26407.836660253604
2023,Agri05_Agroforestry,DE5,4122.323207877766
2023,Agri05_Agroforestry,DE6,586.5777771579875
2023,Agri05_Agroforestry,DE7,12454.182714730665
2023,Agri05_Agroforestry,DE8,27483.748510231657
2023,Agri05_Agroforestry,DE9,44364.49015147736
2023,Agri05_Agroforestry,DEA,29344.960162058644
2023,Agri05_Agroforestry,DEB,16276.299611483964
2023,Agri05_Agroforestry,DEC,6966.971623494909
2023,Agri05_Agroforestry,DEE,21932.20376716643
2023,Agri05_Agroforestry,DED,17794.118039441913
2023,Agri05_Agroforestry,DEF,13670.847945979918
2023,Agri05_Agroforestry,DEG,10929.868628817167
2023,Agri06_Biochar,DE1,0.0
2023,Agri06_Biochar,DE2,0.0
2023,Agri06_Biochar,DE3,0.0
2023,Agri06_Biochar,DE4,0.0
2023,Agri06_Biochar,DE5,0.0
2023,Agri06_Biochar,DE6,0.0
2023,Agri06_Biochar,DE7,0.0
2023,Agri06_Biochar,DE8,0.0
2023,Agri06_Biochar,DE9,0.0
2023,Agri06_Biochar,DEA,0.0
2023,Agri06_Biochar,DEB,0.0
2023,Agri06_Biochar,DEC,0.0
2023,Agri06_Biochar,DEE,0.0
2023,Agri06_Biochar,DED,0.0
2023,Agri06_Biochar,DEF,0.0
2023,Agri06_Biochar,DEG,0.0
2024,Agri01_AGC,DE1,0.0
2024,Agri01_AGC,DE2,0.0
2024,Agri01_AGC,DE3,0.0
2024,Agri01_AGC,DE4,0.0
2024,Agri01_AGC,DE5,0.0
2024,Agri01_AGC,DE6,0.0
2024,Agri01_AGC,DE7,0.0
2024,Agri01_AGC,DE8,0.0
2024,Agri01_AGC,DE9,0.0
2024,Agri01_AGC,DEA,0.0
2024,Agri01_AGC,DEB,0.0
2024,Agri01_AGC,DEC,0.0
2024,Agri01_AGC,DEE,0.0
2024,Agri01_AGC,DED,0.0
2024,Agri01_AGC,DEF,0.0
2024,Agri01_AGC,DEG,0.0
2024,Agri02_OFC,DE1,0.0
2024,Agri02_OFC,DE2,0.0
2024,Agri02_OFC,DE3,0.0
2024,Agri02_OFC,DE4,0.0
2024,Agri02_OFC,DE5,0.0
2024,Agri02_OFC,DE6,0.0
2024,Agri02_OFC,DE7,0.0
2024,Agri02_OFC,DE8,0.0
2024,Agri02_OFC,DE9,0.0
2024,Agri02_OFC,DEA,0.0
2024,Agri02_OFC,DEB,0.0
2024,Agri02_OFC,DEC,0.0
2024,Agri02_OFC,DEE,0.0
2024,Agri02_OFC,DED,0.0
2024,Agri02_OFC,DEF,0.0
2024,Agri02_OFC,DEG,0.0
2024,Agri03_No-till,DE1,0.0
2024,Agri03_No-till,DE2,0.0
2024,Agri03_No-till,DE3,0.0
2024,Agri03_No-till,DE4,0.0
2024,Agri03_No-till,DE5,0.0
2024,Agri03_No-till,DE6,0.0
2024,Agri03_No-till,DE7,0.0
2024,Agri03_No-till,DE8,0.0
2024,Agri03_No-till,DE9,0.0
2024,Agri03_No-till,DEA,0.0
2024,Agri03_No-till,DEB,0.0
2024,Agri03_No-till,DEC,0.0
2024,Agri03_No-till,DEE,0.0
2024,Agri03_No-till,DED,0.0
2024,Agri03_No-till,DEF,0.0
2024,Agri03_No-till,DEG,0.0
2024,Agri04_toGrassland,DE1,0.0
2024,Agri04_toGrassland,DE2,0.0
2024,Agri04_toGrassland,DE3,0.0
2024,Agri04_toGrassland,DE4,0.0
2024,Agri04_toGrassland,DE5,0.0
2024,Agri04_toGrassland,DE6,0.0
2024,Agri04_toGrassland,DE7,0.0
2024,Agri04_toGrassland,DE8,0.0
2024,Agri04_toGrassland,DE9,0.0
2024,Agri04_toGrassland,DEA,0.0
2024,Agri04_toGrassland,DEB,0.0
2024,Agri04_toGrassland,DEC,0.0
2024,Agri04_toGrassland,DEE,0.0
2024,Agri04_toGrassland,DED,0.0
2024,Agri04_toGrassland,DEF,0.0
2024,Agri04_toGrassland,DEG,0.0
2024,Agri05_Agroforestry,DE1,43390.004094918
2024,Agri05_Agroforestry,DE2,74137.00737342294
2024,Agri05_Agroforestry,DE3,1307.8725000000002
2024,Agri05_Agroforestry,DE4,40994.96561647261
2024,Agri05_Agroforestry,DE5,8154.900192801261
2024,Agri05_Agroforestry,DE6,1025.7436773573015
2024,Agri05_Agroforestry,DE7,17198.890579868916
2024,Agri05_Agroforestry,DE8,41926.36711542632
2024,Agri05_Agroforestry,DE9,64045.95961085173
2024,Agri05_Agroforestry,DEA,44365.19617644099
2024,Agri05_Agroforestry,DEB,25425.002389384557
2024,Agri05_Agroforestry,DEC,13176.053451614665
2024,Agri05_Agroforestry,DEE,32932.50597415732
2024,Agri05_Agroforestry,DED,27453.360060095336
2024,Agri05_Agroforestry,DEF,17915.624609719725
2024,Agri05_Agroforestry,DEG,14323.996538954741
2024,Agri06_Biochar,DE1,0.0
2024,Agri06_Biochar,DE2,0.0
2024,Agri06_Biochar,DE3,0.0
2024,Agri06_Biochar,DE4,0.0
2024,Agri06_Biochar,DE5,0.0
2024,Agri06_Biochar,DE6,0.0
2024,Agri06_Biochar,DE7,0.0
2024,Agri06_Biochar,DE8,0.0
2024,Agri06_Biochar,DE9,0.0
2024,Agri06_Biochar,DEA,0.0
2024,Agri06_Biochar,DEB,0.0
2024,Agri06_Biochar,DEC,0.0
2024,Agri06_Biochar,DEE,0.0
2024,Agri06_Biochar,DED,0.0
2024,Agri06_Biochar,DEF,0.0
2024,Agri06_Biochar,DEG,0.0
2025,Agri01_AGC,DE1,0.0
2025,Agri01_AGC,DE2,0.0
2025,Agri01_AGC,DE3,0.0
2025,Agri01_AGC,DE4,0.0
2025,Agri01_AGC,DE5,0.0
2025,Agri01_AGC,DE6,0.0
2025,Agri01_AGC,DE7,0.0
2025,Agri01_AGC,DE8,0.0
2025,Agri01_AGC,DE9,0.0
2025,Agri01_AGC,DEA,0.0
2025,Agri01_AGC,DEB,0.0
2025,Agri01_AGC,DEC,0.0
2025,Agri01_AGC,DEE,0.0
2025,Agri01_AGC,DED,0.0
2025,Agri01_AGC,DEF,0.0
2025,Agri01_AGC,DEG,0.0
2025,Agri02_OFC,DE1,0.0
2025,Agri02_OFC,DE2,0.0
2025,Agri02_OFC,DE3,0.0
2025,Agri02_OFC,DE4,0.0
2025,Agri02_OFC,DE5,0.0
2025,Agri02_OFC,DE6,0.0
2025,Agri02_OFC,DE7,0.0
2025,Agri02_OFC,DE8,0.0
2025,Agri02_OFC,DE9,0.0
2025,Agri02_OFC,DEA,0.0
2025,Agri02_OFC,DEB,0.0
2025,Agri02_OFC,DEC,0.0
2025,Agri02_OFC,DEE,0.0
2025,Agri02_OFC,DED,0.0
2025,Agri02_OFC,DEF,0.0
2025,Agri02_OFC,DEG,0.0
2025,Agri03_No-till,DE1,0.0
2025,Agri03_No-till,DE2,0.0
2025,Agri03_No-till,DE3,0.0
2025,Agri03_No-till,DE4,0.0
2025,Agri03_No-till,DE5,0.0
2025,Agri03_No-till,DE6,0.0
2025,Agri03_No-till,DE7,0.0
2025,Agri03_No-till,DE8,0.0
2025,Agri03_No-till,DE9,0.0
2025,Agri03_No-till,DEA,0.0
2025,Agri03_No-till,DEB,0.0
2025,Agri03_No-till,DEC,0.0
2025,Agri03_No-till,DEE,0.0
2025,Agri03_No-till,DED,0.0
2025,Agri03_No-till,DEF,0.0
2025,Agri03_No-till,DEG,0.0
2025,Agri04_toGrassland,DE1,0.0
2025,Agri04_toGrassland,DE2,0.0
2025,Agri04_toGrassland,DE3,0.0
2025,Agri04_toGrassland,DE4,0.0
2025,Agri04_toGrassland,DE5,0.0
2025,Agri04_toGrassland,DE6,0.0
2025,Agri04_toGrassland,DE7,0.0
2025,Agri04_toGrassland,DE8,0.0
2025,Agri04_toGrassland,DE9,0.0
2025,Agri04_toGrassland,DEA,0.0
2025,Agri04_toGrassland,DEB,0.0
2025,Agri04_toGrassland,DEC,0.0
2025,Agri04_toGrassland,DEE,0.0
2025,Agri04_toGrassland,DED,0.0
2025,Agri04_toGrassland,DEF,0.0
2025,Agri04_toGrassland,DEG,0.0
2025,Agri05_Agroforestry,DE1,60892.02303169043
2025,Agri05_Agroforestry,DE2,98651.50074213509
2025,Agri05_Agroforestry,DE3,1307.8725000000002
2025,Agri05_Agroforestry,DE4,58474.35294075885
2025,Agri05_Agroforestry,DE5,10736.907666666668
2025,Agri05_Agroforestry,DE6,1586.7295647966077
2025,Agri05_Agroforestry,DE7,22240.255258454523
2025,Agri05_Agroforestry,DE8,59009.670271513045
2025,Agri05_Agroforestry,DE9,86174.08210800037
2025,Agri05_Agroforestry,DEA,62004.72350433807
2025,Agri05_Agroforestry,DEB,36435.339954321455
2025,Agri05_Agroforestry,DEC,21328.51425654515
2025,Agri05_Agroforestry,DEE,45777.59199011592
2025,Agri05_Agroforestry,DED,38976.53675116848
2025,Agri05_Agroforestry,DEF,22004.314947666113
2025,Agri05_Agroforestry,DEG,17593.543632691573
2025,Agri06_Biochar,DE1,0.0
2025,Agri06_Biochar,DE2,0.0
2025,Agri06_Biochar,DE3,0.0
2025,Agri06_Biochar,DE4,0.0
2025,Agri06_Biochar,DE5,0.0
2025,Agri06_Biochar,DE6,0.0
2025,Agri06_Biochar,DE7,0.0
2025,Agri06_Biochar,DE8,0.0
2025,Agri06_Biochar,DE9,0.0
2025,Agri06_Biochar,DEA,0.0
2025,Agri06_Biochar,DEB,0.0
2025,Agri06_Biochar,DEC,0.0
2025,Agri06_Biochar,DEE,0.0
2025,Agri06_Biochar,DED,0.0
2025,Agri06_Biochar,DEF,0.0
2025,Agri06_Biochar,DEG,0.0
2026,Agri01_AGC,DE1,0.0
2026,Agri01_AGC,DE2,0.0
2026,Agri01_AGC,DE3,0.0
2026,Agri01_AGC,DE4,0.0
2026,Agri01_AGC,DE5,0.0
2026,Agri01_AGC,DE6,0.0
2026,Agri01_AGC,DE7,0.0
2026,Agri01_AGC,DE8,0.0
2026,Agri01_AGC,DE9,0.0
2026,Agri01_AGC,DEA,0.0
2026,Agri01_AGC,DEB,0.0
2026,Agri01_AGC,DEC,0.0
2026,Agri01_AGC,DEE,0.0
2026,Agri01_AGC,DED,0.0
2026,Agri01_AGC,DEF,0.0
2026,Agri01_AGC,DEG,0.0
2026,Agri02_OFC,DE1,0.0
2026,Agri02_OFC,DE2,0.0
2026,Agri02_OFC,DE3,0.0
2026,Agri02_OFC,DE4,0.0
2026,Agri02_OFC,DE5,0.0
2026,Agri02_OFC,DE6,0.0
2026,Agri02_OFC,DE7,0.0
2026,Agri02_OFC,DE8,0.0
2026,Agri02_OFC,DE9,0.0
2026,Agri02_OFC,DEA,0.0
2026,Agri02_OFC,DEB,0.0
2026,Agri02_OFC,DEC,0.0
2026,Agri02_OFC,DEE,0.0
2026,Agri02_OFC,DED,0.0
2026,Agri02_OFC,DEF,0.0
2026,Agri02_OFC,DEG,0.0
2026,Agri03_No-till,DE1,0.0
2026,Agri03_No-till,DE2,0.0
2026,Agri03_No-till,DE3,0.0
2026,Agri03_No-till,DE4,0.0
2026,Agri03_No-till,DE5,0.0
2026,Agri03_No-till,DE6,0.0
2026,Agri03_No-till,DE7,0.0
2026,Agri03_No-till,DE8,0.0
2026,Agri03_No-till,DE9,0.0
2026,Agri03_No-till,DEA,0.0
2026,Agri03_No-till,DEB,0.0
2026,Agri03_No-till,DEC,0.0
2026,Agri03_No-till,DEE,0.0
2026,Agri03_No-till,DED,0.0
2026,Agri03_No-till,DEF,0.0
2026,Agri03_No-till,DEG,0.0
2026,Agri04_toGrassland,DE1,0.0
2026,Agri04_toGrassland,DE2,0.0
2026,Agri04_toGrassland,DE3,0.0
2026,Agri04_toGrassland,DE4,0.0
2026,Agri04_toGrassland,DE5,0.0
2026,Agri04_toGrassland,DE6,0.0
2026,Agri04_toGrassland,DE7,0.0
2026,Agri04_toGrassland,DE8,0.0
2026,Agri04_toGrassland,DE9,0.0
2026,Agri04_toGrassland,DEA,0.0
2026,Agri04_toGrassland,DEB,0.0
2026,Agri04_toGrassland,DEC,0.0
2026,Agri04_toGrassland,DEE,0.0
2026,Agri04_toGrassland,DED,0.0
2026,Agri04_toGrassland,DEF,0.0
2026,Agri04_toGrassland,DEG,0.0
2026,Agri05_Agroforestry,DE1,81055.84913368002
2026,Agri05_Agroforestry,DE2,125558.09072098981
2026,Agri05_Agroforestry,DE3,1307.8725000000002
2026,Agri05_Agroforestry,DE4,78845.99863311234
2026,Agri05_Agroforestry,DE5,10736.907666666668
2026,Agri05_Agroforestry,DE6,2269.5354394759065
2026,Agri05_Agroforestry,DE7,27578.276750487476
2026,Agri05_Agroforestry,DE8,78733.65797849181
2026,Agri05_Agroforestry,DE9,110748.8576429233
2026,Agri05_Agroforestry,DEA,82263.54214574989
2026,Agri05_Agroforestry,DEB,49307.312306294654
2026,Agri05_Agroforestry,DEC,31424.354038286358
2026,Agri05_Agroforestry,DEE,60467.46181504223
2026,Agri05_Agroforestry,DED,52363.64811266136
2026,Agri05_Agroforestry,DEF,25936.918959819093
2026,Agri05_Agroforestry,DEG,20738.509910027668
2026,Agri06_Biochar,DE1,0.0
2026,Agri06_Biochar,DE2,0.0
2026,Agri06_Biochar,DE3,0.0
2026,Agri06_Biochar,DE4,0.0
2026,Agri06_Biochar,DE5,0.0
2026,Agri06_Biochar,DE6,0.0
2026,Agri06_Biochar,DE7,0.0
2026,Agri06_Biochar,DE8,0.0
2026,Agri06_Biochar,DE9,0.0
2026,Agri06_Biochar,DEA,0.0
2026,Agri06_Biochar,DEB,0.0
2026,Agri06_Biochar,DEC,0.0
2026,Agri06_Biochar,DEE,0.0
2026,Agri06_Biochar,DED,0.0
2026,Agri06_Biochar,DEF,0.0
2026,Agri06_Biochar,DEG,0.0
2027,Agri01_AGC,DE1,0.0
2027,Agri01_AGC,DE2,0.0
2027,Agri01_AGC,DE3,0.0
2027,Agri01_AGC,DE4,0.0
2027,Agri01_AGC,DE5,0.0
2027,Agri01_AGC,DE6,0.0
2027,Agri01_AGC,DE7,0.0
2027,Agri01_AGC,DE8,0.0
2027,Agri01_AGC,DE9,0.0
2027,Agri01_AGC,DEA,0.0
2027,Agri01_AGC,DEB,0.0
2027,Agri01_AGC,DEC,0.0
2027,Agri01_AGC,DEE,0.0
2027,Agri01_AGC,DED,0.0
2027,Agri01_AGC,DEF,0.0
2027,Agri01_AGC,DEG,0.0
2027,Agri02_OFC,DE1,0.0
2027,Agri02_OFC,DE2,0.0
2027,Agri02_OFC,DE3,0.0
2027,Agri02_OFC,DE4,0.0
2027,Agri02_OFC,DE5,0.0
2027,Agri02_OFC,DE6,0.0
2027,Agri02_OFC,DE7,0.0
2027,Agri02_OFC,DE8,0.0
2027,Agri02_OFC,DE9,0.0
2027,Agri02_OFC,DEA,0.0
2027,Agri02_OFC,DEB,0.0
2027,Agri02_OFC,DEC,0.0
2027,Agri02_OFC,DEE,0.0
2027,Agri02_OFC,DED,0.0
2027,Agri02_OFC,DEF,0.0
2027,Agri02_OFC,DEG,0.0
2027,Agri03_No-till,DE1,0.0
2027,Agri03_No-till,DE2,0.0
2027,Agri03_No-till,DE3,0.0
2027,Agri03_No-till,DE4,0.0
2027,Agri03_No-till,DE5,0.0
2027,Agri03_No-till,DE6,0.0
2027,Agri03_No-till,DE7,0.0
2027,Agri03_No-till,DE8,0.0
2027,Agri03_No-till,DE9,0.0
2027,Agri03_No-till,DEA,0.0
2027,Agri03_No-till,DEB,0.0
2027,Agri03_No-till,DEC,0.0
2027,Agri03_No-till,DEE,0.0
2027,Agri03_No-till,DED,0.0
2027,Agri03_No-till,DEF,0.0
2027,Agri03_No-till,DEG,0.0
2027,Agri04_toGrassland,DE1,0.0
2027,Agri04_toGrassland,DE2,0.0
2027,Agri04_toGrassland,DE3,0.0
2027,Agri04_toGrassland,DE4,0.0
2027,Agri04_toGrassland,DE5,0.0
2027,Agri04_toGrassland,DE6,0.0
2027,Agri04_toGrassland,DE7,0.0
2027,Agri04_toGrassland,DE8,0.0
2027,Agri04_toGrassland,DE9,0.0
2027,Agri04_toGrassland,DEA,0.0
2027,Agri04_toGrassland,DEB,0.0
2027,Agri04_toGrassland,DEC,0.0
2027,Agri04_toGrassland,DEE,0.0
2027,Agri04_toGrassland,DED,0.0
2027,Agri04_toGrassland,DEF,0.0
2027,Agri04_toGrassland,DEG,0.0
2027,Agri05_Agroforestry,DE1,103881.4824008868
2027,Agri05_Agroforestry,DE2,154856.7773099871
2027,Agri05_Agroforestry,DE3,1307.8725000000002
2027,Agri05_Agroforestry,DE4,102109.90269353305
2027,Agri05_Agroforestry,DE5,10736.907666666668
2027,Agri05_Agroforestry,DE6,3074.161301395198
2027,Agri05_Agroforestry,DE7,33212.955055967774
2027,Agri05_Agroforestry,DE8,101098.33023636263
2027,Agri05_Agroforestry,DE9,137770.28621562055
2027,Agri05_Agroforestry,DEA,105141.65210067644
2027,Agri05_Agroforestry,DEB,64040.91944530416
2027,Agri05_Agroforestry,DEC,43463.57279683829
2027,Agri05_Agroforestry,DEE,77002.11544893625
2027,Agri05_Agroforestry,DED,67614.69414457395
2027,Agri05_Agroforestry,DEF,29713.436646178652
2027,Agri05_Agroforestry,DEG,23758.89537096302
2027,Agri06_Biochar,DE1,0.0
2027,Agri06_Biochar,DE2,0.0
2027,Agri06_Biochar,DE3,0.0
2027,Agri06_Biochar,DE4,0.0
2027,Agri06_Biochar,DE5,0.0
2027,Agri06_Biochar,DE6,0.0
2027,Agri06_Biochar,DE7,0.0
2027,Agri06_Biochar,DE8,0.0
2027,Agri06_Biochar,DE9,0.0
2027,Agri06_Biochar,DEA,0.0
2027,Agri06_Biochar,DEB,0.0
2027,Agri06_Biochar,DEC,0.0
2027,Agri06_Biochar,DEE,0.0
2027,Agri06_Biochar,DED,0.0
2027,Agri06_Biochar,DEF,0.0
2027,Agri06_Biochar,DEG,0.0
2028,Agri01_AGC,DE1,0.0
2028,Agri01_AGC,DE2,0.0
2028,Agri01_AGC,DE3,0.0
2028,Agri01_AGC,DE4,0.0
2028,Agri01_AGC,DE5,0.0
2028,Agri01_AGC,DE6,0.0
2028,Agri01_AGC,DE7,0.0
2028,Agri01_AGC,DE8,0.0
2028,Agri01_AGC,DE9,0.0
2028,Agri01_AGC,DEA,0.0
2028,Agri01_AGC,DEB,0.0
2028,Agri01_AGC,DEC,0.0
2028,Agri01_AGC,DEE,0.0
2028,Agri01_AGC,DED,0.0
2028,Agri01_AGC,DEF,0.0
2028,Agri01_AGC,DEG,0.0
2028,Agri02_OFC,DE1,0.0
2028,Agri02_OFC,DE2,0.0
2028,Agri02_OFC,DE3,0.0
2028,Agri02_OFC,DE4,0.0
2028,Agri02_OFC,DE5,0.0
2028,Agri02_OFC,DE6,0.0
2028,Agri02_OFC,DE7,0.0
2028,Agri02_OFC,DE8,0.0
2028,Agri02_OFC,DE9,0.0
2028,Agri02_OFC,DEA,0.0
2028,Agri02_OFC,DEB,0.0
2028,Agri02_OFC,DEC,0.0
2028,Agri02_OFC,DEE,0.0
2028,Agri02_OFC,DED,0.0
2028,Agri02_OFC,DEF,0.0
2028,Agri02_OFC,DEG,0.0
2028,Agri03_No-till,DE1,0.0
2028,Agri03_No-till,DE2,0.0
2028,Agri03_No-till,DE3,0.0
2028,Agri03_No-till,DE4,0.0
2028,Agri03_No-till,DE5,0.0
2028,Agri03_No-till,DE6,0.0
2028,Agri03_No-till,DE7,0.0
2028,Agri03_No-till,DE8,0.0
2028,Agri03_No-till,DE9,0.0
2028,Agri03_No-till,DEA,0.0
2028,Agri03_No-till,DEB,0.0
2028,Agri03_No-till,DEC,0.0
2028,Agri03_No-till,DEE,0.0
2028,Agri03_No-till,DED,0.0
2028,Agri03_No-till,DEF,0.0
2028,Agri03_No-till,DEG,0.0
2028,Agri04_toGrassland,DE1,0.0
2028,Agri04_toGrassland,DE2,0.0
2028,Agri04_toGrassland,DE3,0.0
2028,Agri04_toGrassland,DE4,0.0
2028,Agri04_toGrassland,DE5,0.0
2028,Agri04_toGrassland,DE6,0.0
2028,Agri04_toGrassland,DE7,0.0
2028,Agri04_toGrassland,DE8,0.0
2028,Agri04_toGrassland,DE9,0.0
2028,Agri04_toGrassland,DEA,0.0
2028,Agri04_toGrassland,DEB,0.0
2028,Agri04_toGrassland,DEC,0.0
2028,Agri04_toGrassland,DEE,0.0
2028,Agri04_toGrassland,DED,0.0
2028,Agri04_toGrassland,DEF,0.0
2028,Agri04_toGrassland,DEG,0.0
2028,Agri05_Agroforestry,DE1,129368.92283331075
2028,Agri05_Agroforestry,DE2,186547.56050912695
2028,Agri05_Agroforestry,DE3,1307.8725000000002
2028,Agri05_Agroforestry,DE4,128266.065122021
2028,Agri05_Agroforestry,DE5,10736.907666666668
2028,Agri05_Agroforestry,DE6,4000.6071505544814
2028,Agri05_Agroforestry,DE7,39144.29017489543
2028,Agri05_Agroforestry,DE8,126103.68704512552
2028,Agri05_Agroforestry,DE9,167238.36782609206
2028,Agri05_Agroforestry,DEA,130639.05336911773
2028,Agri05_Agroforestry,DEB,80636.16137134995
2028,Agri05_Agroforestry,DEC,47840.52216666668
2028,Agri05_Agroforestry,DEE,95381.55289179798
2028,Agri05_Agroforestry,DED,84729.67484690627
2028,Agri05_Agroforestry,DEF,33333.86800674479
2028,Agri05_Agroforestry,DEG,26654.70001549763
2028,Agri06_Biochar,DE1,0.0
2028,Agri06_Biochar,DE2,0.0
2028,Agri06_Biochar,DE3,0.0
2028,Agri06_Biochar,DE4,0.0
2028,Agri06_Biochar,DE5,0.0
2028,Agri06_Biochar,DE6,0.0
2028,Agri06_Biochar,DE7,0.0
2028,Agri06_Biochar,DE8,0.0
2028,Agri06_Biochar,DE9,0.0
2028,Agri06_Biochar,DEA,0.0
2028,Agri06_Biochar,DEB,0.0
2028,Agri06_Biochar,DEC,0.0
2028,Agri06_Biochar,DEE,0.0
2028,Agri06_Biochar,DED,0.0
2028,Agri06_Biochar,DEF,0.0
2028,Agri06_Biochar,DEG,0.0
2029,Agri01_AGC,DE1,0.0
2029,Agri01_AGC,DE2,0.0
2029,Agri01_AGC,DE3,0.0
2029,Agri01_AGC,DE4,0.0
2029,Agri01_AGC,DE5,0.0
2029,Agri01_AGC,DE6,0.0
2029,Agri01_AGC,DE7,0.0
2029,Agri01_AGC,DE8,0.0
2029,Agri01_AGC,DE9,0.0
2029,Agri01_AGC,DEA,0.0
2029,Agri01_AGC,DEB,0.0
2029,Agri01_AGC,DEC,0.0
2029,Agri01_AGC,DEE,0.0
2029,Agri01_AGC,DED,0.0
2029,Agri01_AGC,DEF,0.0
2029,Agri01_AGC,DEG,0.0
2029,Agri02_OFC,DE1,0.0
2029,Agri02_OFC,DE2,0.0
2029,Agri02_OFC,DE3,0.0
2029,Agri02_OFC,DE4,0.0
2029,Agri02_OFC,DE5,0.0
2029,Agri02_OFC,DE6,0.0
2029,Agri02_OFC,DE7,0.0
2029,Agri02_OFC,DE8,0.0
2029,Agri02_OFC,DE9,0.0
2029,Agri02_OFC,DEA,0.0
2029,Agri02_OFC,DEB,0.0
2029,Agri02_OFC,DEC,0.0
2029,Agri02_OFC,DEE,0.0
2029,Agri02_OFC,DED,0.0
2029,Agri02_OFC,DEF,0.0
2029,Agri02_OFC,DEG,0.0
2029,Agri03_No-till,DE1,0.0
2029,Agri03_No-till,DE2,0.0
2029,Agri03_No-till,DE3,0.0
2029,Agri03_No-till,DE4,0.0
2029,Agri03_No-till,DE5,0.0
2029,Agri03_No-till,DE6,0.0
2029,Agri03_No-till,DE7,0.0
2029,Agri03_No-till,DE8,0.0
2029,Agri03_No-till,DE9,0.0
2029,Agri03_No-till,DEA,0.0
2029,Agri03_No-till,DEB,0.0
2029,Agri03_No-till,DEC,0.0
2029,Agri03_No-till,DEE,0.0
2029,Agri03_No-till,DED,0.0
2029,Agri03_No-till,DEF,0.0
2029,Agri03_No-till,DEG,0.0
2029,Agri04_toGrassland,DE1,0.0
2029,Agri04_toGrassland,DE2,0.0
2029,Agri04_toGrassland,DE3,0.0
2029,Agri04_toGrassland,DE4,0.0
2029,Agri04_toGrassland,DE5,0.0
2029,Agri04_toGrassland,DE6,0.0
2029,Agri04_toGrassland,DE7,0.0
2029,Agri04_toGrassland,DE8,0.0
2029,Agri04_toGrassland,DE9,0.0
2029,Agri04_toGrassland,DEA,0.0
2029,Agri04_toGrassland,DEB,0.0
2029,Agri04_toGrassland,DEC,0.0
2029,Agri04_toGrassland,DEE,0.0
2029,Agri04_toGrassland,DED,0.0
2029,Agri04_toGrassland,DEF,0.0
2029,Agri04_toGrassland,DEG,0.0
2029,Agri05_Agroforestry,DE1,157518.17043095184
2029,Agri05_Agroforestry,DE2,220630.44031840935
2029,Agri05_Agroforestry,DE3,1307.8725000000002
2029,Agri05_Agroforestry,DE4,157314.48591857622
2029,Agri05_Agroforestry,DE5,10736.907666666668
2029,Agri05_Agroforestry,DE6,5048.872986953757
2029,Agri05_Agroforestry,DE7,45372.28210727043
2029,Agri05_Agroforestry,DE8,153749.72840478047
2029,Agri05_Agroforestry,DE9,199153.10247433785
2029,Agri05_Agroforestry,DEA,158755.74595107374
2029,Agri05_Agroforestry,DEB,99093.03808443208
2029,Agri05_Agroforestry,DEC,47840.52216666668
2029,Agri05_Agroforestry,DEE,115605.77414362742
2029,Agri05_Agroforestry,DED,103708.59021965832
2029,Agri05_Agroforestry,DEF,36798.21304151752
2029,Agri05_Agroforestry,DEG,29425.923843631503
2029,Agri06_Biochar,DE1,0.0
2029,Agri06_Biochar,DE2,0.0
2029,Agri06_Biochar,DE3,0.0
2029,Agri06_Biochar,DE4,0.0
2029,Agri06_Biochar,DE5,0.0
2029,Agri06_Biochar,DE6,0.0
2029,Agri06_Biochar,DE7,0.0
2029,Agri06_Biochar,DE8,0.0
2029,Agri06_Biochar,DE9,0.0
2029,Agri06_Biochar,DEA,0.0
2029,Agri06_Biochar,DEB,0.0
2029,Agri06_Biochar,DEC,0.0
2029,Agri06_Biochar,DEE,0.0
2029,Agri06_Biochar,DED,0.0
2029,Agri06_Biochar,DEF,0.0
2029,Agri06_Biochar,DEG,0.0
2030,Agri01_AGC,DE1,0.0
2030,Agri01_AGC,DE2,0.0
2030,Agri01_AGC,DE3,0.0
2030,Agri01_AGC,DE4,0.0
2030,Agri01_AGC,DE5,0.0
2030,Agri01_AGC,DE6,0.0
2030,Agri01_AGC,DE7,0.0
2030,Agri01_AGC,DE8,0.0
2030,Agri01_AGC,DE9,0.0
2030,Agri01_AGC,DEA,0.0
2030,Agri01_AGC,DEB,0.0
2030,Agri01_AGC,DEC,0.0
2030,Agri01_AGC,DEE,0.0
2030,Agri01_AGC,DED,0.0
2030,Agri01_AGC,DEF,0.0
2030,Agri01_AGC,DEG,0.0
2030,Agri02_OFC,DE1,0.0
2030,Agri02_OFC,DE2,0.0
2030,Agri02_OFC,DE3,0.0
2030,Agri02_OFC,DE4,0.0
2030,Agri02_OFC,DE5,0.0
2030,Agri02_OFC,DE6,0.0
2030,Agri02_OFC,DE7,0.0
2030,Agri02_OFC,DE8,0.0
2030,Agri02_OFC,DE9,0.0
2030,Agri02_OFC,DEA,0.0
2030,Agri02_OFC,DEB,0.0
2030,Agri02_OFC,DEC,0.0
2030,Agri02_OFC,DEE,0.0
2030,Agri02_OFC,DED,0.0
2030,Agri02_OFC,DEF,0.0
2030,Agri02_OFC,DEG,0.0
2030,Agri03_No-till,DE1,0.0
2030,Agri03_No-till,DE2,0.0
2030,Agri03_No-till,DE3,0.0
2030,Agri03_No-till,DE4,0.0
2030,Agri03_No-till,DE5,0.0
2030,Agri03_No-till,DE6,0.0
2030,Agri03_No-till,DE7,0.0
2030,Agri03_No-till,DE8,0.0
2030,Agri03_No-till,DE9,0.0
2030,Agri03_No-till,DEA,0.0
2030,Agri03_No-till,DEB,0.0
2030,Agri03_No-till,DEC,0.0
2030,Agri03_No-till,DEE,0.0
2030,Agri03_No-till,DED,0.0
2030,Agri03_No-till,DEF,0.0
2030,Agri03_No-till,DEG,0.0
2030,Agri04_toGrassland,DE1,0.0
2030,Agri04_toGrassland,DE2,0.0
2030,Agri04_toGrassland,DE3,0.0
2030,Agri04_toGrassland,DE4,0.0
2030,Agri04_toGrassland,DE5,0.0
2030,Agri04_toGrassland,DE6,0.0
2030,Agri04_toGrassland,DE7,0.0
2030,Agri04_toGrassland,DE8,0.0
2030,Agri04_toGrassland,DE9,0.0
2030,Agri04_toGrassland,DEA,0.0
2030,Agri04_toGrassland,DEB,0.0
2030,Agri04_toGrassland,DEC,0.0
2030,Agri04_toGrassland,DEE,0.0
2030,Agri04_toGrassland,DED,0.0
2030,Agri04_toGrassland,DEF,0.0
2030,Agri04_toGrassland,DEG,0.0
2030,Agri05_Agroforestry,DE1,188329.22519381013
2030,Agri05_Agroforestry,DE2,257105.41673783434
2030,Agri05_Agroforestry,DE3,1307.8725000000002
2030,Agri05_Agroforestry,DE4,189255.16508319866
2030,Agri05_Agroforestry,DE5,10736.907666666668
2030,Agri05_Agroforestry,DE6,6218.958810593026
2030,Agri05_Agroforestry,DE7,51896.93085309278
2030,Agri05_Agroforestry,DE8,184036.4543153275
2030,Agri05_Agroforestry,DE9,233514.49016035793
2030,Agri05_Agroforestry,DEA,189491.7298465445
2030,Agri05_Agroforestry,DEB,119411.54958455049
2030,Agri05_Agroforestry,DEC,47840.52216666668
2030,Agri05_Agroforestry,DEE,137674.77920442456
2030,Agri05_Agroforestry,DED,124551.44026283009
2030,Agri05_Agroforestry,DEF,40106.47175049683
2030,Agri05_Agroforestry,DEG,32072.566855364632
2030,Agri06_Biochar,DE1,0.0
2030,Agri06_Biochar,DE2,0.0
2030,Agri06_Biochar,DE3,0.0
2030,Agri06_Biochar,DE4,0.0
2030,Agri06_Biochar,DE5,0.0
2030,Agri06_Biochar,DE6,0.0
2030,Agri06_Biochar,DE7,0.0
2030,Agri06_Biochar,DE8,0.0
2030,Agri06_Biochar,DE9,0.0
2030,Agri06_Biochar,DEA,0.0
2030,Agri06_Biochar,DEB,0.0
2030,Agri06_Biochar,DEC,0.0
2030,Agri06_Biochar,DEE,0.0
2030,Agri06_Biochar,DED,0.0
2030,Agri06_Biochar,DEF,0.0
2030,Agri06_Biochar,DEG,0.0
2031,Agri01_AGC,DE1,0.0
2031,Agri01_AGC,DE2,0.0
2031,Agri01_AGC,DE3,0.0
2031,Agri01_AGC,DE4,0.0
2031,Agri01_AGC,DE5,0.0
2031,Agri01_AGC,DE6,0.0
2031,Agri01_AGC,DE7,0.0
2031,Agri01_AGC,DE8,0.0
2031,Agri01_AGC,DE9,0.0
2031,Agri01_AGC,DEA,0.0
2031,Agri01_AGC,DEB,0.0
2031,Agri01_AGC,DEC,0.0
2031,Agri01_AGC,DEE,0.0
2031,Agri01_AGC,DED,0.0
2031,Agri01_AGC,DEF,0.0
2031,Agri01_AGC,DEG,0.0
2031,Agri02_OFC,DE1,0.0
2031,Agri02_OFC,DE2,0.0
2031,Agri02_OFC,DE3,0.0
2031,Agri02_OFC,DE4,0.0
2031,Agri02_OFC,DE5,0.0
2031,Agri02_OFC,DE6,0.0
2031,Agri02_OFC,DE7,0.0
2031,Agri02_OFC,DE8,0.0
2031,Agri02_OFC,DE9,0.0
2031,Agri02_OFC,DEA,0.0
2031,Agri02_OFC,DEB,0.0
2031,Agri02_OFC,DEC,0.0
2031,Agri02_OFC,DEE,0.0
2031,Agri02_OFC,DED,0.0
2031,Agri02_OFC,DEF,0.0
2031,Agri02_OFC,DEG,0.0
2031,Agri03_No-till,DE1,0.0
2031,Agri03_No-till,DE2,0.0
2031,Agri03_No-till,DE3,0.0
2031,Agri03_No-till,DE4,0.0
2031,Agri03_No-till,DE5,0.0
2031,Agri03_No-till,DE6,0.0
2031,Agri03_No-till,DE7,0.0
2031,Agri03_No-till,DE8,0.0
2031,Agri03_No-till,DE9,0.0
2031,Agri03_No-till,DEA,0.0
2031,Agri03_No-till,DEB,0.0
2031,Agri03_No-till,DEC,0.0
2031,Agri03_No-till,DEE,0.0
2031,Agri03_No-till,DED,0.0
2031,Agri03_No-till,DEF,0.0
2031,Agri03_No-till,DEG,0.0
2031,Agri04_toGrassland,DE1,0.0
2031,Agri04_toGrassland,DE2,0.0
2031,Agri04_toGrassland,DE3,0.0
2031,Agri04_toGrassland,DE4,0.0
2031,Agri04_toGrassland,DE5,0.0
2031,Agri04_toGrassland,DE6,0.0
2031,Agri04_toGrassland,DE7,0.0
2031,Agri04_toGrassland,DE8,0.0
2031,Agri04_toGrassland,DE9,0.0
2031,Agri04_toGrassland,DEA,0.0
2031,Agri04_toGrassland,DEB,0.0
2031,Agri04_toGrassland,DEC,0.0
2031,Agri04_toGrassland,DEE,0.0
2031,Agri04_toGrassland,DED,0.0
2031,Agri04_toGrassland,DEF,0.0
2031,Agri04_toGrassland,DEG,0.0
2031,Agri05_Agroforestry,DE1,221802.0871218856
2031,Agri05_Agroforestry,DE2,295972.4897674019
2031,Agri05_Agroforestry,DE3,1307.8725000000002
2031,Agri05_Agroforestry,DE4,224088.10261588832
2031,Agri05_Agroforestry,DE5,10736.907666666668
2031,Agri05_Agroforestry,DE6,7510.864621472287
2031,Agri05_Agroforestry,DE7,58718.23641236248
2031,Agri05_Agroforestry,DE8,216963.86477676654
2031,Agri05_Agroforestry,DE9,270322.5308841523
2031,Agri05_Agroforestry,DEA,222847.00505552997
2031,Agri05_Agroforestry,DEB,141591.69587170522
2031,Agri05_Agroforestry,DEC,47840.52216666668
2031,Agri05_Agroforestry,DEE,161588.56807418942
2031,Agri05_Agroforestry,DED,147258.22497642157
2031,Agri05_Agroforestry,DEF,43258.64413368273
2031,Agri05_Agroforestry,DEG,34594.629050697025
2031,Agri06_Biochar,DE1,0.0
2031,Agri06_Biochar,DE2,0.0
2031,Agri06_Biochar,DE3,0.0
2031,Agri06_Biochar,DE4,0.0
2031,Agri06_Biochar,DE5,0.0
2031,Agri06_Biochar,DE6,0.0
2031,Agri06_Biochar,DE7,0.0
2031,Agri06_Biochar,DE8,0.0
2031,Agri06_Biochar,DE9,0.0
2031,Agri06_Biochar,DEA,0.0
2031,Agri06_Biochar,DEB,0.0
2031,Agri06_Biochar,DEC,0.0
2031,Agri06_Biochar,DEE,0.0
2031,Agri06_Biochar,DED,0.0
2031,Agri06_Biochar,DEF,0.0
2031,Agri06_Biochar,DEG,0.0
2032,Agri01_AGC,DE1,0.0
2032,Agri01_AGC,DE2,0.0
2032,Agri01_AGC,DE3,0.0
2032,Agri01_AGC,DE4,0.0
2032,Agri01_AGC,DE5,0.0
2032,Agri01_AGC,DE6,0.0
2032,Agri01_AGC,DE7,0.0
2032,Agri01_AGC,DE8,0.0
2032,Agri01_AGC,DE9,0.0
2032,Agri01_AGC,DEA,0.0
2032,Agri01_AGC,DEB,0.0
2032,Agri01_AGC,DEC,0.0
2032,Agri01_AGC,DEE,0.0
2032,Agri01_AGC,DED,0.0
2032,Agri01_AGC,DEF,0.0
2032,Agri01_AGC,DEG,0.0
2032,Agri02_OFC,DE1,0.0
2032,Agri02_OFC,DE2,0.0
2032,Agri02_OFC,DE3,0.0
2032,Agri02_OFC,DE4,0.0
2032,Agri02_OFC,DE5,0.0
2032,Agri02_OFC,DE6,0.0
2032,Agri02_OFC,DE7,0.0
2032,Agri02_OFC,DE8,0.0
2032,Agri02_OFC,DE9,0.0
2032,Agri02_OFC,DEA,0.0
2032,Agri02_OFC,DEB,0.0
2032,Agri02_OFC,DEC,0.0
2032,Agri02_OFC,DEE,0.0
2032,Agri02_OFC,DED,0.0
2032,Agri02_OFC,DEF,0.0
2032,Agri02_OFC,DEG,0.0
2032,Agri03_No-till,DE1,0.0
2032,Agri03_No-till,DE2,0.0
2032,Agri03_No-till,DE3,0.0
2032,Agri03_No-till,DE4,0.0
2032,Agri03_No-till,DE5,0.0
2032,Agri03_No-till,DE6,0.0
2032,Agri03_No-till,DE7,0.0
2032,Agri03_No-till,DE8,0.0
2032,Agri03_No-till,DE9,0.0
2032,Agri03_No-till,DEA,0.0
2032,Agri03_No-till,DEB,0.0
2032,Agri03_No-till,DEC,0.0
2032,Agri03_No-till,DEE,0.0
2032,Agri03_No-till,DED,0.0
2032,Agri03_No-till,DEF,0.0
2032,Agri03_No-till,DEG,0.0
2032,Agri04_toGrassland,DE1,0.0
2032,Agri04_toGrassland,DE2,0.0
2032,Agri04_toGrassland,DE3,0.0
2032,Agri04_toGrassland,DE4,0.0
2032,Agri04_toGrassland,DE5,0.0
2032,Agri04_toGrassland,DE6,0.0
2032,Agri04_toGrassland,DE7,0.0
2032,Agri04_toGrassland,DE8,0.0
2032,Agri04_toGrassland,DE9,0.0
2032,Agri04_toGrassland,DEA,0.0
2032,Agri04_toGrassland,DEB,0.0
2032,Agri04_toGrassland,DEC,0.0
2032,Agri04_toGrassland,DEE,0.0
2032,Agri04_toGrassland,DED,0.0
2032,Agri04_toGrassland,DEF,0.0
2032,Agri04_toGrassland,DEG,0.0
2032,Agri05_Agroforestry,DE1,257936.75621517817
2032,Agri05_Agroforestry,DE2,337231.659407112
2032,Agri05_Agroforestry,DE3,1307.8725000000002
2032,Agri05_Agroforestry,DE4,261813.29851664524
2032,Agri05_Agroforestry,DE5,10736.907666666668
2032,Agri05_Agroforestry,DE6,8691.746166666666
2032,Agri05_Agroforestry,DE7,65836.19878507953
2032,Agri05_Agroforestry,DE8,252531.95978909763
2032,Agri05_Agroforestry,DE9,309577.22464572097
2032,Agri05_Agroforestry,DEA,258821.57157803018
2032,Agri05_Agroforestry,DEB,165633.47694589625
2032,Agri05_Agroforestry,DEC,47840.52216666668
2032,Agri05_Agroforestry,DEE,187347.140752922
2032,Agri05_Agroforestry,DED,171828.9443604328
2032,Agri05_Agroforestry,DEF,46254.73019107521
2032,Agri05_Agroforestry,DEG,36992.11042962867
2032,Agri06_Biochar,DE1,0.0
2032,Agri06_Biochar,DE2,0.0
2032,Agri06_Biochar,DE3,0.0
2032,Agri06_Biochar,DE4,0.0
2032,Agri06_Biochar,DE5,0.0
2032,Agri06_Biochar,DE6,0.0
2032,Agri06_Biochar,DE7,0.0
2032,Agri06_Biochar,DE8,0.0
2032,Agri06_Biochar,DE9,0.0
2032,Agri06_Biochar,DEA,0.0
2032,Agri06_Biochar,DEB,0.0
2032,Agri06_Biochar,DEC,0.0
2032,Agri06_Biochar,DEE,0.0
2032,Agri06_Biochar,DED,0.0
2032,Agri06_Biochar,DEF,0.0
2032,Agri06_Biochar,DEG,0.0
2033,Agri01_AGC,DE1,0.0
2033,Agri01_AGC,DE2,0.0
2033,Agri01_AGC,DE3,0.0
2033,Agri01_AGC,DE4,0.0
2033,Agri01_AGC,DE5,0.0
2033,Agri01_AGC,DE6,0.0
2033,Agri01_AGC,DE7,0.0
2033,Agri01_AGC,DE8,0.0
2033,Agri01_AGC,DE9,0.0
2033,Agri01_AGC,DEA,0.0
2033,Agri01_AGC,DEB,0.0
2033,Agri01_AGC,DEC,0.0
2033,Agri01_AGC,DEE,0.0
2033,Agri01_AGC,DED,0.0
2033,Agri01_AGC,DEF,0.0
2033,Agri01_AGC,DEG,0.0
2033,Agri02_OFC,DE1,0.0
2033,Agri02_OFC,DE2,0.0
2033,Agri02_OFC,DE3,0.0
2033,Agri02_OFC,DE4,0.0
2033,Agri02_OFC,DE5,0.0
2033,Agri02_OFC,DE6,0.0
2033,Agri02_OFC,DE7,0.0
2033,Agri02_OFC,DE8,0.0
2033,Agri02_OFC,DE9,0.0
2033,Agri02_OFC,DEA,0.0
2033,Agri02_OFC,DEB,0.0
2033,Agri02_OFC,DEC,0.0
2033,Agri02_OFC,DEE,0.0
2033,Agri02_OFC,DED,0.0
2033,Agri02_OFC,DEF,0.0
2033,Agri02_OFC,DEG,0.0
2033,Agri03_No-till,DE1,0.0
2033,Agri03_No-till,DE2,0.0
2033,Agri03_No-till,DE3,0.0
2033,Agri03_No-till,DE4,0.0
2033,Agri03_No-till,DE5,0.0
2033,Agri03_No-till,DE6,0.0
2033,Agri03_No-till,DE7,0.0
2033,Agri03_No-till,DE8,0.0
2033,Agri03_No-till,DE9,0.0
2033,Agri03_No-till,DEA,0.0
2033,Agri03_No-till,DEB,0.0
2033,Agri03_No-till,DEC,0.0
2033,Agri03_No-till,DEE,0.0
2033,Agri03_No-till,DED,0.0
2033,Agri03_No-till,DEF,0.0
2033,Agri03_No-till,DEG,0.0
2033,Agri04_toGrassland,DE1,0.0
2033,Agri04_toGrassland,DE2,0.0
2033,Agri04_toGrassland,DE3,0.0
2033,Agri04_toGrassland,DE4,0.0
2033,Agri04_toGrassland,DE5,0.0
2033,Agri04_toGrassland,DE6,0.0
2033,Agri04_toGrassland,DE7,0.0
2033,Agri04_toGrassland,DE8,0.0
2033,Agri04_toGrassland,DE9,0.0
2033,Agri04_toGrassland,DEA,0.0
2033,Agri04_toGrassland,DEB,0.0
2033,Agri04_toGrassland,DEC,0.0
2033,Agri04_toGrassland,DEE,0.0
2033,Agri04_toGrassland,DED,0.0
2033,Agri04_toGrassland,DEF,0.0
2033,Agri04_toGrassland,DEG,0.0
2033,Agri05_Agroforestry,DE1,296733.23247368797
2033,Agri05_Agroforestry,DE2,380882.92565696465
2033,Agri05_Agroforestry,DE3,1307.8725000000002
2033,Agri05_Agroforestry,DE4,302430.7527854694
2033,Agri05_Agroforestry,DE5,10736.907666666668
2033,Agri05_Agroforestry,DE6,8691.746166666666
2033,Agri05_Agroforestry,DE7,73250.81797124393
2033,Agri05_Agroforestry,DE8,290740.7393523208
2033,Agri05_Agroforestry,DE9,351278.571445064
2033,Agri05_Agroforestry,DEA,297415.4294140451
2033,Agri05_Agroforestry,DEB,191536.89280712357
2033,Agri05_Agroforestry,DEC,47840.52216666668
2033,Agri05_Agroforestry,DEE,214950.49724062224
2033,Agri05_Agroforestry,DED,198263.59841486378
2033,Agri05_Agroforestry,DEF,49094.72992267427
2033,Agri05_Agroforestry,DEG,39265.01099215958
2033,Agri06_Biochar,DE1,0.0
2033,Agri06_Biochar,DE2,0.0
2033,Agri06_Biochar,DE3,0.0
2033,Agri06_Biochar,DE4,0.0
2033,Agri06_Biochar,DE5,0.0
2033,Agri06_Biochar,DE6,0.0
2033,Agri06_Biochar,DE7,0.0
2033,Agri06_Biochar,DE8,0.0
2033,Agri06_Biochar,DE9,0.0
2033,Agri06_Biochar,DEA,0.0
2033,Agri06_Biochar,DEB,0.0
2033,Agri06_Biochar,DEC,0.0
2033,Agri06_Biochar,DEE,0.0
2033,Agri06_Biochar,DED,0.0
2033,Agri06_Biochar,DEF,0.0
2033,Agri06_Biochar,DEG,0.0
2034,Agri01_AGC,DE1,0.0
2034,Agri01_AGC,DE2,0.0
2034,Agri01_AGC,DE3,0.0
2034,Agri01_AGC,DE4,0.0
2034,Agri01_AGC,DE5,0.0
2034,Agri01_AGC,DE6,0.0
2034,Agri01_AGC,DE7,0.0
2034,Agri01_AGC,DE8,0.0
2034,Agri01_AGC,DE9,0.0
2034,Agri01_AGC,DEA,0.0
2034,Agri01_AGC,DEB,0.0
2034,Agri01_AGC,DEC,0.0
2034,Agri01_AGC,DEE,0.0
2034,Agri01_AGC,DED,0.0
2034,Agri01_AGC,DEF,0.0
2034,Agri01_AGC,DEG,0.0
2034,Agri02_OFC,DE1,0.0
2034,Agri02_OFC,DE2,0.0
2034,Agri02_OFC,DE3,0.0
2034,Agri02_OFC,DE4,0.0
2034,Agri02_OFC,DE5,0.0
2034,Agri02_OFC,DE6,0.0
2034,Agri02_OFC,DE7,0.0
2034,Agri02_OFC,DE8,0.0
2034,Agri02_OFC,DE9,0.0
2034,Agri02_OFC,DEA,0.0
2034,Agri02_OFC,DEB,0.0
2034,Agri02_OFC,DEC,0.0
2034,Agri02_OFC,DEE,0.0
2034,Agri02_OFC,DED,0.0
2034,Agri02_OFC,DEF,0.0
2034,Agri02_OFC,DEG,0.0
2034,Agri03_No-till,DE1,0.0
2034,Agri03_No-till,DE2,0.0
2034,Agri03_No-till,DE3,0.0
2034,Agri03_No-till,DE4,0.0
2034,Agri03_No-till,DE5,0.0
2034,Agri03_No-till,DE6,0.0
2034,Agri03_No-till,DE7,0.0
2034,Agri03_No-till,DE8,0.0
2034,Agri03_No-till,DE9,0.0
2034,Agri03_No-till,DEA,0.0
2034,Agri03_No-till,DEB,0.0
2034,Agri03_No-till,DEC,0.0
2034,Agri03_No-till,DEE,0.0
2034,Agri03_No-till,DED,0.0
2034,Agri03_No-till,DEF,0.0
2034,Agri03_No-till,DEG,0.0
2034,Agri04_toGrassland,DE1,0.0
2034,Agri04_toGrassland,DE2,0.0
2034,Agri04_toGrassland,DE3,0.0
2034,Agri04_toGrassland,DE4,0.0
2034,Agri04_toGrassland,DE5,0.0
2034,Agri04_toGrassland,DE6,0.0
2034,Agri04_toGrassland,DE7,0.0
2034,Agri04_toGrassland,DE8,0.0
2034,Agri04_toGrassland,DE9,0.0
2034,Agri04_toGrassland,DEA,0.0
2034,Agri04_toGrassland,DEB,0.0
2034,Agri04_toGrassland,DEC,0.0
2034,Agri04_toGrassland,DEE,0.0
2034,Agri04_toGrassland,DED,0.0
2034,Agri04_toGrassland,DEF,0.0
2034,Agri04_toGrassland,DEG,0.0
2034,Agri05_Agroforestry,DE1,338191.51589741494
2034,Agri05_Agroforestry,DE2,426926.2885169599
2034,Agri05_Agroforestry,DE3,1307.8725000000002
2034,Agri05_Agroforestry,DE4,345940.46542236075
2034,Agri05_Agroforestry,DE5,10736.907666666668
2034,Agri05_Agroforestry,DE6,8691.746166666666
2034,Agri05_Agroforestry,DE7,80962.09397085567
2034,Agri05_Agroforestry,DE8,331590.203466436
2034,Agri05_Agroforestry,DE9,395426.5712821812
2034,Agri05_Agroforestry,DEA,338628.5785635748
2034,Agri05_Agroforestry,DEB,219301.9434553872
2034,Agri05_Agroforestry,DEC,47840.52216666668
2034,Agri05_Agroforestry,DEE,237338.16800000003
2034,Agri05_Agroforestry,DED,226562.18713971446
2034,Agri05_Agroforestry,DEF,51778.64332847992
2034,Agri05_Agroforestry,DEG,41413.33073828975
2034,Agri06_Biochar,DE1,0.0
2034,Agri06_Biochar,DE2,0.0
2034,Agri06_Biochar,DE3,0.0
2034,Agri06_Biochar,DE4,0.0
2034,Agri06_Biochar,DE5,0.0
2034,Agri06_Biochar,DE6,0.0
2034,Agri06_Biochar,DE7,0.0
2034,Agri06_Biochar,DE8,0.0
2034,Agri06_Biochar,DE9,0.0
2034,Agri06_Biochar,DEA,0.0
2034,Agri06_Biochar,DEB,0.0
2034,Agri06_Biochar,DEC,0.0
2034,Agri06_Biochar,DEE,0.0
2034,Agri06_Biochar,DED,0.0
2034,Agri06_Biochar,DEF,0.0
2034,Agri06_Biochar,DEG,0.0
2035,Agri01_AGC,DE1,0.0
2035,Agri01_AGC,DE2,0.0
2035,Agri01_AGC,DE3,0.0
2035,Agri01_AGC,DE4,0.0
2035,Agri01_AGC,DE5,0.0
2035,Agri01_AGC,DE6,0.0
2035,Agri01_AGC,DE7,0.0
2035,Agri01_AGC,DE8,0.0
2035,Agri01_AGC,DE9,0.0
2035,Agri01_AGC,DEA,0.0
2035,Agri01_AGC,DEB,0.0
2035,Agri01_AGC,DEC,0.0
2035,Agri01_AGC,DEE,0.0
2035,Agri01_AGC,DED,0.0
2035,Agri01_AGC,DEF,0.0
2035,Agri01_AGC,DEG,0.0
2035,Agri02_OFC,DE1,0.0
2035,Agri02_OFC,DE2,0.0
2035,Agri02_OFC,DE3,0.0
2035,Agri02_OFC,DE4,0.0
2035,Agri02_OFC,DE5,0.0
2035,Agri02_OFC,DE6,0.0
2035,Agri02_OFC,DE7,0.0
2035,Agri02_OFC,DE8,0.0
2035,Agri02_OFC,DE9,0.0
2035,Agri02_OFC,DEA,0.0
2035,Agri02_OFC,DEB,0.0
2035,Agri02_OFC,DEC,0.0
2035,Agri02_OFC,DEE,0.0
2035,Agri02_OFC,DED,0.0
2035,Agri02_OFC,DEF,0.0
2035,Agri02_OFC,DEG,0.0
2035,Agri03_No-till,DE1,0.0
2035,Agri03_No-till,DE2,0.0
2035,Agri03_No-till,DE3,0.0
2035,Agri03_No-till,DE4,0.0
2035,Agri03_No-till,DE5,0.0
2035,Agri03_No-till,DE6,0.0
2035,Agri03_No-till,DE7,0.0
2035,Agri03_No-till,DE8,0.0
2035,Agri03_No-till,DE9,0.0
2035,Agri03_No-till,DEA,0.0
2035,Agri03_No-till,DEB,0.0
2035,Agri03_No-till,DEC,0.0
2035,Agri03_No-till,DEE,0.0
2035,Agri03_No-till,DED,0.0
2035,Agri03_No-till,DEF,0.0
2035,Agri03_No-till,DEG,0.0
2035,Agri04_toGrassland,DE1,0.0
2035,Agri04_toGrassland,DE2,0.0
2035,Agri04_toGrassland,DE3,0.0
2035,Agri04_toGrassland,DE4,0.0
2035,Agri04_toGrassland,DE5,0.0
2035,Agri04_toGrassland,DE6,0.0
2035,Agri04_toGrassland,DE7,0.0
2035,Agri04_toGrassland,DE8,0.0
2035,Agri04_toGrassland,DE9,0.0
2035,Agri04_toGrassland,DEA,0.0
2035,Agri04_toGrassland,DEB,0.0
2035,Agri04_toGrassland,DEC,0.0
2035,Agri04_toGrassland,DEE,0.0
2035,Agri04_toGrassland,DED,0.0
2035,Agri04_toGrassland,DEF,0.0
2035,Agri04_toGrassland,DEG,0.0
2035,Agri05_Agroforestry,DE1,338191.51589741494
2035,Agri05_Agroforestry,DE2,426926.2885169599
2035,Agri05_Agroforestry,DE3,1307.8725000000002
2035,Agri05_Agroforestry,DE4,345940.46542236075
2035,Agri05_Agroforestry,DE5,10736.907666666668
2035,Agri05_Agroforestry,DE6,8691.746166666666
2035,Agri05_Agroforestry,DE7,80962.09397085567
2035,Agri05_Agroforestry,DE8,331590.203466436
2035,Agri05_Agroforestry,DE9,395426.5712821812
2035,Agri05_Agroforestry,DEA,338628.5785635748
2035,Agri05_Agroforestry,DEB,219301.9434553872
2035,Agri05_Agroforestry,DEC,47840.52216666668
2035,Agri05_Agroforestry,DEE,237338.16800000003
2035,Agri05_Agroforestry,DED,226562.18713971446
2035,Agri05_Agroforestry,DEF,51778.64332847992
2035,Agri05_Agroforestry,DEG,41413.33073828975
2035,Agri06_Biochar,DE1,0.0
2035,Agri06_Biochar,DE2,0.0
2035,Agri06_Biochar,DE3,0.0
2035,Agri06_Biochar,DE4,0.0
2035,Agri06_Biochar,DE5,0.0
2035,Agri06_Biochar,DE6,0.0
2035,Agri06_Biochar,DE7,0.0
2035,Agri06_Biochar,DE8,0.0
2035,Agri06_Biochar,DE9,0.0
2035,Agri06_Biochar,DEA,0.0
2035,Agri06_Biochar,DEB,0.0
2035,Agri06_Biochar,DEC,0.0
2035,Agri06_Biochar,DEE,0.0
2035,Agri06_Biochar,DED,0.0
2035,Agri06_Biochar,DEF,0.0
2035,Agri06_Biochar,DEG,0.0
2036,Agri01_AGC,DE1,0.0
2036,Agri01_AGC,DE2,0.0
2036,Agri01_AGC,DE3,0.0
2036,Agri01_AGC,DE4,0.0
2036,Agri01_AGC,DE5,0.0
2036,Agri01_AGC,DE6,0.0
2036,Agri01_AGC,DE7,0.0
2036,Agri01_AGC,DE8,0.0
2036,Agri01_AGC,DE9,0.0
2036,Agri01_AGC,DEA,0.0
2036,Agri01_AGC,DEB,0.0
2036,Agri01_AGC,DEC,0.0
2036,Agri01_AGC,DEE,0.0
2036,Agri01_AGC,DED,0.0
2036,Agri01_AGC,DEF,0.0
2036,Agri01_AGC,DEG,0.0
2036,Agri02_OFC,DE1,0.0
2036,Agri02_OFC,DE2,0.0
2036,Agri02_OFC,DE3,0.0
2036,Agri02_OFC,DE4,0.0
2036,Agri02_OFC,DE5,0.0
2036,Agri02_OFC,DE6,0.0
2036,Agri02_OFC,DE7,0.0
2036,Agri02_OFC,DE8,0.0
2036,Agri02_OFC,DE9,0.0
2036,Agri02_OFC,DEA,0.0
2036,Agri02_OFC,DEB,0.0
2036,Agri02_OFC,DEC,0.0
2036,Agri02_OFC,DEE,0.0
2036,Agri02_OFC,DED,0.0
2036,Agri02_OFC,DEF,0.0
2036,Agri02_OFC,DEG,0.0
2036,Agri03_No-till,DE1,0.0
2036,Agri03_No-till,DE2,0.0
2036,Agri03_No-till,DE3,0.0
2036,Agri03_No-till,DE4,0.0
2036,Agri03_No-till,DE5,0.0
2036,Agri03_No-till,DE6,0.0
2036,Agri03_No-till,DE7,0.0
2036,Agri03_No-till,DE8,0.0
2036,Agri03_No-till,DE9,0.0
2036,Agri03_No-till,DEA,0.0
2036,Agri03_No-till,DEB,0.0
2036,Agri03_No-till,DEC,0.0
2036,Agri03_No-till,DEE,0.0
2036,Agri03_No-till,DED,0.0
2036,Agri03_No-till,DEF,0.0
2036,Agri03_No-till,DEG,0.0
2036,Agri04_toGrassland,DE1,0.0
2036,Agri04_toGrassland,DE2,0.0
2036,Agri04_toGrassland,DE3,0.0
2036,Agri04_toGrassland,DE4,0.0
2036,Agri04_toGrassland,DE5,0.0
2036,Agri04_toGrassland,DE6,0.0
2036,Agri04_toGrassland,DE7,0.0
2036,Agri04_toGrassland,DE8,0.0
2036,Agri04_toGrassland,DE9,0.0
2036,Agri04_toGrassland,DEA,0.0
2036,Agri04_toGrassland,DEB,0.0
2036,Agri04_toGrassland,DEC,0.0
2036,Agri04_toGrassland,DEE,0.0
2036,Agri04_toGrassland,DED,0.0
2036,Agri04_toGrassland,DEF,0.0
2036,Agri04_toGrassland,DEG,0.0
2036,Agri05_Agroforestry,DE1,338191.51589741494
2036,Agri05_Agroforestry,DE2,426926.2885169599
2036,Agri05_Agroforestry,DE3,1307.8725000000002
2036,Agri05_Agroforestry,DE4,345940.46542236075
2036,Agri05_Agroforestry,DE5,10736.907666666668
2036,Agri05_Agroforestry,DE6,8691.746166666666
2036,Agri05_Agroforestry,DE7,80962.09397085567
2036,Agri05_Agroforestry,DE8,331590.203466436
2036,Agri05_Agroforestry,DE9,395426.5712821812
2036,Agri05_Agroforestry,DEA,338628.5785635748
2036,Agri05_Agroforestry,DEB,219301.9434553872
2036,Agri05_Agroforestry,DEC,47840.52216666668
2036,Agri05_Agroforestry,DEE,237338.16800000003
2036,Agri05_Agroforestry,DED,226562.18713971446
2036,Agri05_Agroforestry,DEF,51778.64332847992
2036,Agri05_Agroforestry,DEG,41413.33073828975
2036,Agri06_Biochar,DE1,0.0
2036,Agri06_Biochar,DE2,0.0
2036,Agri06_Biochar,DE3,0.0
2036,Agri06_Biochar,DE4,0.0
2036,Agri06_Biochar,DE5,0.0
2036,Agri06_Biochar,DE6,0.0
2036,Agri06_Biochar,DE7,0.0
2036,Agri06_Biochar,DE8,0.0
2036,Agri06_Biochar,DE9,0.0
2036,Agri06_Biochar,DEA,0.0
2036,Agri06_Biochar,DEB,0.0
2036,Agri06_Biochar,DEC,0.0
2036,Agri06_Biochar,DEE,0.0
2036,Agri06_Biochar,DED,0.0
2036,Agri06_Biochar,DEF,0.0
2036,Agri06_Biochar,DEG,0.0
2037,Agri01_AGC,DE1,0.0
2037,Agri01_AGC,DE2,0.0
2037,Agri01_AGC,DE3,0.0
2037,Agri01_AGC,DE4,0.0
2037,Agri01_AGC,DE5,0.0
2037,Agri01_AGC,DE6,0.0
2037,Agri01_AGC,DE7,0.0
2037,Agri01_AGC,DE8,0.0
2037,Agri01_AGC,DE9,0.0
2037,Agri01_AGC,DEA,0.0
2037,Agri01_AGC,DEB,0.0
2037,Agri01_AGC,DEC,0.0
2037,Agri01_AGC,DEE,0.0
2037,Agri01_AGC,DED,0.0
2037,Agri01_AGC,DEF,0.0
2037,Agri01_AGC,DEG,0.0
2037,Agri02_OFC,DE1,0.0
2037,Agri02_OFC,DE2,0.0
2037,Agri02_OFC,DE3,0.0
2037,Agri02_OFC,DE4,0.0
2037,Agri02_OFC,DE5,0.0
2037,Agri02_OFC,DE6,0.0
2037,Agri02_OFC,DE7,0.0
2037,Agri02_OFC,DE8,0.0
2037,Agri02_OFC,DE9,0.0
2037,Agri02_OFC,DEA,0.0
2037,Agri02_OFC,DEB,0.0
2037,Agri02_OFC,DEC,0.0
2037,Agri02_OFC,DEE,0.0
2037,Agri02_OFC,DED,0.0
2037,Agri02_OFC,DEF,0.0
2037,Agri02_OFC,DEG,0.0
2037,Agri03_No-till,DE1,0.0
2037,Agri03_No-till,DE2,0.0
2037,Agri03_No-till,DE3,0.0
2037,Agri03_No-till,DE4,0.0
2037,Agri03_No-till,DE5,0.0
2037,Agri03_No-till,DE6,0.0
2037,Agri03_No-till,DE7,0.0
2037,Agri03_No-till,DE8,0.0
2037,Agri03_No-till,DE9,0.0
2037,Agri03_No-till,DEA,0.0
2037,Agri03_No-till,DEB,0.0
2037,Agri03_No-till,DEC,0.0
2037,Agri03_No-till,DEE,0.0
2037,Agri03_No-till,DED,0.0
2037,Agri03_No-till,DEF,0.0
2037,Agri03_No-till,DEG,0.0
2037,Agri04_toGrassland,DE1,0.0
2037,Agri04_toGrassland,DE2,0.0
2037,Agri04_toGrassland,DE3,0.0
2037,Agri04_toGrassland,DE4,0.0
2037,Agri04_toGrassland,DE5,0.0
2037,Agri04_toGrassland,DE6,0.0
2037,Agri04_toGrassland,DE7,0.0
2037,Agri04_toGrassland,DE8,0.0
2037,Agri04_toGrassland,DE9,0.0
2037,Agri04_toGrassland,DEA,0.0
2037,Agri04_toGrassland,DEB,0.0
2037,Agri04_toGrassland,DEC,0.0
2037,Agri04_toGrassland,DEE,0.0
2037,Agri04_toGrassland,DED,0.0
2037,Agri04_toGrassland,DEF,0.0
2037,Agri04_toGrassland,DEG,0.0
2037,Agri05_Agroforestry,DE1,338191.51589741494
2037,Agri05_Agroforestry,DE2,426926.2885169599
2037,Agri05_Agroforestry,DE3,1307.8725000000002
2037,Agri05_Agroforestry,DE4,345940.46542236075
2037,Agri05_Agroforestry,DE5,10736.907666666668
2037,Agri05_Agroforestry,DE6,8691.746166666666
2037,Agri05_Agroforestry,DE7,80962.09397085567
2037,Agri05_Agroforestry,DE8,331590.203466436
2037,Agri05_Agroforestry,DE9,395426.5712821812
2037,Agri05_Agroforestry,DEA,338628.5785635748
2037,Agri05_Agroforestry,DEB,219301.9434553872
2037,Agri05_Agroforestry,DEC,47840.52216666668
2037,Agri05_Agroforestry,DEE,237338.16800000003
2037,Agri05_Agroforestry,DED,226562.18713971446
2037,Agri05_Agroforestry,DEF,51778.64332847992
2037,Agri05_Agroforestry,DEG,41413.33073828975
2037,Agri06_Biochar,DE1,0.0
2037,Agri06_Biochar,DE2,0.0
2037,Agri06_Biochar,DE3,0.0
2037,Agri06_Biochar,DE4,0.0
2037,Agri06_Biochar,DE5,0.0
2037,Agri06_Biochar,DE6,0.0
2037,Agri06_Biochar,DE7,0.0
2037,Agri06_Biochar,DE8,0.0
2037,Agri06_Biochar,DE9,0.0
2037,Agri06_Biochar,DEA,0.0
2037,Agri06_Biochar,DEB,0.0
2037,Agri06_Biochar,DEC,0.0
2037,Agri06_Biochar,DEE,0.0
2037,Agri06_Biochar,DED,0.0
2037,Agri06_Biochar,DEF,0.0
2037,Agri06_Biochar,DEG,0.0
2038,Agri01_AGC,DE1,0.0
2038,Agri01_AGC,DE2,0.0
2038,Agri01_AGC,DE3,0.0
2038,Agri01_AGC,DE4,0.0
2038,Agri01_AGC,DE5,0.0
2038,Agri01_AGC,DE6,0.0
2038,Agri01_AGC,DE7,0.0
2038,Agri01_AGC,DE8,0.0
2038,Agri01_AGC,DE9,0.0
2038,Agri01_AGC,DEA,0.0
2038,Agri01_AGC,DEB,0.0
2038,Agri01_AGC,DEC,0.0
2038,Agri01_AGC,DEE,0.0
2038,Agri01_AGC,DED,0.0
2038,Agri01_AGC,DEF,0.0
2038,Agri01_AGC,DEG,0.0
2038,Agri02_OFC,DE1,0.0
2038,Agri02_OFC,DE2,0.0
2038,Agri02_OFC,DE3,0.0
2038,Agri02_OFC,DE4,0.0
2038,Agri02_OFC,DE5,0.0
2038,Agri02_OFC,DE6,0.0
2038,Agri02_OFC,DE7,0.0
2038,Agri02_OFC,DE8,0.0
2038,Agri02_OFC,DE9,0.0
2038,Agri02_OFC,DEA,0.0
2038,Agri02_OFC,DEB,0.0
2038,Agri02_OFC,DEC,0.0
2038,Agri02_OFC,DEE,0.0
2038,Agri02_OFC,DED,0.0
2038,Agri02_OFC,DEF,0.0
2038,Agri02_OFC,DEG,0.0
2038,Agri03_No-till,DE1,0.0
2038,Agri03_No-till,DE2,0.0
2038,Agri03_No-till,DE3,0.0
2038,Agri03_No-till,DE4,0.0
2038,Agri03_No-till,DE5,0.0
2038,Agri03_No-till,DE6,0.0
2038,Agri03_No-till,DE7,0.0
2038,Agri03_No-till,DE8,0.0
2038,Agri03_No-till,DE9,0.0
2038,Agri03_No-till,DEA,0.0
2038,Agri03_No-till,DEB,0.0
2038,Agri03_No-till,DEC,0.0
2038,Agri03_No-till,DEE,0.0
2038,Agri03_No-till,DED,0.0
2038,Agri03_No-till,DEF,0.0
2038,Agri03_No-till,DEG,0.0
2038,Agri04_toGrassland,DE1,0.0
2038,Agri04_toGrassland,DE2,0.0
2038,Agri04_toGrassland,DE3,0.0
2038,Agri04_toGrassland,DE4,0.0
2038,Agri04_toGrassland,DE5,0.0
2038,Agri04_toGrassland,DE6,0.0
2038,Agri04_toGrassland,DE7,0.0
2038,Agri04_toGrassland,DE8,0.0
2038,Agri04_toGrassland,DE9,0.0
2038,Agri04_toGrassland,DEA,0.0
2038,Agri04_toGrassland,DEB,0.0
2038,Agri04_toGrassland,DEC,0.0
2038,Agri04_toGrassland,DEE,0.0
2038,Agri04_toGrassland,DED,0.0
2038,Agri04_toGrassland,DEF,0.0
2038,Agri04_toGrassland,DEG,0.0
2038,Agri05_Agroforestry,DE1,338191.51589741494
2038,Agri05_Agroforestry,DE2,426926.2885169599
2038,Agri05_Agroforestry,DE3,1307.8725000000002
2038,Agri05_Agroforestry,DE4,345940.46542236075
2038,Agri05_Agroforestry,DE5,10736.907666666668
2038,Agri05_Agroforestry,DE6,8691.746166666666
2038,Agri05_Agroforestry,DE7,80962.09397085567
2038,Agri05_Agroforestry,DE8,331590.203466436
2038,Agri05_Agroforestry,DE9,395426.5712821812
2038,Agri05_Agroforestry,DEA,338628.5785635748
2038,Agri05_Agroforestry,DEB,219301.9434553872
2038,Agri05_Agroforestry,DEC,47840.52216666668
2038,Agri05_Agroforestry,DEE,237338.16800000003
2038,Agri05_Agroforestry,DED,226562.18713971446
2038,Agri05_Agroforestry,DEF,51778.64332847992
2038,Agri05_Agroforestry,DEG,41413.33073828975
2038,Agri06_Biochar,DE1,0.0
2038,Agri06_Biochar,DE2,0.0
2038,Agri06_Biochar,DE3,0.0
2038,Agri06_Biochar,DE4,0.0
2038,Agri06_Biochar,DE5,0.0
2038,Agri06_Biochar,DE6,0.0
2038,Agri06_Biochar,DE7,0.0
2038,Agri06_Biochar,DE8,0.0
2038,Agri06_Biochar,DE9,0.0
2038,Agri06_Biochar,DEA,0.0
2038,Agri06_Biochar,DEB,0.0
2038,Agri06_Biochar,DEC,0.0
2038,Agri06_Biochar,DEE,0.0
2038,Agri06_Biochar,DED,0.0
2038,Agri06_Biochar,DEF,0.0
2038,Agri06_Biochar,DEG,0.0
2039,Agri01_AGC,DE1,0.0
2039,Agri01_AGC,DE2,0.0
2039,Agri01_AGC,DE3,0.0
2039,Agri01_AGC,DE4,0.0
2039,Agri01_AGC,DE5,0.0
2039,Agri01_AGC,DE6,0.0
2039,Agri01_AGC,DE7,0.0
2039,Agri01_AGC,DE8,0.0
2039,Agri01_AGC,DE9,0.0
2039,Agri01_AGC,DEA,0.0
2039,Agri01_AGC,DEB,0.0
2039,Agri01_AGC,DEC,0.0
2039,Agri01_AGC,DEE,0.0
2039,Agri01_AGC,DED,0.0
2039,Agri01_AGC,DEF,0.0
2039,Agri01_AGC,DEG,0.0
2039,Agri02_OFC,DE1,0.0
2039,Agri02_OFC,DE2,0.0
2039,Agri02_OFC,DE3,0.0
2039,Agri02_OFC,DE4,0.0
2039,Agri02_OFC,DE5,0.0
2039,Agri02_OFC,DE6,0.0
2039,Agri02_OFC,DE7,0.0
2039,Agri02_OFC,DE8,0.0
2039,Agri02_OFC,DE9,0.0
2039,Agri02_OFC,DEA,0.0
2039,Agri02_OFC,DEB,0.0
2039,Agri02_OFC,DEC,0.0
2039,Agri02_OFC,DEE,0.0
2039,Agri02_OFC,DED,0.0
2039,Agri02_OFC,DEF,0.0
2039,Agri02_OFC,DEG,0.0
2039,Agri03_No-till,DE1,0.0
2039,Agri03_No-till,DE2,0.0
2039,Agri03_No-till,DE3,0.0
2039,Agri03_No-till,DE4,0.0
2039,Agri03_No-till,DE5,0.0
2039,Agri03_No-till,DE6,0.0
2039,Agri03_No-till,DE7,0.0
2039,Agri03_No-till,DE8,0.0
2039,Agri03_No-till,DE9,0.0
2039,Agri03_No-till,DEA,0.0
2039,Agri03_No-till,DEB,0.0
2039,Agri03_No-till,DEC,0.0
2039,Agri03_No-till,DEE,0.0
2039,Agri03_No-till,DED,0.0
2039,Agri03_No-till,DEF,0.0
2039,Agri03_No-till,DEG,0.0
2039,Agri04_toGrassland,DE1,0.0
2039,Agri04_toGrassland,DE2,0.0
2039,Agri04_toGrassland,DE3,0.0
2039,Agri04_toGrassland,DE4,0.0
2039,Agri04_toGrassland,DE5,0.0
2039,Agri04_toGrassland,DE6,0.0
2039,Agri04_toGrassland,DE7,0.0
2039,Agri04_toGrassland,DE8,0.0
2039,Agri04_toGrassland,DE9,0.0
2039,Agri04_toGrassland,DEA,0.0
2039,Agri04_toGrassland,DEB,0.0
2039,Agri04_toGrassland,DEC,0.0
2039,Agri04_toGrassland,DEE,0.0
2039,Agri04_toGrassland,DED,0.0
2039,Agri04_toGrassland,DEF,0.0
2039,Agri04_toGrassland,DEG,0.0
2039,Agri05_Agroforestry,DE1,338191.51589741494
2039,Agri05_Agroforestry,DE2,426926.2885169599
2039,Agri05_Agroforestry,DE3,1307.8725000000002
2039,Agri05_Agroforestry,DE4,345940.46542236075
2039,Agri05_Agroforestry,DE5,10736.907666666668
2039,Agri05_Agroforestry,DE6,8691.746166666666
2039,Agri05_Agroforestry,DE7,80962.09397085567
2039,Agri05_Agroforestry,DE8,331590.203466436
2039,Agri05_Agroforestry,DE9,395426.5712821812
2039,Agri05_Agroforestry,DEA,338628.5785635748
2039,Agri05_Agroforestry,DEB,219301.9434553872
2039,Agri05_Agroforestry,DEC,47840.52216666668
2039,Agri05_Agroforestry,DEE,237338.16800000003
2039,Agri05_Agroforestry,DED,226562.18713971446
2039,Agri05_Agroforestry,DEF,51778.64332847992
2039,Agri05_Agroforestry,DEG,41413.33073828975
2039,Agri06_Biochar,DE1,0.0
2039,Agri06_Biochar,DE2,0.0
2039,Agri06_Biochar,DE3,0.0
2039,Agri06_Biochar,DE4,0.0
2039,Agri06_Biochar,DE5,0.0
2039,Agri06_Biochar,DE6,0.0
2039,Agri06_Biochar,DE7,0.0
2039,Agri06_Biochar,DE8,0.0
2039,Agri06_Biochar,DE9,0.0
2039,Agri06_Biochar,DEA,0.0
2039,Agri06_Biochar,DEB,0.0
2039,Agri06_Biochar,DEC,0.0
2039,Agri06_Biochar,DEE,0.0
2039,Agri06_Biochar,DED,0.0
2039,Agri06_Biochar,DEF,0.0
2039,Agri06_Biochar,DEG,0.0
2040,Agri01_AGC,DE1,0.0
2040,Agri01_AGC,DE2,0.0
2040,Agri01_AGC,DE3,0.0
2040,Agri01_AGC,DE4,0.0
2040,Agri01_AGC,DE5,0.0
2040,Agri01_AGC,DE6,0.0
2040,Agri01_AGC,DE7,0.0
2040,Agri01_AGC,DE8,0.0
2040,Agri01_AGC,DE9,0.0
2040,Agri01_AGC,DEA,0.0
2040,Agri01_AGC,DEB,0.0
2040,Agri01_AGC,DEC,0.0
2040,Agri01_AGC,DEE,0.0
2040,Agri01_AGC,DED,0.0
2040,Agri01_AGC,DEF,0.0
2040,Agri01_AGC,DEG,0.0
2040,Agri02_OFC,DE1,0.0
2040,Agri02_OFC,DE2,0.0
2040,Agri02_OFC,DE3,0.0
2040,Agri02_OFC,DE4,0.0
2040,Agri02_OFC,DE5,0.0
2040,Agri02_OFC,DE6,0.0
2040,Agri02_OFC,DE7,0.0
2040,Agri02_OFC,DE8,0.0
2040,Agri02_OFC,DE9,0.0
2040,Agri02_OFC,DEA,0.0
2040,Agri02_OFC,DEB,0.0
2040,Agri02_OFC,DEC,0.0
2040,Agri02_OFC,DEE,0.0
2040,Agri02_OFC,DED,0.0
2040,Agri02_OFC,DEF,0.0
2040,Agri02_OFC,DEG,0.0
2040,Agri03_No-till,DE1,0.0
2040,Agri03_No-till,DE2,0.0
2040,Agri03_No-till,DE3,0.0
2040,Agri03_No-till,DE4,0.0
2040,Agri03_No-till,DE5,0.0
2040,Agri03_No-till,DE6,0.0
2040,Agri03_No-till,DE7,0.0
2040,Agri03_No-till,DE8,0.0
2040,Agri03_No-till,DE9,0.0
2040,Agri03_No-till,DEA,0.0
2040,Agri03_No-till,DEB,0.0
2040,Agri03_No-till,DEC,0.0
2040,Agri03_No-till,DEE,0.0
2040,Agri03_No-till,DED,0.0
2040,Agri03_No-till,DEF,0.0
2040,Agri03_No-till,DEG,0.0
2040,Agri04_toGrassland,DE1,0.0
2040,Agri04_toGrassland,DE2,0.0
2040,Agri04_toGrassland,DE3,0.0
2040,Agri04_toGrassland,DE4,0.0
2040,Agri04_toGrassland,DE5,0.0
2040,Agri04_toGrassland,DE6,0.0
2040,Agri04_toGrassland,DE7,0.0
2040,Agri04_toGrassland,DE8,0.0
2040,Agri04_toGrassland,DE9,0.0
2040,Agri04_toGrassland,DEA,0.0
2040,Agri04_toGrassland,DEB,0.0
2040,Agri04_toGrassland,DEC,0.0
2040,Agri04_toGrassland,DEE,0.0
2040,Agri04_toGrassland,DED,0.0
2040,Agri04_toGrassland,DEF,0.0
2040,Agri04_toGrassland,DEG,0.0
2040,Agri05_Agroforestry,DE1,338191.51589741494
2040,Agri05_Agroforestry,DE2,426926.2885169599
2040,Agri05_Agroforestry,DE3,1307.8725000000002
2040,Agri05_Agroforestry,DE4,345940.46542236075
2040,Agri05_Agroforestry,DE5,10736.907666666668
2040,Agri05_Agroforestry,DE6,8691.746166666666
2040,Agri05_Agroforestry,DE7,80962.09397085567
2040,Agri05_Agroforestry,DE8,331590.203466436
2040,Agri05_Agroforestry,DE9,395426.5712821812
2040,Agri05_Agroforestry,DEA,338628.5785635748
2040,Agri05_Agroforestry,DEB,219301.9434553872
2040,Agri05_Agroforestry,DEC,47840.52216666668
2040,Agri05_Agroforestry,DEE,237338.16800000003
2040,Agri05_Agroforestry,DED,226562.18713971446
2040,Agri05_Agroforestry,DEF,51778.64332847992
2040,Agri05_Agroforestry,DEG,41413.33073828975
2040,Agri06_Biochar,DE1,0.0
2040,Agri06_Biochar,DE2,0.0
2040,Agri06_Biochar,DE3,0.0
2040,Agri06_Biochar,DE4,0.0
2040,Agri06_Biochar,DE5,0.0
2040,Agri06_Biochar,DE6,0.0
2040,Agri06_Biochar,DE7,0.0
2040,Agri06_Biochar,DE8,0.0
2040,Agri06_Biochar,DE9,0.0
2040,Agri06_Biochar,DEA,0.0
2040,Agri06_Biochar,DEB,0.0
2040,Agri06_Biochar,DEC,0.0
2040,Agri06_Biochar,DEE,0.0
2040,Agri06_Biochar,DED,0.0
2040,Agri06_Biochar,DEF,0.0
2040,Agri06_Biochar,DEG,0.0
2041,Agri01_AGC,DE1,0.0
2041,Agri01_AGC,DE2,0.0
2041,Agri01_AGC,DE3,0.0
2041,Agri01_AGC,DE4,0.0
2041,Agri01_AGC,DE5,0.0
2041,Agri01_AGC,DE6,0.0
2041,Agri01_AGC,DE7,0.0
2041,Agri01_AGC,DE8,0.0
2041,Agri01_AGC,DE9,0.0
2041,Agri01_AGC,DEA,0.0
2041,Agri01_AGC,DEB,0.0
2041,Agri01_AGC,DEC,0.0
2041,Agri01_AGC,DEE,0.0
2041,Agri01_AGC,DED,0.0
2041,Agri01_AGC,DEF,0.0
2041,Agri01_AGC,DEG,0.0
2041,Agri02_OFC,DE1,0.0
2041,Agri02_OFC,DE2,0.0
2041,Agri02_OFC,DE3,0.0
2041,Agri02_OFC,DE4,0.0
2041,Agri02_OFC,DE5,0.0
2041,Agri02_OFC,DE6,0.0
2041,Agri02_OFC,DE7,0.0
2041,Agri02_OFC,DE8,0.0
2041,Agri02_OFC,DE9,0.0
2041,Agri02_OFC,DEA,0.0
2041,Agri02_OFC,DEB,0.0
2041,Agri02_OFC,DEC,0.0
2041,Agri02_OFC,DEE,0.0
2041,Agri02_OFC,DED,0.0
2041,Agri02_OFC,DEF,0.0
2041,Agri02_OFC,DEG,0.0
2041,Agri03_No-till,DE1,0.0
2041,Agri03_No-till,DE2,0.0
2041,Agri03_No-till,DE3,0.0
2041,Agri03_No-till,DE4,0.0
2041,Agri03_No-till,DE5,0.0
2041,Agri03_No-till,DE6,0.0
2041,Agri03_No-till,DE7,0.0
2041,Agri03_No-till,DE8,0.0
2041,Agri03_No-till,DE9,0.0
2041,Agri03_No-till,DEA,0.0
2041,Agri03_No-till,DEB,0.0
2041,Agri03_No-till,DEC,0.0
2041,Agri03_No-till,DEE,0.0
2041,Agri03_No-till,DED,0.0
2041,Agri03_No-till,DEF,0.0
2041,Agri03_No-till,DEG,0.0
2041,Agri04_toGrassland,DE1,0.0
2041,Agri04_toGrassland,DE2,0.0
2041,Agri04_toGrassland,DE3,0.0
2041,Agri04_toGrassland,DE4,0.0
2041,Agri04_toGrassland,DE5,0.0
2041,Agri04_toGrassland,DE6,0.0
2041,Agri04_toGrassland,DE7,0.0
2041,Agri04_toGrassland,DE8,0.0
2041,Agri04_toGrassland,DE9,0.0
2041,Agri04_toGrassland,DEA,0.0
2041,Agri04_toGrassland,DEB,0.0
2041,Agri04_toGrassland,DEC,0.0
2041,Agri04_toGrassland,DEE,0.0
2041,Agri04_toGrassland,DED,0.0
2041,Agri04_toGrassland,DEF,0.0
2041,Agri04_toGrassland,DEG,0.0
2041,Agri05_Agroforestry,DE1,338191.51589741494
2041,Agri05_Agroforestry,DE2,426926.2885169599
2041,Agri05_Agroforestry,DE3,1307.8725000000002
2041,Agri05_Agroforestry,DE4,345940.46542236075
2041,Agri05_Agroforestry,DE5,10736.907666666668
2041,Agri05_Agroforestry,DE6,8691.746166666666
2041,Agri05_Agroforestry,DE7,80962.09397085567
2041,Agri05_Agroforestry,DE8,331590.203466436
2041,Agri05_Agroforestry,DE9,395426.5712821812
2041,Agri05_Agroforestry,DEA,338628.5785635748
2041,Agri05_Agroforestry,DEB,219301.9434553872
2041,Agri05_Agroforestry,DEC,47840.52216666668
2041,Agri05_Agroforestry,DEE,237338.16800000003
2041,Agri05_Agroforestry,DED,226562.18713971446
2041,Agri05_Agroforestry,DEF,51778.64332847992
2041,Agri05_Agroforestry,DEG,41413.33073828975
2041,Agri06_Biochar,DE1,0.0
2041,Agri06_Biochar,DE2,0.0
2041,Agri06_Biochar,DE3,0.0
2041,Agri06_Biochar,DE4,0.0
2041,Agri06_Biochar,DE5,0.0
2041,Agri06_Biochar,DE6,0.0
2041,Agri06_Biochar,DE7,0.0
2041,Agri06_Biochar,DE8,0.0
2041,Agri06_Biochar,DE9,0.0
2041,Agri06_Biochar,DEA,0.0
2041,Agri06_Biochar,DEB,0.0
2041,Agri06_Biochar,DEC,0.0
2041,Agri06_Biochar,DEE,0.0
2041,Agri06_Biochar,DED,0.0
2041,Agri06_Biochar,DEF,0.0
2041,Agri06_Biochar,DEG,0.0
2042,Agri01_AGC,DE1,0.0
2042,Agri01_AGC,DE2,0.0
2042,Agri01_AGC,DE3,0.0
2042,Agri01_AGC,DE4,0.0
2042,Agri01_AGC,DE5,0.0
2042,Agri01_AGC,DE6,0.0
2042,Agri01_AGC,DE7,0.0
2042,Agri01_AGC,DE8,0.0
2042,Agri01_AGC,DE9,0.0
2042,Agri01_AGC,DEA,0.0
2042,Agri01_AGC,DEB,0.0
2042,Agri01_AGC,DEC,0.0
2042,Agri01_AGC,DEE,0.0
2042,Agri01_AGC,DED,0.0
2042,Agri01_AGC,DEF,0.0
2042,Agri01_AGC,DEG,0.0
2042,Agri02_OFC,DE1,0.0
2042,Agri02_OFC,DE2,0.0
2042,Agri02_OFC,DE3,0.0
2042,Agri02_OFC,DE4,0.0
2042,Agri02_OFC,DE5,0.0
2042,Agri02_OFC,DE6,0.0
2042,Agri02_OFC,DE7,0.0
2042,Agri02_OFC,DE8,0.0
2042,Agri02_OFC,DE9,0.0
2042,Agri02_OFC,DEA,0.0
2042,Agri02_OFC,DEB,0.0
2042,Agri02_OFC,DEC,0.0
2042,Agri02_OFC,DEE,0.0
2042,Agri02_OFC,DED,0.0
2042,Agri02_OFC,DEF,0.0
2042,Agri02_OFC,DEG,0.0
2042,Agri03_No-till,DE1,0.0
2042,Agri03_No-till,DE2,0.0
2042,Agri03_No-till,DE3,0.0
2042,Agri03_No-till,DE4,0.0
2042,Agri03_No-till,DE5,0.0
2042,Agri03_No-till,DE6,0.0
2042,Agri03_No-till,DE7,0.0
2042,Agri03_No-till,DE8,0.0
2042,Agri03_No-till,DE9,0.0
2042,Agri03_No-till,DEA,0.0
2042,Agri03_No-till,DEB,0.0
2042,Agri03_No-till,DEC,0.0
2042,Agri03_No-till,DEE,0.0
2042,Agri03_No-till,DED,0.0
2042,Agri03_No-till,DEF,0.0
2042,Agri03_No-till,DEG,0.0
2042,Agri04_toGrassland,DE1,0.0
2042,Agri04_toGrassland,DE2,0.0
2042,Agri04_toGrassland,DE3,0.0
2042,Agri04_toGrassland,DE4,0.0
2042,Agri04_toGrassland,DE5,0.0
2042,Agri04_toGrassland,DE6,0.0
2042,Agri04_toGrassland,DE7,0.0
2042,Agri04_toGrassland,DE8,0.0
2042,Agri04_toGrassland,DE9,0.0
2042,Agri04_toGrassland,DEA,0.0
2042,Agri04_toGrassland,DEB,0.0
2042,Agri04_toGrassland,DEC,0.0
2042,Agri04_toGrassland,DEE,0.0
2042,Agri04_toGrassland,DED,0.0
2042,Agri04_toGrassland,DEF,0.0
2042,Agri04_toGrassland,DEG,0.0
2042,Agri05_Agroforestry,DE1,338191.51589741494
2042,Agri05_Agroforestry,DE2,426926.2885169599
2042,Agri05_Agroforestry,DE3,1307.8725000000002
2042,Agri05_Agroforestry,DE4,345940.46542236075
2042,Agri05_Agroforestry,DE5,10736.907666666668
2042,Agri05_Agroforestry,DE6,8691.746166666666
2042,Agri05_Agroforestry,DE7,80962.09397085567
2042,Agri05_Agroforestry,DE8,331590.203466436
2042,Agri05_Agroforestry,DE9,395426.5712821812
2042,Agri05_Agroforestry,DEA,338628.5785635748
2042,Agri05_Agroforestry,DEB,219301.9434553872
2042,Agri05_Agroforestry,DEC,47840.52216666668
2042,Agri05_Agroforestry,DEE,237338.16800000003
2042,Agri05_Agroforestry,DED,226562.18713971446
2042,Agri05_Agroforestry,DEF,51778.64332847992
2042,Agri05_Agroforestry,DEG,41413.33073828975
2042,Agri06_Biochar,DE1,0.0
2042,Agri06_Biochar,DE2,0.0
2042,Agri06_Biochar,DE3,0.0
2042,Agri06_Biochar,DE4,0.0
2042,Agri06_Biochar,DE5,0.0
2042,Agri06_Biochar,DE6,0.0
2042,Agri06_Biochar,DE7,0.0
2042,Agri06_Biochar,DE8,0.0
2042,Agri06_Biochar,DE9,0.0
2042,Agri06_Biochar,DEA,0.0
2042,Agri06_Biochar,DEB,0.0
2042,Agri06_Biochar,DEC,0.0
2042,Agri06_Biochar,DEE,0.0
2042,Agri06_Biochar,DED,0.0
2042,Agri06_Biochar,DEF,0.0
2042,Agri06_Biochar,DEG,0.0
2043,Agri01_AGC,DE1,0.0
2043,Agri01_AGC,DE2,0.0
2043,Agri01_AGC,DE3,0.0
2043,Agri01_AGC,DE4,0.0
2043,Agri01_AGC,DE5,0.0
2043,Agri01_AGC,DE6,0.0
2043,Agri01_AGC,DE7,0.0
2043,Agri01_AGC,DE8,0.0
2043,Agri01_AGC,DE9,0.0
2043,Agri01_AGC,DEA,0.0
2043,Agri01_AGC,DEB,0.0
2043,Agri01_AGC,DEC,0.0
2043,Agri01_AGC,DEE,0.0
2043,Agri01_AGC,DED,0.0
2043,Agri01_AGC,DEF,0.0
2043,Agri01_AGC,DEG,0.0
2043,Agri02_OFC,DE1,0.0
2043,Agri02_OFC,DE2,0.0
2043,Agri02_OFC,DE3,0.0
2043,Agri02_OFC,DE4,0.0
2043,Agri02_OFC,DE5,0.0
2043,Agri02_OFC,DE6,0.0
2043,Agri02_OFC,DE7,0.0
2043,Agri02_OFC,DE8,0.0
2043,Agri02_OFC,DE9,0.0
2043,Agri02_OFC,DEA,0.0
2043,Agri02_OFC,DEB,0.0
2043,Agri02_OFC,DEC,0.0
2043,Agri02_OFC,DEE,0.0
2043,Agri02_OFC,DED,0.0
2043,Agri02_OFC,DEF,0.0
2043,Agri02_OFC,DEG,0.0
2043,Agri03_No-till,DE1,0.0
2043,Agri03_No-till,DE2,0.0
2043,Agri03_No-till,DE3,0.0
2043,Agri03_No-till,DE4,0.0
2043,Agri03_No-till,DE5,0.0
2043,Agri03_No-till,DE6,0.0
2043,Agri03_No-till,DE7,0.0
2043,Agri03_No-till,DE8,0.0
2043,Agri03_No-till,DE9,0.0
2043,Agri03_No-till,DEA,0.0
2043,Agri03_No-till,DEB,0.0
2043,Agri03_No-till,DEC,0.0
2043,Agri03_No-till,DEE,0.0
2043,Agri03_No-till,DED,0.0
2043,Agri03_No-till,DEF,0.0
2043,Agri03_No-till,DEG,0.0
2043,Agri04_toGrassland,DE1,0.0
2043,Agri04_toGrassland,DE2,0.0
2043,Agri04_toGrassland,DE3,0.0
2043,Agri04_toGrassland,DE4,0.0
2043,Agri04_toGrassland,DE5,0.0
2043,Agri04_toGrassland,DE6,0.0
2043,Agri04_toGrassland,DE7,0.0
2043,Agri04_toGrassland,DE8,0.0
2043,Agri04_toGrassland,DE9,0.0
2043,Agri04_toGrassland,DEA,0.0
2043,Agri04_toGrassland,DEB,0.0
2043,Agri04_toGrassland,DEC,0.0
2043,Agri04_toGrassland,DEE,0.0
2043,Agri04_toGrassland,DED,0.0
2043,Agri04_toGrassland,DEF,0.0
2043,Agri04_toGrassland,DEG,0.0
2043,Agri05_Agroforestry,DE1,338191.51589741494
2043,Agri05_Agroforestry,DE2,426926.2885169599
2043,Agri05_Agroforestry,DE3,1307.8725000000002
2043,Agri05_Agroforestry,DE4,345940.46542236075
2043,Agri05_Agroforestry,DE5,10736.907666666668
2043,Agri05_Agroforestry,DE6,8691.746166666666
2043,Agri05_Agroforestry,DE7,80962.09397085567
2043,Agri05_Agroforestry,DE8,331590.203466436
2043,Agri05_Agroforestry,DE9,395426.5712821812
2043,Agri05_Agroforestry,DEA,338628.5785635748
2043,Agri05_Agroforestry,DEB,219301.9434553872
2043,Agri05_Agroforestry,DEC,47840.52216666668
2043,Agri05_Agroforestry,DEE,237338.16800000003
2043,Agri05_Agroforestry,DED,226562.18713971446
2043,Agri05_Agroforestry,DEF,51778.64332847992
2043,Agri05_Agroforestry,DEG,41413.33073828975
2043,Agri06_Biochar,DE1,0.0
2043,Agri06_Biochar,DE2,0.0
2043,Agri06_Biochar,DE3,0.0
2043,Agri06_Biochar,DE4,0.0
2043,Agri06_Biochar,DE5,0.0
2043,Agri06_Biochar,DE6,0.0
2043,Agri06_Biochar,DE7,0.0
2043,Agri06_Biochar,DE8,0.0
2043,Agri06_Biochar,DE9,0.0
2043,Agri06_Biochar,DEA,0.0
2043,Agri06_Biochar,DEB,0.0
2043,Agri06_Biochar,DEC,0.0
2043,Agri06_Biochar,DEE,0.0
2043,Agri06_Biochar,DED,0.0
2043,Agri06_Biochar,DEF,0.0
2043,Agri06_Biochar,DEG,0.0
2044,Agri01_AGC,DE1,0.0
2044,Agri01_AGC,DE2,0.0
2044,Agri01_AGC,DE3,0.0
2044,Agri01_AGC,DE4,0.0
2044,Agri01_AGC,DE5,0.0
2044,Agri01_AGC,DE6,0.0
2044,Agri01_AGC,DE7,0.0
2044,Agri01_AGC,DE8,0.0
2044,Agri01_AGC,DE9,0.0
2044,Agri01_AGC,DEA,0.0
2044,Agri01_AGC,DEB,0.0
2044,Agri01_AGC,DEC,0.0
2044,Agri01_AGC,DEE,0.0
2044,Agri01_AGC,DED,0.0
2044,Agri01_AGC,DEF,0.0
2044,Agri01_AGC,DEG,0.0
2044,Agri02_OFC,DE1,0.0
2044,Agri02_OFC,DE2,0.0
2044,Agri02_OFC,DE3,0.0
2044,Agri02_OFC,DE4,0.0
2044,Agri02_OFC,DE5,0.0
2044,Agri02_OFC,DE6,0.0
2044,Agri02_OFC,DE7,0.0
2044,Agri02_OFC,DE8,0.0
2044,Agri02_OFC,DE9,0.0
2044,Agri02_OFC,DEA,0.0
2044,Agri02_OFC,DEB,0.0
2044,Agri02_OFC,DEC,0.0
2044,Agri02_OFC,DEE,0.0
2044,Agri02_OFC,DED,0.0
2044,Agri02_OFC,DEF,0.0
2044,Agri02_OFC,DEG,0.0
2044,Agri03_No-till,DE1,0.0
2044,Agri03_No-till,DE2,0.0
2044,Agri03_No-till,DE3,0.0
2044,Agri03_No-till,DE4,0.0
2044,Agri03_No-till,DE5,0.0
2044,Agri03_No-till,DE6,0.0
2044,Agri03_No-till,DE7,0.0
2044,Agri03_No-till,DE8,0.0
2044,Agri03_No-till,DE9,0.0
2044,Agri03_No-till,DEA,0.0
2044,Agri03_No-till,DEB,0.0
2044,Agri03_No-till,DEC,0.0
2044,Agri03_No-till,DEE,0.0
2044,Agri03_No-till,DED,0.0
2044,Agri03_No-till,DEF,0.0
2044,Agri03_No-till,DEG,0.0
2044,Agri04_toGrassland,DE1,0.0
2044,Agri04_toGrassland,DE2,0.0
2044,Agri04_toGrassland,DE3,0.0
2044,Agri04_toGrassland,DE4,0.0
2044,Agri04_toGrassland,DE5,0.0
2044,Agri04_toGrassland,DE6,0.0
2044,Agri04_toGrassland,DE7,0.0
2044,Agri04_toGrassland,DE8,0.0
2044,Agri04_toGrassland,DE9,0.0
2044,Agri04_toGrassland,DEA,0.0
2044,Agri04_toGrassland,DEB,0.0
2044,Agri04_toGrassland,DEC,0.0
2044,Agri04_toGrassland,DEE,0.0
2044,Agri04_toGrassland,DED,0.0
2044,Agri04_toGrassland,DEF,0.0
2044,Agri04_toGrassland,DEG,0.0
2044,Agri05_Agroforestry,DE1,338191.51589741494
2044,Agri05_Agroforestry,DE2,426926.2885169599
2044,Agri05_Agroforestry,DE3,1307.8725000000002
2044,Agri05_Agroforestry,DE4,345940.46542236075
2044,Agri05_Agroforestry,DE5,10736.907666666668
2044,Agri05_Agroforestry,DE6,8691.746166666666
2044,Agri05_Agroforestry,DE7,80962.09397085567
2044,Agri05_Agroforestry,DE8,331590.203466436
2044,Agri05_Agroforestry,DE9,395426.5712821812
2044,Agri05_Agroforestry,DEA,338628.5785635748
2044,Agri05_Agroforestry,DEB,219301.9434553872
2044,Agri05_Agroforestry,DEC,47840.52216666668
2044,Agri05_Agroforestry,DEE,237338.16800000003
2044,Agri05_Agroforestry,DED,226562.18713971446
2044,Agri05_Agroforestry,DEF,51778.64332847992
2044,Agri05_Agroforestry,DEG,41413.33073828975
2044,Agri06_Biochar,DE1,0.0
2044,Agri06_Biochar,DE2,0.0
2044,Agri06_Biochar,DE3,0.0
2044,Agri06_Biochar,DE4,0.0
2044,Agri06_Biochar,DE5,0.0
2044,Agri06_Biochar,DE6,0.0
2044,Agri06_Biochar,DE7,0.0
2044,Agri06_Biochar,DE8,0.0
2044,Agri06_Biochar,DE9,0.0
2044,Agri06_Biochar,DEA,0.0
2044,Agri06_Biochar,DEB,0.0
2044,Agri06_Biochar,DEC,0.0
2044,Agri06_Biochar,DEE,0.0
2044,Agri06_Biochar,DED,0.0
2044,Agri06_Biochar,DEF,0.0
2044,Agri06_Biochar,DEG,0.0
2045,Agri01_AGC,DE1,0.0
2045,Agri01_AGC,DE2,0.0
2045,Agri01_AGC,DE3,0.0
2045,Agri01_AGC,DE4,0.0
2045,Agri01_AGC,DE5,0.0
2045,Agri01_AGC,DE6,0.0
2045,Agri01_AGC,DE7,0.0
2045,Agri01_AGC,DE8,0.0
2045,Agri01_AGC,DE9,0.0
2045,Agri01_AGC,DEA,0.0
2045,Agri01_AGC,DEB,0.0
2045,Agri01_AGC,DEC,0.0
2045,Agri01_AGC,DEE,0.0
2045,Agri01_AGC,DED,0.0
2045,Agri01_AGC,DEF,0.0
2045,Agri01_AGC,DEG,0.0
2045,Agri02_OFC,DE1,0.0
2045,Agri02_OFC,DE2,0.0
2045,Agri02_OFC,DE3,0.0
2045,Agri02_OFC,DE4,0.0
2045,Agri02_OFC,DE5,0.0
2045,Agri02_OFC,DE6,0.0
2045,Agri02_OFC,DE7,0.0
2045,Agri02_OFC,DE8,0.0
2045,Agri02_OFC,DE9,0.0
2045,Agri02_OFC,DEA,0.0
2045,Agri02_OFC,DEB,0.0
2045,Agri02_OFC,DEC,0.0
2045,Agri02_OFC,DEE,0.0
2045,Agri02_OFC,DED,0.0
2045,Agri02_OFC,DEF,0.0
2045,Agri02_OFC,DEG,0.0
2045,Agri03_No-till,DE1,0.0
2045,Agri03_No-till,DE2,0.0
2045,Agri03_No-till,DE3,0.0
2045,Agri03_No-till,DE4,0.0
2045,Agri03_No-till,DE5,0.0
2045,Agri03_No-till,DE6,0.0
2045,Agri03_No-till,DE7,0.0
2045,Agri03_No-till,DE8,0.0
2045,Agri03_No-till,DE9,0.0
2045,Agri03_No-till,DEA,0.0
2045,Agri03_No-till,DEB,0.0
2045,Agri03_No-till,DEC,0.0
2045,Agri03_No-till,DEE,0.0
2045,Agri03_No-till,DED,0.0
2045,Agri03_No-till,DEF,0.0
2045,Agri03_No-till,DEG,0.0
2045,Agri04_toGrassland,DE1,0.0
2045,Agri04_toGrassland,DE2,0.0
2045,Agri04_toGrassland,DE3,0.0
2045,Agri04_toGrassland,DE4,0.0
2045,Agri04_toGrassland,DE5,0.0
2045,Agri04_toGrassland,DE6,0.0
2045,Agri04_toGrassland,DE7,0.0
2045,Agri04_toGrassland,DE8,0.0
2045,Agri04_toGrassland,DE9,0.0
2045,Agri04_toGrassland,DEA,0.0
2045,Agri04_toGrassland,DEB,0.0
2045,Agri04_toGrassland,DEC,0.0
2045,Agri04_toGrassland,DEE,0.0
2045,Agri04_toGrassland,DED,0.0
2045,Agri04_toGrassland,DEF,0.0
2045,Agri04_toGrassland,DEG,0.0
2045,Agri05_Agroforestry,DE1,338191.51589741494
2045,Agri05_Agroforestry,DE2,426926.2885169599
2045,Agri05_Agroforestry,DE3,1307.8725000000002
2045,Agri05_Agroforestry,DE4,345940.46542236075
2045,Agri05_Agroforestry,DE5,10736.907666666668
2045,Agri05_Agroforestry,DE6,8691.746166666666
2045,Agri05_Agroforestry,DE7,80962.09397085567
2045,Agri05_Agroforestry,DE8,331590.203466436
2045,Agri05_Agroforestry,DE9,395426.5712821812
2045,Agri05_Agroforestry,DEA,338628.5785635748
2045,Agri05_Agroforestry,DEB,219301.9434553872
2045,Agri05_Agroforestry,DEC,47840.52216666668
2045,Agri05_Agroforestry,DEE,237338.16800000003
2045,Agri05_Agroforestry,DED,226562.18713971446
2045,Agri05_Agroforestry,DEF,51778.64332847992
2045,Agri05_Agroforestry,DEG,41413.33073828975
2045,Agri06_Biochar,DE1,0.0
2045,Agri06_Biochar,DE2,0.0
2045,Agri06_Biochar,DE3,0.0
2045,Agri06_Biochar,DE4,0.0
2045,Agri06_Biochar,DE5,0.0
2045,Agri06_Biochar,DE6,0.0
2045,Agri06_Biochar,DE7,0.0
2045,Agri06_Biochar,DE8,0.0
2045,Agri06_Biochar,DE9,0.0
2045,Agri06_Biochar,DEA,0.0
2045,Agri06_Biochar,DEB,0.0
2045,Agri06_Biochar,DEC,0.0
2045,Agri06_Biochar,DEE,0.0
2045,Agri06_Biochar,DED,0.0
2045,Agri06_Biochar,DEF,0.0
2045,Agri06_Biochar,DEG,0.0
2046,Agri01_AGC,DE1,0.0
2046,Agri01_AGC,DE2,0.0
2046,Agri01_AGC,DE3,0.0
2046,Agri01_AGC,DE4,0.0
2046,Agri01_AGC,DE5,0.0
2046,Agri01_AGC,DE6,0.0
2046,Agri01_AGC,DE7,0.0
2046,Agri01_AGC,DE8,0.0
2046,Agri01_AGC,DE9,0.0
2046,Agri01_AGC,DEA,0.0
2046,Agri01_AGC,DEB,0.0
2046,Agri01_AGC,DEC,0.0
2046,Agri01_AGC,DEE,0.0
2046,Agri01_AGC,DED,0.0
2046,Agri01_AGC,DEF,0.0
2046,Agri01_AGC,DEG,0.0
2046,Agri02_OFC,DE1,0.0
2046,Agri02_OFC,DE2,0.0
2046,Agri02_OFC,DE3,0.0
2046,Agri02_OFC,DE4,0.0
2046,Agri02_OFC,DE5,0.0
2046,Agri02_OFC,DE6,0.0
2046,Agri02_OFC,DE7,0.0
2046,Agri02_OFC,DE8,0.0
2046,Agri02_OFC,DE9,0.0
2046,Agri02_OFC,DEA,0.0
2046,Agri02_OFC,DEB,0.0
2046,Agri02_OFC,DEC,0.0
2046,Agri02_OFC,DEE,0.0
2046,Agri02_OFC,DED,0.0
2046,Agri02_OFC,DEF,0.0
2046,Agri02_OFC,DEG,0.0
2046,Agri03_No-till,DE1,0.0
2046,Agri03_No-till,DE2,0.0
2046,Agri03_No-till,DE3,0.0
2046,Agri03_No-till,DE4,0.0
2046,Agri03_No-till,DE5,0.0
2046,Agri03_No-till,DE6,0.0
2046,Agri03_No-till,DE7,0.0
2046,Agri03_No-till,DE8,0.0
2046,Agri03_No-till,DE9,0.0
2046,Agri03_No-till,DEA,0.0
2046,Agri03_No-till,DEB,0.0
2046,Agri03_No-till,DEC,0.0
2046,Agri03_No-till,DEE,0.0
2046,Agri03_No-till,DED,0.0
2046,Agri03_No-till,DEF,0.0
2046,Agri03_No-till,DEG,0.0
2046,Agri04_toGrassland,DE1,0.0
2046,Agri04_toGrassland,DE2,0.0
2046,Agri04_toGrassland,DE3,0.0
2046,Agri04_toGrassland,DE4,0.0
2046,Agri04_toGrassland,DE5,0.0
2046,Agri04_toGrassland,DE6,0.0
2046,Agri04_toGrassland,DE7,0.0
2046,Agri04_toGrassland,DE8,0.0
2046,Agri04_toGrassland,DE9,0.0
2046,Agri04_toGrassland,DEA,0.0
2046,Agri04_toGrassland,DEB,0.0
2046,Agri04_toGrassland,DEC,0.0
2046,Agri04_toGrassland,DEE,0.0
2046,Agri04_toGrassland,DED,0.0
2046,Agri04_toGrassland,DEF,0.0
2046,Agri04_toGrassland,DEG,0.0
2046,Agri05_Agroforestry,DE1,338191.51589741494
2046,Agri05_Agroforestry,DE2,426926.2885169599
2046,Agri05_Agroforestry,DE3,1307.8725000000002
2046,Agri05_Agroforestry,DE4,345940.46542236075
2046,Agri05_Agroforestry,DE5,10736.907666666668
2046,Agri05_Agroforestry,DE6,8691.746166666666
2046,Agri05_Agroforestry,DE7,80962.09397085567
2046,Agri05_Agroforestry,DE8,331590.203466436
2046,Agri05_Agroforestry,DE9,395426.5712821812
2046,Agri05_Agroforestry,DEA,338628.5785635748
2046,Agri05_Agroforestry,DEB,219301.9434553872
2046,Agri05_Agroforestry,DEC,47840.52216666668
2046,Agri05_Agroforestry,DEE,237338.16800000003
2046,Agri05_Agroforestry,DED,226562.18713971446
2046,Agri05_Agroforestry,DEF,51778.64332847992
2046,Agri05_Agroforestry,DEG,41413.33073828975
2046,Agri06_Biochar,DE1,0.0
2046,Agri06_Biochar,DE2,0.0
2046,Agri06_Biochar,DE3,0.0
2046,Agri06_Biochar,DE4,0.0
2046,Agri06_Biochar,DE5,0.0
2046,Agri06_Biochar,DE6,0.0
2046,Agri06_Biochar,DE7,0.0
2046,Agri06_Biochar,DE8,0.0
2046,Agri06_Biochar,DE9,0.0
2046,Agri06_Biochar,DEA,0.0
2046,Agri06_Biochar,DEB,0.0
2046,Agri06_Biochar,DEC,0.0
2046,Agri06_Biochar,DEE,0.0
2046,Agri06_Biochar,DED,0.0
2046,Agri06_Biochar,DEF,0.0
2046,Agri06_Biochar,DEG,0.0
2047,Agri01_AGC,DE1,0.0
2047,Agri01_AGC,DE2,0.0
2047,Agri01_AGC,DE3,0.0
2047,Agri01_AGC,DE4,0.0
2047,Agri01_AGC,DE5,0.0
2047,Agri01_AGC,DE6,0.0
2047,Agri01_AGC,DE7,0.0
2047,Agri01_AGC,DE8,0.0
2047,Agri01_AGC,DE9,0.0
2047,Agri01_AGC,DEA,0.0
2047,Agri01_AGC,DEB,0.0
2047,Agri01_AGC,DEC,0.0
2047,Agri01_AGC,DEE,0.0
2047,Agri01_AGC,DED,0.0
2047,Agri01_AGC,DEF,0.0
2047,Agri01_AGC,DEG,0.0
2047,Agri02_OFC,DE1,0.0
2047,Agri02_OFC,DE2,0.0
2047,Agri02_OFC,DE3,0.0
2047,Agri02_OFC,DE4,0.0
2047,Agri02_OFC,DE5,0.0
2047,Agri02_OFC,DE6,0.0
2047,Agri02_OFC,DE7,0.0
2047,Agri02_OFC,DE8,0.0
2047,Agri02_OFC,DE9,0.0
2047,Agri02_OFC,DEA,0.0
2047,Agri02_OFC,DEB,0.0
2047,Agri02_OFC,DEC,0.0
2047,Agri02_OFC,DEE,0.0
2047,Agri02_OFC,DED,0.0
2047,Agri02_OFC,DEF,0.0
2047,Agri02_OFC,DEG,0.0
2047,Agri03_No-till,DE1,0.0
2047,Agri03_No-till,DE2,0.0
2047,Agri03_No-till,DE3,0.0
2047,Agri03_No-till,DE4,0.0
2047,Agri03_No-till,DE5,0.0
2047,Agri03_No-till,DE6,0.0
2047,Agri03_No-till,DE7,0.0
2047,Agri03_No-till,DE8,0.0
2047,Agri03_No-till,DE9,0.0
2047,Agri03_No-till,DEA,0.0
2047,Agri03_No-till,DEB,0.0
2047,Agri03_No-till,DEC,0.0
2047,Agri03_No-till,DEE,0.0
2047,Agri03_No-till,DED,0.0
2047,Agri03_No-till,DEF,0.0
2047,Agri03_No-till,DEG,0.0
2047,Agri04_toGrassland,DE1,0.0
2047,Agri04_toGrassland,DE2,0.0
2047,Agri04_toGrassland,DE3,0.0
2047,Agri04_toGrassland,DE4,0.0
2047,Agri04_toGrassland,DE5,0.0
2047,Agri04_toGrassland,DE6,0.0
2047,Agri04_toGrassland,DE7,0.0
2047,Agri04_toGrassland,DE8,0.0
2047,Agri04_toGrassland,DE9,0.0
2047,Agri04_toGrassland,DEA,0.0
2047,Agri04_toGrassland,DEB,0.0
2047,Agri04_toGrassland,DEC,0.0
2047,Agri04_toGrassland,DEE,0.0
2047,Agri04_toGrassland,DED,0.0
2047,Agri04_toGrassland,DEF,0.0
2047,Agri04_toGrassland,DEG,0.0
2047,Agri05_Agroforestry,DE1,338191.51589741494
2047,Agri05_Agroforestry,DE2,426926.2885169599
2047,Agri05_Agroforestry,DE3,1307.8725000000002
2047,Agri05_Agroforestry,DE4,345940.46542236075
2047,Agri05_Agroforestry,DE5,10736.907666666668
2047,Agri05_Agroforestry,DE6,8691.746166666666
2047,Agri05_Agroforestry,DE7,80962.09397085567
2047,Agri05_Agroforestry,DE8,331590.203466436
2047,Agri05_Agroforestry,DE9,395426.5712821812
2047,Agri05_Agroforestry,DEA,338628.5785635748
2047,Agri05_Agroforestry,DEB,219301.9434553872
2047,Agri05_Agroforestry,DEC,47840.52216666668
2047,Agri05_Agroforestry,DEE,237338.16800000003
2047,Agri05_Agroforestry,DED,226562.18713971446
2047,Agri05_Agroforestry,DEF,51778.64332847992
2047,Agri05_Agroforestry,DEG,41413.33073828975
2047,Agri06_Biochar,DE1,0.0
2047,Agri06_Biochar,DE2,0.0
2047,Agri06_Biochar,DE3,0.0
2047,Agri06_Biochar,DE4,0.0
2047,Agri06_Biochar,DE5,0.0
2047,Agri06_Biochar,DE6,0.0
2047,Agri06_Biochar,DE7,0.0
2047,Agri06_Biochar,DE8,0.0
2047,Agri06_Biochar,DE9,0.0
2047,Agri06_Biochar,DEA,0.0
2047,Agri06_Biochar,DEB,0.0
2047,Agri06_Biochar,DEC,0.0
2047,Agri06_Biochar,DEE,0.0
2047,Agri06_Biochar,DED,0.0
2047,Agri06_Biochar,DEF,0.0
2047,Agri06_Biochar,DEG,0.0
2048,Agri01_AGC,DE1,0.0
2048,Agri01_AGC,DE2,0.0
2048,Agri01_AGC,DE3,0.0
2048,Agri01_AGC,DE4,0.0
2048,Agri01_AGC,DE5,0.0
2048,Agri01_AGC,DE6,0.0
2048,Agri01_AGC,DE7,0.0
2048,Agri01_AGC,DE8,0.0
2048,Agri01_AGC,DE9,0.0
2048,Agri01_AGC,DEA,0.0
2048,Agri01_AGC,DEB,0.0
2048,Agri01_AGC,DEC,0.0
2048,Agri01_AGC,DEE,0.0
2048,Agri01_AGC,DED,0.0
2048,Agri01_AGC,DEF,0.0
2048,Agri01_AGC,DEG,0.0
2048,Agri02_OFC,DE1,0.0
2048,Agri02_OFC,DE2,0.0
2048,Agri02_OFC,DE3,0.0
2048,Agri02_OFC,DE4,0.0
2048,Agri02_OFC,DE5,0.0
2048,Agri02_OFC,DE6,0.0
2048,Agri02_OFC,DE7,0.0
2048,Agri02_OFC,DE8,0.0
2048,Agri02_OFC,DE9,0.0
2048,Agri02_OFC,DEA,0.0
2048,Agri02_OFC,DEB,0.0
2048,Agri02_OFC,DEC,0.0
2048,Agri02_OFC,DEE,0.0
2048,Agri02_OFC,DED,0.0
2048,Agri02_OFC,DEF,0.0
2048,Agri02_OFC,DEG,0.0
2048,Agri03_No-till,DE1,0.0
2048,Agri03_No-till,DE2,0.0
2048,Agri03_No-till,DE3,0.0
2048,Agri03_No-till,DE4,0.0
2048,Agri03_No-till,DE5,0.0
2048,Agri03_No-till,DE6,0.0
2048,Agri03_No-till,DE7,0.0
2048,Agri03_No-till,DE8,0.0
2048,Agri03_No-till,DE9,0.0
2048,Agri03_No-till,DEA,0.0
2048,Agri03_No-till,DEB,0.0
2048,Agri03_No-till,DEC,0.0
2048,Agri03_No-till,DEE,0.0
2048,Agri03_No-till,DED,0.0
2048,Agri03_No-till,DEF,0.0
2048,Agri03_No-till,DEG,0.0
2048,Agri04_toGrassland,DE1,0.0
2048,Agri04_toGrassland,DE2,0.0
2048,Agri04_toGrassland,DE3,0.0
2048,Agri04_toGrassland,DE4,0.0
2048,Agri04_toGrassland,DE5,0.0
2048,Agri04_toGrassland,DE6,0.0
2048,Agri04_toGrassland,DE7,0.0
2048,Agri04_toGrassland,DE8,0.0
2048,Agri04_toGrassland,DE9,0.0
2048,Agri04_toGrassland,DEA,0.0
2048,Agri04_toGrassland,DEB,0.0
2048,Agri04_toGrassland,DEC,0.0
2048,Agri04_toGrassland,DEE,0.0
2048,Agri04_toGrassland,DED,0.0
2048,Agri04_toGrassland,DEF,0.0
2048,Agri04_toGrassland,DEG,0.0
2048,Agri05_Agroforestry,DE1,338191.51589741494
2048,Agri05_Agroforestry,DE2,426926.2885169599
2048,Agri05_Agroforestry,DE3,1307.8725000000002
2048,Agri05_Agroforestry,DE4,345940.46542236075
2048,Agri05_Agroforestry,DE5,10736.907666666668
2048,Agri05_Agroforestry,DE6,8691.746166666666
2048,Agri05_Agroforestry,DE7,80962.09397085567
2048,Agri05_Agroforestry,DE8,331590.203466436
2048,Agri05_Agroforestry,DE9,395426.5712821812
2048,Agri05_Agroforestry,DEA,338628.5785635748
2048,Agri05_Agroforestry,DEB,219301.9434553872
2048,Agri05_Agroforestry,DEC,47840.52216666668
2048,Agri05_Agroforestry,DEE,237338.16800000003
2048,Agri05_Agroforestry,DED,226562.18713971446
2048,Agri05_Agroforestry,DEF,51778.64332847992
2048,Agri05_Agroforestry,DEG,41413.33073828975
2048,Agri06_Biochar,DE1,0.0
2048,Agri06_Biochar,DE2,0.0
2048,Agri06_Biochar,DE3,0.0
2048,Agri06_Biochar,DE4,0.0
2048,Agri06_Biochar,DE5,0.0
2048,Agri06_Biochar,DE6,0.0
2048,Agri06_Biochar,DE7,0.0
2048,Agri06_Biochar,DE8,0.0
2048,Agri06_Biochar,DE9,0.0
2048,Agri06_Biochar,DEA,0.0
2048,Agri06_Biochar,DEB,0.0
2048,Agri06_Biochar,DEC,0.0
2048,Agri06_Biochar,DEE,0.0
2048,Agri06_Biochar,DED,0.0
2048,Agri06_Biochar,DEF,0.0
2048,Agri06_Biochar,DEG,0.0
2049,Agri01_AGC,DE1,0.0
2049,Agri01_AGC,DE2,0.0
2049,Agri01_AGC,DE3,0.0
2049,Agri01_AGC,DE4,0.0
2049,Agri01_AGC,DE5,0.0
2049,Agri01_AGC,DE6,0.0
2049,Agri01_AGC,DE7,0.0
2049,Agri01_AGC,DE8,0.0
2049,Agri01_AGC,DE9,0.0
2049,Agri01_AGC,DEA,0.0
2049,Agri01_AGC,DEB,0.0
2049,Agri01_AGC,DEC,0.0
2049,Agri01_AGC,DEE,0.0
2049,Agri01_AGC,DED,0.0
2049,Agri01_AGC,DEF,0.0
2049,Agri01_AGC,DEG,0.0
2049,Agri02_OFC,DE1,0.0
2049,Agri02_OFC,DE2,0.0
2049,Agri02_OFC,DE3,0.0
2049,Agri02_OFC,DE4,0.0
2049,Agri02_OFC,DE5,0.0
2049,Agri02_OFC,DE6,0.0
2049,Agri02_OFC,DE7,0.0
2049,Agri02_OFC,DE8,0.0
2049,Agri02_OFC,DE9,0.0
2049,Agri02_OFC,DEA,0.0
2049,Agri02_OFC,DEB,0.0
2049,Agri02_OFC,DEC,0.0
2049,Agri02_OFC,DEE,0.0
2049,Agri02_OFC,DED,0.0
2049,Agri02_OFC,DEF,0.0
2049,Agri02_OFC,DEG,0.0
2049,Agri03_No-till,DE1,0.0
2049,Agri03_No-till,DE2,0.0
2049,Agri03_No-till,DE3,0.0
2049,Agri03_No-till,DE4,0.0
2049,Agri03_No-till,DE5,0.0
2049,Agri03_No-till,DE6,0.0
2049,Agri03_No-till,DE7,0.0
2049,Agri03_No-till,DE8,0.0
2049,Agri03_No-till,DE9,0.0
2049,Agri03_No-till,DEA,0.0
2049,Agri03_No-till,DEB,0.0
2049,Agri03_No-till,DEC,0.0
2049,Agri03_No-till,DEE,0.0
2049,Agri03_No-till,DED,0.0
2049,Agri03_No-till,DEF,0.0
2049,Agri03_No-till,DEG,0.0
2049,Agri04_toGrassland,DE1,0.0
2049,Agri04_toGrassland,DE2,0.0
2049,Agri04_toGrassland,DE3,0.0
2049,Agri04_toGrassland,DE4,0.0
2049,Agri04_toGrassland,DE5,0.0
2049,Agri04_toGrassland,DE6,0.0
2049,Agri04_toGrassland,DE7,0.0
2049,Agri04_toGrassland,DE8,0.0
2049,Agri04_toGrassland,DE9,0.0
2049,Agri04_toGrassland,DEA,0.0
2049,Agri04_toGrassland,DEB,0.0
2049,Agri04_toGrassland,DEC,0.0
2049,Agri04_toGrassland,DEE,0.0
2049,Agri04_toGrassland,DED,0.0
2049,Agri04_toGrassland,DEF,0.0
2049,Agri04_toGrassland,DEG,0.0
2049,Agri05_Agroforestry,DE1,338191.51589741494
2049,Agri05_Agroforestry,DE2,426926.2885169599
2049,Agri05_Agroforestry,DE3,1307.8725000000002
2049,Agri05_Agroforestry,DE4,345940.46542236075
2049,Agri05_Agroforestry,DE5,10736.907666666668
2049,Agri05_Agroforestry,DE6,8691.746166666666
2049,Agri05_Agroforestry,DE7,80962.09397085567
2049,Agri05_Agroforestry,DE8,331590.203466436
2049,Agri05_Agroforestry,DE9,395426.5712821812
2049,Agri05_Agroforestry,DEA,338628.5785635748
2049,Agri05_Agroforestry,DEB,219301.9434553872
2049,Agri05_Agroforestry,DEC,47840.52216666668
2049,Agri05_Agroforestry,DEE,237338.16800000003
2049,Agri05_Agroforestry,DED,226562.18713971446
2049,Agri05_Agroforestry,DEF,51778.64332847992
2049,Agri05_Agroforestry,DEG,41413.33073828975
2049,Agri06_Biochar,DE1,0.0
2049,Agri06_Biochar,DE2,0.0
2049,Agri06_Biochar,DE3,0.0
2049,Agri06_Biochar,DE4,0.0
2049,Agri06_Biochar,DE5,0.0
2049,Agri06_Biochar,DE6,0.0
2049,Agri06_Biochar,DE7,0.0
2049,Agri06_Biochar,DE8,0.0
2049,Agri06_Biochar,DE9,0.0
2049,Agri06_Biochar,DEA,0.0
2049,Agri06_Biochar,DEB,0.0
2049,Agri06_Biochar,DEC,0.0
2049,Agri06_Biochar,DEE,0.0
2049,Agri06_Biochar,DED,0.0
2049,Agri06_Biochar,DEF,0.0
2049,Agri06_Biochar,DEG,0.0
2050,Agri01_AGC,DE1,0.0
2050,Agri01_AGC,DE2,0.0
2050,Agri01_AGC,DE3,0.0
2050,Agri01_AGC,DE4,0.0
2050,Agri01_AGC,DE5,0.0
2050,Agri01_AGC,DE6,0.0
2050,Agri01_AGC,DE7,0.0
2050,Agri01_AGC,DE8,0.0
2050,Agri01_AGC,DE9,0.0
2050,Agri01_AGC,DEA,0.0
2050,Agri01_AGC,DEB,0.0
2050,Agri01_AGC,DEC,0.0
2050,Agri01_AGC,DEE,0.0
2050,Agri01_AGC,DED,0.0
2050,Agri01_AGC,DEF,0.0
2050,Agri01_AGC,DEG,0.0
2050,Agri02_OFC,DE1,0.0
2050,Agri02_OFC,DE2,0.0
2050,Agri02_OFC,DE3,0.0
2050,Agri02_OFC,DE4,0.0
2050,Agri02_OFC,DE5,0.0
2050,Agri02_OFC,DE6,0.0
2050,Agri02_OFC,DE7,0.0
2050,Agri02_OFC,DE8,0.0
2050,Agri02_OFC,DE9,0.0
2050,Agri02_OFC,DEA,0.0
2050,Agri02_OFC,DEB,0.0
2050,Agri02_OFC,DEC,0.0
2050,Agri02_OFC,DEE,0.0
2050,Agri02_OFC,DED,0.0
2050,Agri02_OFC,DEF,0.0
2050,Agri02_OFC,DEG,0.0
2050,Agri03_No-till,DE1,0.0
2050,Agri03_No-till,DE2,0.0
2050,Agri03_No-till,DE3,0.0
2050,Agri03_No-till,DE4,0.0
2050,Agri03_No-till,DE5,0.0
2050,Agri03_No-till,DE6,0.0
2050,Agri03_No-till,DE7,0.0
2050,Agri03_No-till,DE8,0.0
2050,Agri03_No-till,DE9,0.0
2050,Agri03_No-till,DEA,0.0
2050,Agri03_No-till,DEB,0.0
2050,Agri03_No-till,DEC,0.0
2050,Agri03_No-till,DEE,0.0
2050,Agri03_No-till,DED,0.0
2050,Agri03_No-till,DEF,0.0
2050,Agri03_No-till,DEG,0.0
2050,Agri04_toGrassland,DE1,0.0
2050,Agri04_toGrassland,DE2,0.0
2050,Agri04_toGrassland,DE3,0.0
2050,Agri04_toGrassland,DE4,0.0
2050,Agri04_toGrassland,DE5,0.0
2050,Agri04_toGrassland,DE6,0.0
2050,Agri04_toGrassland,DE7,0.0
2050,Agri04_toGrassland,DE8,0.0
2050,Agri04_toGrassland,DE9,0.0
2050,Agri04_toGrassland,DEA,0.0
2050,Agri04_toGrassland,DEB,0.0
2050,Agri04_toGrassland,DEC,0.0
2050,Agri04_toGrassland,DEE,0.0
2050,Agri04_toGrassland,DED,0.0
2050,Agri04_toGrassland,DEF,0.0
2050,Agri04_toGrassland,DEG,0.0
2050,Agri05_Agroforestry,DE1,338191.51589741494
2050,Agri05_Agroforestry,DE2,426926.2885169599
2050,Agri05_Agroforestry,DE3,1307.8725000000002
2050,Agri05_Agroforestry,DE4,345940.46542236075
2050,Agri05_Agroforestry,DE5,10736.907666666668
2050,Agri05_Agroforestry,DE6,8691.746166666666
2050,Agri05_Agroforestry,DE7,80962.09397085567
2050,Agri05_Agroforestry,DE8,331590.203466436
2050,Agri05_Agroforestry,DE9,395426.5712821812
2050,Agri05_Agroforestry,DEA,338628.5785635748
2050,Agri05_Agroforestry,DEB,219301.9434553872
2050,Agri05_Agroforestry,DEC,47840.52216666668
2050,Agri05_Agroforestry,DEE,237338.16800000003
2050,Agri05_Agroforestry,DED,226562.18713971446
2050,Agri05_Agroforestry,DEF,51778.64332847992
2050,Agri05_Agroforestry,DEG,41413.33073828975
2050,Agri06_Biochar,DE1,0.0
2050,Agri06_Biochar,DE2,0.0
2050,Agri06_Biochar,DE3,0.0
2050,Agri06_Biochar,DE4,0.0
2050,Agri06_Biochar,DE5,0.0
2050,Agri06_Biochar,DE6,0.0
2050,Agri06_Biochar,DE7,0.0
2050,Agri06_Biochar,DE8,0.0
2050,Agri06_Biochar,DE9,0.0
2050,Agri06_Biochar,DEA,0.0
2050,Agri06_Biochar,DEB,0.0
2050,Agri06_Biochar,DEC,0.0
2050,Agri06_Biochar,DEE,0.0
2050,Agri06_Biochar,DED,0.0
2050,Agri06_Biochar,DEF,0.0
2050,Agri06_Biochar,DEG,0.0
