year,techFMs,r,capFMs
2020,FM01_PSA,DE1,0.0
2020,FM01_PSA,DE2,0.0
2020,FM01_PSA,DE3,0.0
2020,FM01_PSA,DE4,0.0
2020,FM01_PSA,DE5,0.0
2020,FM01_PSA,DE6,0.0
2020,FM01_PSA,DE7,0.0
2020,FM01_PSA,DE8,0.0
2020,FM01_PSA,DE9,0.0
2020,FM01_PSA,DEA,0.0
2020,FM01_PSA,DEB,0.0
2020,FM01_PSA,DEC,0.0
2020,FM01_PSA,DEE,0.0
2020,FM01_PSA,DED,0.0
2020,FM01_PSA,DEF,0.0
2020,FM01_PSA,DEG,0.0
2020,FM02_TSA,DE1,0.0
2020,FM02_TSA,DE2,0.0
2020,FM02_TSA,DE3,0.0
2020,FM02_TSA,DE4,0.0
2020,FM02_TSA,DE5,0.0
2020,FM02_TSA,DE6,0.0
2020,FM02_TSA,DE7,0.0
2020,FM02_TSA,DE8,0.0
2020,FM02_TSA,DE9,0.0
2020,FM02_TSA,DEA,0.0
2020,FM02_TSA,DEB,0.0
2020,FM02_TSA,DEC,0.0
2020,FM02_TSA,DEE,0.0
2020,FM02_TSA,DED,0.0
2020,FM02_TSA,DEF,0.0
2020,FM02_TSA,DEG,0.0
2020,FM03_Beech,DE1,0.0
2020,FM03_Beech,DE2,0.0
2020,FM03_Beech,DE3,0.0
2020,FM03_Beech,DE4,0.0
2020,FM03_Beech,DE5,0.0
2020,FM03_Beech,DE6,0.0
2020,FM03_Beech,DE7,0.0
2020,FM03_Beech,DE8,0.0
2020,FM03_Beech,DE9,0.0
2020,FM03_Beech,DEA,0.0
2020,FM03_Beech,DEB,0.0
2020,FM03_Beech,DEC,0.0
2020,FM03_Beech,DEE,0.0
2020,FM03_Beech,DED,0.0
2020,FM03_Beech,DEF,0.0
2020,FM03_Beech,DEG,0.0
2020,FM04_DouglasFir,DE1,0.0
2020,FM04_DouglasFir,DE2,0.0
2020,FM04_DouglasFir,DE3,0.0
2020,FM04_DouglasFir,DE4,0.0
2020,FM04_DouglasFir,DE5,0.0
2020,FM04_DouglasFir,DE6,0.0
2020,FM04_DouglasFir,DE7,0.0
2020,FM04_DouglasFir,DE8,0.0
2020,FM04_DouglasFir,DE9,0.0
2020,FM04_DouglasFir,DEA,0.0
2020,FM04_DouglasFir,DEB,0.0
2020,FM04_DouglasFir,DEC,0.0
2020,FM04_DouglasFir,DEE,0.0
2020,FM04_DouglasFir,DED,0.0
2020,FM04_DouglasFir,DEF,0.0
2020,FM04_DouglasFir,DEG,0.0
2020,FM05_Oak,DE1,0.0
2020,FM05_Oak,DE2,0.0
2020,FM05_Oak,DE3,0.0
2020,FM05_Oak,DE4,0.0
2020,FM05_Oak,DE5,0.0
2020,FM05_Oak,DE6,0.0
2020,FM05_Oak,DE7,0.0
2020,FM05_Oak,DE8,0.0
2020,FM05_Oak,DE9,0.0
2020,FM05_Oak,DEA,0.0
2020,FM05_Oak,DEB,0.0
2020,FM05_Oak,DEC,0.0
2020,FM05_Oak,DEE,0.0
2020,FM05_Oak,DED,0.0
2020,FM05_Oak,DEF,0.0
2020,FM05_Oak,DEG,0.0
2020,FM06_ScotPine,DE1,0.0
2020,FM06_ScotPine,DE2,0.0
2020,FM06_ScotPine,DE3,0.0
2020,FM06_ScotPine,DE4,0.0
2020,FM06_ScotPine,DE5,0.0
2020,FM06_ScotPine,DE6,0.0
2020,FM06_ScotPine,DE7,0.0
2020,FM06_ScotPine,DE8,0.0
2020,FM06_ScotPine,DE9,0.0
2020,FM06_ScotPine,DEA,0.0
2020,FM06_ScotPine,DEB,0.0
2020,FM06_ScotPine,DEC,0.0
2020,FM06_ScotPine,DEE,0.0
2020,FM06_ScotPine,DED,0.0
2020,FM06_ScotPine,DEF,0.0
2020,FM06_ScotPine,DEG,0.0
2020,PC_Rewetting,DE1,80000.0
2020,PC_Rewetting,DE2,0.0
2020,PC_Rewetting,DE3,0.0
2020,PC_Rewetting,DE4,0.0
2020,PC_Rewetting,DE5,0.0
2020,PC_Rewetting,DE6,0.0
2020,PC_Rewetting,DE7,0.0
2020,PC_Rewetting,DE8,0.0
2020,PC_Rewetting,DE9,0.0
2020,PC_Rewetting,DEA,0.0
2020,PC_Rewetting,DEB,0.0
2020,PC_Rewetting,DEC,0.0
2020,PC_Rewetting,DEE,0.0
2020,PC_Rewetting,DED,0.0
2020,PC_Rewetting,DEF,0.0
2020,PC_Rewetting,DEG,0.0
2021,FM01_PSA,DE1,0.0
2021,FM01_PSA,DE2,0.0
2021,FM01_PSA,DE3,0.0
2021,FM01_PSA,DE4,0.0
2021,FM01_PSA,DE5,0.0
2021,FM01_PSA,DE6,0.0
2021,FM01_PSA,DE7,0.0
2021,FM01_PSA,DE8,0.0
2021,FM01_PSA,DE9,0.0
2021,FM01_PSA,DEA,0.0
2021,FM01_PSA,DEB,0.0
2021,FM01_PSA,DEC,0.0
2021,FM01_PSA,DEE,0.0
2021,FM01_PSA,DED,0.0
2021,FM01_PSA,DEF,0.0
2021,FM01_PSA,DEG,0.0
2021,FM02_TSA,DE1,7871.933816000001
2021,FM02_TSA,DE2,7784.062040000001
2021,FM02_TSA,DE3,2.7640480000000003
2021,FM02_TSA,DE4,495.9352
2021,FM02_TSA,DE5,1.98168
2021,FM02_TSA,DE6,10.183112
2021,FM02_TSA,DE7,7100.389064000002
2021,FM02_TSA,DE8,1504.5151920000003
2021,FM02_TSA,DE9,3552.5038240000003
2021,FM02_TSA,DEA,4305.892008
2021,FM02_TSA,DEB,5649.861864
2021,FM02_TSA,DEC,657.800552
2021,FM02_TSA,DEE,855.0787280000001
2021,FM02_TSA,DED,537.41248
2021,FM02_TSA,DEF,992.738696
2021,FM02_TSA,DEG,2717.056056
2021,FM03_Beech,DE1,0.0
2021,FM03_Beech,DE2,0.0
2021,FM03_Beech,DE3,0.0
2021,FM03_Beech,DE4,0.0
2021,FM03_Beech,DE5,0.0
2021,FM03_Beech,DE6,0.0
2021,FM03_Beech,DE7,0.0
2021,FM03_Beech,DE8,0.0
2021,FM03_Beech,DE9,0.0
2021,FM03_Beech,DEA,0.0
2021,FM03_Beech,DEB,0.0
2021,FM03_Beech,DEC,0.0
2021,FM03_Beech,DEE,0.0
2021,FM03_Beech,DED,0.0
2021,FM03_Beech,DEF,0.0
2021,FM03_Beech,DEG,0.0
2021,FM04_DouglasFir,DE1,0.0
2021,FM04_DouglasFir,DE2,0.0
2021,FM04_DouglasFir,DE3,0.0
2021,FM04_DouglasFir,DE4,0.0
2021,FM04_DouglasFir,DE5,0.0
2021,FM04_DouglasFir,DE6,0.0
2021,FM04_DouglasFir,DE7,0.0
2021,FM04_DouglasFir,DE8,0.0
2021,FM04_DouglasFir,DE9,0.0
2021,FM04_DouglasFir,DEA,0.0
2021,FM04_DouglasFir,DEB,0.0
2021,FM04_DouglasFir,DEC,0.0
2021,FM04_DouglasFir,DEE,0.0
2021,FM04_DouglasFir,DED,0.0
2021,FM04_DouglasFir,DEF,0.0
2021,FM04_DouglasFir,DEG,0.0
2021,FM05_Oak,DE1,0.0
2021,FM05_Oak,DE2,0.0
2021,FM05_Oak,DE3,0.0
2021,FM05_Oak,DE4,0.0
2021,FM05_Oak,DE5,0.0
2021,FM05_Oak,DE6,0.0
2021,FM05_Oak,DE7,0.0
2021,FM05_Oak,DE8,0.0
2021,FM05_Oak,DE9,0.0
2021,FM05_Oak,DEA,0.0
2021,FM05_Oak,DEB,0.0
2021,FM05_Oak,DEC,0.0
2021,FM05_Oak,DEE,0.0
2021,FM05_Oak,DED,0.0
2021,FM05_Oak,DEF,0.0
2021,FM05_Oak,DEG,0.0
2021,FM06_ScotPine,DE1,0.0
2021,FM06_ScotPine,DE2,0.0
2021,FM06_ScotPine,DE3,0.0
2021,FM06_ScotPine,DE4,0.0
2021,FM06_ScotPine,DE5,0.0
2021,FM06_ScotPine,DE6,0.0
2021,FM06_ScotPine,DE7,0.0
2021,FM06_ScotPine,DE8,0.0
2021,FM06_ScotPine,DE9,0.0
2021,FM06_ScotPine,DEA,0.0
2021,FM06_ScotPine,DEB,0.0
2021,FM06_ScotPine,DEC,0.0
2021,FM06_ScotPine,DEE,0.0
2021,FM06_ScotPine,DED,0.0
2021,FM06_ScotPine,DEF,0.0
2021,FM06_ScotPine,DEG,0.0
2021,PC_Rewetting,DE1,80000.0
2021,PC_Rewetting,DE2,0.0
2021,PC_Rewetting,DE3,0.0
2021,PC_Rewetting,DE4,0.0
2021,PC_Rewetting,DE5,0.0
2021,PC_Rewetting,DE6,0.0
2021,PC_Rewetting,DE7,0.0
2021,PC_Rewetting,DE8,0.0
2021,PC_Rewetting,DE9,0.0
2021,PC_Rewetting,DEA,0.0
2021,PC_Rewetting,DEB,0.0
2021,PC_Rewetting,DEC,0.0
2021,PC_Rewetting,DEE,0.0
2021,PC_Rewetting,DED,0.0
2021,PC_Rewetting,DEF,0.0
2021,PC_Rewetting,DEG,0.0
2022,FM01_PSA,DE1,0.0
2022,FM01_PSA,DE2,0.0
2022,FM01_PSA,DE3,0.0
2022,FM01_PSA,DE4,0.0
2022,FM01_PSA,DE5,0.0
2022,FM01_PSA,DE6,0.0
2022,FM01_PSA,DE7,0.0
2022,FM01_PSA,DE8,0.0
2022,FM01_PSA,DE9,0.0
2022,FM01_PSA,DEA,0.0
2022,FM01_PSA,DEB,0.0
2022,FM01_PSA,DEC,0.0
2022,FM01_PSA,DEE,0.0
2022,FM01_PSA,DED,0.0
2022,FM01_PSA,DEF,0.0
2022,FM01_PSA,DEG,0.0
2022,FM02_TSA,DE1,16051.899824800003
2022,FM02_TSA,DE2,15872.717812
2022,FM02_TSA,DE3,5.6362544
2022,FM02_TSA,DE4,1011.27656
2022,FM02_TSA,DE5,4.040904
2022,FM02_TSA,DE6,20.7646936
2022,FM02_TSA,DE7,14478.619439200003
2022,FM02_TSA,DE8,3067.902717600001
2022,FM02_TSA,DE9,7244.018667200001
2022,FM02_TSA,DEA,8780.2754424
2022,FM02_TSA,DEB,11520.805279200002
2022,FM02_TSA,DEC,1341.3411256
2022,FM02_TSA,DEE,1743.6170584000001
2022,FM02_TSA,DED,1095.854144
2022,FM02_TSA,DEF,2024.3236888000001
2022,FM02_TSA,DEG,5540.4316968
2022,FM03_Beech,DE1,0.0
2022,FM03_Beech,DE2,0.0
2022,FM03_Beech,DE3,0.0
2022,FM03_Beech,DE4,0.0
2022,FM03_Beech,DE5,0.0
2022,FM03_Beech,DE6,0.0
2022,FM03_Beech,DE7,0.0
2022,FM03_Beech,DE8,0.0
2022,FM03_Beech,DE9,0.0
2022,FM03_Beech,DEA,0.0
2022,FM03_Beech,DEB,0.0
2022,FM03_Beech,DEC,0.0
2022,FM03_Beech,DEE,0.0
2022,FM03_Beech,DED,0.0
2022,FM03_Beech,DEF,0.0
2022,FM03_Beech,DEG,0.0
2022,FM04_DouglasFir,DE1,0.0
2022,FM04_DouglasFir,DE2,0.0
2022,FM04_DouglasFir,DE3,0.0
2022,FM04_DouglasFir,DE4,0.0
2022,FM04_DouglasFir,DE5,0.0
2022,FM04_DouglasFir,DE6,0.0
2022,FM04_DouglasFir,DE7,0.0
2022,FM04_DouglasFir,DE8,0.0
2022,FM04_DouglasFir,DE9,0.0
2022,FM04_DouglasFir,DEA,0.0
2022,FM04_DouglasFir,DEB,0.0
2022,FM04_DouglasFir,DEC,0.0
2022,FM04_DouglasFir,DEE,0.0
2022,FM04_DouglasFir,DED,0.0
2022,FM04_DouglasFir,DEF,0.0
2022,FM04_DouglasFir,DEG,0.0
2022,FM05_Oak,DE1,0.0
2022,FM05_Oak,DE2,0.0
2022,FM05_Oak,DE3,0.0
2022,FM05_Oak,DE4,0.0
2022,FM05_Oak,DE5,0.0
2022,FM05_Oak,DE6,0.0
2022,FM05_Oak,DE7,0.0
2022,FM05_Oak,DE8,0.0
2022,FM05_Oak,DE9,0.0
2022,FM05_Oak,DEA,0.0
2022,FM05_Oak,DEB,0.0
2022,FM05_Oak,DEC,0.0
2022,FM05_Oak,DEE,0.0
2022,FM05_Oak,DED,0.0
2022,FM05_Oak,DEF,0.0
2022,FM05_Oak,DEG,0.0
2022,FM06_ScotPine,DE1,0.0
2022,FM06_ScotPine,DE2,0.0
2022,FM06_ScotPine,DE3,0.0
2022,FM06_ScotPine,DE4,0.0
2022,FM06_ScotPine,DE5,0.0
2022,FM06_ScotPine,DE6,0.0
2022,FM06_ScotPine,DE7,0.0
2022,FM06_ScotPine,DE8,0.0
2022,FM06_ScotPine,DE9,0.0
2022,FM06_ScotPine,DEA,0.0
2022,FM06_ScotPine,DEB,0.0
2022,FM06_ScotPine,DEC,0.0
2022,FM06_ScotPine,DEE,0.0
2022,FM06_ScotPine,DED,0.0
2022,FM06_ScotPine,DEF,0.0
2022,FM06_ScotPine,DEG,0.0
2022,PC_Rewetting,DE1,80000.0
2022,PC_Rewetting,DE2,0.0
2022,PC_Rewetting,DE3,0.0
2022,PC_Rewetting,DE4,0.0
2022,PC_Rewetting,DE5,0.0
2022,PC_Rewetting,DE6,0.0
2022,PC_Rewetting,DE7,0.0
2022,PC_Rewetting,DE8,0.0
2022,PC_Rewetting,DE9,0.0
2022,PC_Rewetting,DEA,0.0
2022,PC_Rewetting,DEB,0.0
2022,PC_Rewetting,DEC,0.0
2022,PC_Rewetting,DEE,0.0
2022,PC_Rewetting,DED,0.0
2022,PC_Rewetting,DEF,0.0
2022,PC_Rewetting,DEG,0.0
2023,FM01_PSA,DE1,0.0
2023,FM01_PSA,DE2,0.0
2023,FM01_PSA,DE3,0.0
2023,FM01_PSA,DE4,0.0
2023,FM01_PSA,DE5,0.0
2023,FM01_PSA,DE6,0.0
2023,FM01_PSA,DE7,0.0
2023,FM01_PSA,DE8,0.0
2023,FM01_PSA,DE9,0.0
2023,FM01_PSA,DEA,0.0
2023,FM01_PSA,DEB,0.0
2023,FM01_PSA,DEC,0.0
2023,FM01_PSA,DEE,0.0
2023,FM01_PSA,DED,0.0
2023,FM01_PSA,DEF,0.0
2023,FM01_PSA,DEG,0.0
2023,FM02_TSA,DE1,24539.898026400002
2023,FM02_TSA,DE2,24265.967316000002
2023,FM02_TSA,DE3,8.6166192
2023,FM02_TSA,DE4,1546.0240800000001
2023,FM02_TSA,DE5,6.177672
2023,FM02_TSA,DE6,31.7447448
2023,FM02_TSA,DE7,22134.691125600006
2023,FM02_TSA,DE8,4690.162576800001
2023,FM02_TSA,DE9,11074.544529600002
2023,FM02_TSA,DEA,13423.1503032
2023,FM02_TSA,DEB,17612.830245600002
2023,FM02_TSA,DEC,2050.6217208
2023,FM02_TSA,DEE,2665.6149912
2023,FM02_TSA,DED,1675.3249919999998
2023,FM02_TSA,DEF,3094.7549784000003
2023,FM02_TSA,DEG,8470.1269224
2023,FM03_Beech,DE1,0.0
2023,FM03_Beech,DE2,0.0
2023,FM03_Beech,DE3,0.0
2023,FM03_Beech,DE4,0.0
2023,FM03_Beech,DE5,0.0
2023,FM03_Beech,DE6,0.0
2023,FM03_Beech,DE7,0.0
2023,FM03_Beech,DE8,0.0
2023,FM03_Beech,DE9,0.0
2023,FM03_Beech,DEA,0.0
2023,FM03_Beech,DEB,0.0
2023,FM03_Beech,DEC,0.0
2023,FM03_Beech,DEE,0.0
2023,FM03_Beech,DED,0.0
2023,FM03_Beech,DEF,0.0
2023,FM03_Beech,DEG,0.0
2023,FM04_DouglasFir,DE1,0.0
2023,FM04_DouglasFir,DE2,0.0
2023,FM04_DouglasFir,DE3,0.0
2023,FM04_DouglasFir,DE4,0.0
2023,FM04_DouglasFir,DE5,0.0
2023,FM04_DouglasFir,DE6,0.0
2023,FM04_DouglasFir,DE7,0.0
2023,FM04_DouglasFir,DE8,0.0
2023,FM04_DouglasFir,DE9,0.0
2023,FM04_DouglasFir,DEA,0.0
2023,FM04_DouglasFir,DEB,0.0
2023,FM04_DouglasFir,DEC,0.0
2023,FM04_DouglasFir,DEE,0.0
2023,FM04_DouglasFir,DED,0.0
2023,FM04_DouglasFir,DEF,0.0
2023,FM04_DouglasFir,DEG,0.0
2023,FM05_Oak,DE1,0.0
2023,FM05_Oak,DE2,0.0
2023,FM05_Oak,DE3,0.0
2023,FM05_Oak,DE4,0.0
2023,FM05_Oak,DE5,0.0
2023,FM05_Oak,DE6,0.0
2023,FM05_Oak,DE7,0.0
2023,FM05_Oak,DE8,0.0
2023,FM05_Oak,DE9,0.0
2023,FM05_Oak,DEA,0.0
2023,FM05_Oak,DEB,0.0
2023,FM05_Oak,DEC,0.0
2023,FM05_Oak,DEE,0.0
2023,FM05_Oak,DED,0.0
2023,FM05_Oak,DEF,0.0
2023,FM05_Oak,DEG,0.0
2023,FM06_ScotPine,DE1,0.0
2023,FM06_ScotPine,DE2,0.0
2023,FM06_ScotPine,DE3,0.0
2023,FM06_ScotPine,DE4,0.0
2023,FM06_ScotPine,DE5,0.0
2023,FM06_ScotPine,DE6,0.0
2023,FM06_ScotPine,DE7,0.0
2023,FM06_ScotPine,DE8,0.0
2023,FM06_ScotPine,DE9,0.0
2023,FM06_ScotPine,DEA,0.0
2023,FM06_ScotPine,DEB,0.0
2023,FM06_ScotPine,DEC,0.0
2023,FM06_ScotPine,DEE,0.0
2023,FM06_ScotPine,DED,0.0
2023,FM06_ScotPine,DEF,0.0
2023,FM06_ScotPine,DEG,0.0
2023,PC_Rewetting,DE1,80000.0
2023,PC_Rewetting,DE2,0.0
2023,PC_Rewetting,DE3,0.0
2023,PC_Rewetting,DE4,0.0
2023,PC_Rewetting,DE5,0.0
2023,PC_Rewetting,DE6,0.0
2023,PC_Rewetting,DE7,0.0
2023,PC_Rewetting,DE8,0.0
2023,PC_Rewetting,DE9,0.0
2023,PC_Rewetting,DEA,0.0
2023,PC_Rewetting,DEB,0.0
2023,PC_Rewetting,DEC,0.0
2023,PC_Rewetting,DEE,0.0
2023,PC_Rewetting,DED,0.0
2023,PC_Rewetting,DEF,0.0
2023,PC_Rewetting,DEG,0.0
2024,FM01_PSA,DE1,0.0
2024,FM01_PSA,DE2,0.0
2024,FM01_PSA,DE3,0.0
2024,FM01_PSA,DE4,0.0
2024,FM01_PSA,DE5,0.0
2024,FM01_PSA,DE6,0.0
2024,FM01_PSA,DE7,0.0
2024,FM01_PSA,DE8,0.0
2024,FM01_PSA,DE9,0.0
2024,FM01_PSA,DEA,0.0
2024,FM01_PSA,DEB,0.0
2024,FM01_PSA,DEC,0.0
2024,FM01_PSA,DEE,0.0
2024,FM01_PSA,DED,0.0
2024,FM01_PSA,DEF,0.0
2024,FM01_PSA,DEG,0.0
2024,FM02_TSA,DE1,33335.9284208
2024,FM02_TSA,DE2,32963.810552
2024,FM02_TSA,DE3,11.7051424
2024,FM02_TSA,DE4,2100.17776
2024,FM02_TSA,DE5,8.391984
2024,FM02_TSA,DE6,43.123265599999996
2024,FM02_TSA,DE7,30068.604123200006
2024,FM02_TSA,DE8,6371.294769600001
2024,FM02_TSA,DE9,15044.081411200003
2024,FM02_TSA,DEA,18234.516590400002
2024,FM02_TSA,DEB,23925.936763200003
2024,FM02_TSA,DEC,2785.6423376
2024,FM02_TSA,DEE,3621.0725264000002
2024,FM02_TSA,DED,2275.8250239999998
2024,FM02_TSA,DEF,4204.0325648
2024,FM02_TSA,DEG,11506.1417328
2024,FM03_Beech,DE1,0.0
2024,FM03_Beech,DE2,0.0
2024,FM03_Beech,DE3,0.0
2024,FM03_Beech,DE4,0.0
2024,FM03_Beech,DE5,0.0
2024,FM03_Beech,DE6,0.0
2024,FM03_Beech,DE7,0.0
2024,FM03_Beech,DE8,0.0
2024,FM03_Beech,DE9,0.0
2024,FM03_Beech,DEA,0.0
2024,FM03_Beech,DEB,0.0
2024,FM03_Beech,DEC,0.0
2024,FM03_Beech,DEE,0.0
2024,FM03_Beech,DED,0.0
2024,FM03_Beech,DEF,0.0
2024,FM03_Beech,DEG,0.0
2024,FM04_DouglasFir,DE1,0.0
2024,FM04_DouglasFir,DE2,0.0
2024,FM04_DouglasFir,DE3,0.0
2024,FM04_DouglasFir,DE4,0.0
2024,FM04_DouglasFir,DE5,0.0
2024,FM04_DouglasFir,DE6,0.0
2024,FM04_DouglasFir,DE7,0.0
2024,FM04_DouglasFir,DE8,0.0
2024,FM04_DouglasFir,DE9,0.0
2024,FM04_DouglasFir,DEA,0.0
2024,FM04_DouglasFir,DEB,0.0
2024,FM04_DouglasFir,DEC,0.0
2024,FM04_DouglasFir,DEE,0.0
2024,FM04_DouglasFir,DED,0.0
2024,FM04_DouglasFir,DEF,0.0
2024,FM04_DouglasFir,DEG,0.0
2024,FM05_Oak,DE1,0.0
2024,FM05_Oak,DE2,0.0
2024,FM05_Oak,DE3,0.0
2024,FM05_Oak,DE4,0.0
2024,FM05_Oak,DE5,0.0
2024,FM05_Oak,DE6,0.0
2024,FM05_Oak,DE7,0.0
2024,FM05_Oak,DE8,0.0
2024,FM05_Oak,DE9,0.0
2024,FM05_Oak,DEA,0.0
2024,FM05_Oak,DEB,0.0
2024,FM05_Oak,DEC,0.0
2024,FM05_Oak,DEE,0.0
2024,FM05_Oak,DED,0.0
2024,FM05_Oak,DEF,0.0
2024,FM05_Oak,DEG,0.0
2024,FM06_ScotPine,DE1,0.0
2024,FM06_ScotPine,DE2,0.0
2024,FM06_ScotPine,DE3,0.0
2024,FM06_ScotPine,DE4,0.0
2024,FM06_ScotPine,DE5,0.0
2024,FM06_ScotPine,DE6,0.0
2024,FM06_ScotPine,DE7,0.0
2024,FM06_ScotPine,DE8,0.0
2024,FM06_ScotPine,DE9,0.0
2024,FM06_ScotPine,DEA,0.0
2024,FM06_ScotPine,DEB,0.0
2024,FM06_ScotPine,DEC,0.0
2024,FM06_ScotPine,DEE,0.0
2024,FM06_ScotPine,DED,0.0
2024,FM06_ScotPine,DEF,0.0
2024,FM06_ScotPine,DEG,0.0
2024,PC_Rewetting,DE1,80000.0
2024,PC_Rewetting,DE2,0.0
2024,PC_Rewetting,DE3,0.0
2024,PC_Rewetting,DE4,0.0
2024,PC_Rewetting,DE5,0.0
2024,PC_Rewetting,DE6,0.0
2024,PC_Rewetting,DE7,0.0
2024,PC_Rewetting,DE8,0.0
2024,PC_Rewetting,DE9,0.0
2024,PC_Rewetting,DEA,0.0
2024,PC_Rewetting,DEB,0.0
2024,PC_Rewetting,DEC,0.0
2024,PC_Rewetting,DEE,0.0
2024,PC_Rewetting,DED,0.0
2024,PC_Rewetting,DEF,0.0
2024,PC_Rewetting,DEG,0.0
2025,FM01_PSA,DE1,0.0
2025,FM01_PSA,DE2,0.0
2025,FM01_PSA,DE3,0.0
2025,FM01_PSA,DE4,0.0
2025,FM01_PSA,DE5,0.0
2025,FM01_PSA,DE6,0.0
2025,FM01_PSA,DE7,0.0
2025,FM01_PSA,DE8,0.0
2025,FM01_PSA,DE9,0.0
2025,FM01_PSA,DEA,0.0
2025,FM01_PSA,DEB,0.0
2025,FM01_PSA,DEC,0.0
2025,FM01_PSA,DEE,0.0
2025,FM01_PSA,DED,0.0
2025,FM01_PSA,DEF,0.0
2025,FM01_PSA,DEG,0.0
2025,FM02_TSA,DE1,42439.991008000005
2025,FM02_TSA,DE2,41966.247520000004
2025,FM02_TSA,DE3,14.901824
2025,FM02_TSA,DE4,2673.7376
2025,FM02_TSA,DE5,10.68384
2025,FM02_TSA,DE6,54.900256
2025,FM02_TSA,DE7,38280.35843200001
2025,FM02_TSA,DE8,8111.299296000001
2025,FM02_TSA,DE9,19152.629312000005
2025,FM02_TSA,DEA,23214.374304
2025,FM02_TSA,DEB,30460.124832000005
2025,FM02_TSA,DEC,3546.402976
2025,FM02_TSA,DEE,4609.989664000001
2025,FM02_TSA,DED,2897.3542399999997
2025,FM02_TSA,DEF,5352.156448
2025,FM02_TSA,DEG,14648.476128
2025,FM03_Beech,DE1,0.0
2025,FM03_Beech,DE2,0.0
2025,FM03_Beech,DE3,0.0
2025,FM03_Beech,DE4,0.0
2025,FM03_Beech,DE5,0.0
2025,FM03_Beech,DE6,0.0
2025,FM03_Beech,DE7,0.0
2025,FM03_Beech,DE8,0.0
2025,FM03_Beech,DE9,0.0
2025,FM03_Beech,DEA,0.0
2025,FM03_Beech,DEB,0.0
2025,FM03_Beech,DEC,0.0
2025,FM03_Beech,DEE,0.0
2025,FM03_Beech,DED,0.0
2025,FM03_Beech,DEF,0.0
2025,FM03_Beech,DEG,0.0
2025,FM04_DouglasFir,DE1,0.0
2025,FM04_DouglasFir,DE2,0.0
2025,FM04_DouglasFir,DE3,0.0
2025,FM04_DouglasFir,DE4,0.0
2025,FM04_DouglasFir,DE5,0.0
2025,FM04_DouglasFir,DE6,0.0
2025,FM04_DouglasFir,DE7,0.0
2025,FM04_DouglasFir,DE8,0.0
2025,FM04_DouglasFir,DE9,0.0
2025,FM04_DouglasFir,DEA,0.0
2025,FM04_DouglasFir,DEB,0.0
2025,FM04_DouglasFir,DEC,0.0
2025,FM04_DouglasFir,DEE,0.0
2025,FM04_DouglasFir,DED,0.0
2025,FM04_DouglasFir,DEF,0.0
2025,FM04_DouglasFir,DEG,0.0
2025,FM05_Oak,DE1,0.0
2025,FM05_Oak,DE2,0.0
2025,FM05_Oak,DE3,0.0
2025,FM05_Oak,DE4,0.0
2025,FM05_Oak,DE5,0.0
2025,FM05_Oak,DE6,0.0
2025,FM05_Oak,DE7,0.0
2025,FM05_Oak,DE8,0.0
2025,FM05_Oak,DE9,0.0
2025,FM05_Oak,DEA,0.0
2025,FM05_Oak,DEB,0.0
2025,FM05_Oak,DEC,0.0
2025,FM05_Oak,DEE,0.0
2025,FM05_Oak,DED,0.0
2025,FM05_Oak,DEF,0.0
2025,FM05_Oak,DEG,0.0
2025,FM06_ScotPine,DE1,0.0
2025,FM06_ScotPine,DE2,0.0
2025,FM06_ScotPine,DE3,0.0
2025,FM06_ScotPine,DE4,0.0
2025,FM06_ScotPine,DE5,0.0
2025,FM06_ScotPine,DE6,0.0
2025,FM06_ScotPine,DE7,0.0
2025,FM06_ScotPine,DE8,0.0
2025,FM06_ScotPine,DE9,0.0
2025,FM06_ScotPine,DEA,0.0
2025,FM06_ScotPine,DEB,0.0
2025,FM06_ScotPine,DEC,0.0
2025,FM06_ScotPine,DEE,0.0
2025,FM06_ScotPine,DED,0.0
2025,FM06_ScotPine,DEF,0.0
2025,FM06_ScotPine,DEG,0.0
2025,PC_Rewetting,DE1,80000.0
2025,PC_Rewetting,DE2,0.0
2025,PC_Rewetting,DE3,0.0
2025,PC_Rewetting,DE4,0.0
2025,PC_Rewetting,DE5,0.0
2025,PC_Rewetting,DE6,0.0
2025,PC_Rewetting,DE7,0.0
2025,PC_Rewetting,DE8,0.0
2025,PC_Rewetting,DE9,0.0
2025,PC_Rewetting,DEA,0.0
2025,PC_Rewetting,DEB,0.0
2025,PC_Rewetting,DEC,0.0
2025,PC_Rewetting,DEE,0.0
2025,PC_Rewetting,DED,0.0
2025,PC_Rewetting,DEF,0.0
2025,PC_Rewetting,DEG,0.0
2026,FM01_PSA,DE1,0.0
2026,FM01_PSA,DE2,0.0
2026,FM01_PSA,DE3,0.0
2026,FM01_PSA,DE4,0.0
2026,FM01_PSA,DE5,0.0
2026,FM01_PSA,DE6,0.0
2026,FM01_PSA,DE7,0.0
2026,FM01_PSA,DE8,0.0
2026,FM01_PSA,DE9,0.0
2026,FM01_PSA,DEA,0.0
2026,FM01_PSA,DEB,0.0
2026,FM01_PSA,DEC,0.0
2026,FM01_PSA,DEE,0.0
2026,FM01_PSA,DED,0.0
2026,FM01_PSA,DEF,0.0
2026,FM01_PSA,DEG,0.0
2026,FM02_TSA,DE1,51852.085788000004
2026,FM02_TSA,DE2,51273.27822000001
2026,FM02_TSA,DE3,18.206664
2026,FM02_TSA,DE4,3266.7036
2026,FM02_TSA,DE5,13.05324
2026,FM02_TSA,DE6,67.075716
2026,FM02_TSA,DE7,46769.95405200001
2026,FM02_TSA,DE8,9910.176156000001
2026,FM02_TSA,DE9,23400.188232000004
2026,FM02_TSA,DEA,28362.723444000003
2026,FM02_TSA,DEB,37215.39445200001
2026,FM02_TSA,DEC,4332.903636
2026,FM02_TSA,DEE,5632.366404
2026,FM02_TSA,DED,3539.9126399999996
2026,FM02_TSA,DEF,6539.126628
2026,FM02_TSA,DEG,17897.130108
2026,FM03_Beech,DE1,0.0
2026,FM03_Beech,DE2,0.0
2026,FM03_Beech,DE3,0.0
2026,FM03_Beech,DE4,0.0
2026,FM03_Beech,DE5,0.0
2026,FM03_Beech,DE6,0.0
2026,FM03_Beech,DE7,0.0
2026,FM03_Beech,DE8,0.0
2026,FM03_Beech,DE9,0.0
2026,FM03_Beech,DEA,0.0
2026,FM03_Beech,DEB,0.0
2026,FM03_Beech,DEC,0.0
2026,FM03_Beech,DEE,0.0
2026,FM03_Beech,DED,0.0
2026,FM03_Beech,DEF,0.0
2026,FM03_Beech,DEG,0.0
2026,FM04_DouglasFir,DE1,0.0
2026,FM04_DouglasFir,DE2,0.0
2026,FM04_DouglasFir,DE3,0.0
2026,FM04_DouglasFir,DE4,0.0
2026,FM04_DouglasFir,DE5,0.0
2026,FM04_DouglasFir,DE6,0.0
2026,FM04_DouglasFir,DE7,0.0
2026,FM04_DouglasFir,DE8,0.0
2026,FM04_DouglasFir,DE9,0.0
2026,FM04_DouglasFir,DEA,0.0
2026,FM04_DouglasFir,DEB,0.0
2026,FM04_DouglasFir,DEC,0.0
2026,FM04_DouglasFir,DEE,0.0
2026,FM04_DouglasFir,DED,0.0
2026,FM04_DouglasFir,DEF,0.0
2026,FM04_DouglasFir,DEG,0.0
2026,FM05_Oak,DE1,0.0
2026,FM05_Oak,DE2,0.0
2026,FM05_Oak,DE3,0.0
2026,FM05_Oak,DE4,0.0
2026,FM05_Oak,DE5,0.0
2026,FM05_Oak,DE6,0.0
2026,FM05_Oak,DE7,0.0
2026,FM05_Oak,DE8,0.0
2026,FM05_Oak,DE9,0.0
2026,FM05_Oak,DEA,0.0
2026,FM05_Oak,DEB,0.0
2026,FM05_Oak,DEC,0.0
2026,FM05_Oak,DEE,0.0
2026,FM05_Oak,DED,0.0
2026,FM05_Oak,DEF,0.0
2026,FM05_Oak,DEG,0.0
2026,FM06_ScotPine,DE1,0.0
2026,FM06_ScotPine,DE2,0.0
2026,FM06_ScotPine,DE3,0.0
2026,FM06_ScotPine,DE4,0.0
2026,FM06_ScotPine,DE5,0.0
2026,FM06_ScotPine,DE6,0.0
2026,FM06_ScotPine,DE7,0.0
2026,FM06_ScotPine,DE8,0.0
2026,FM06_ScotPine,DE9,0.0
2026,FM06_ScotPine,DEA,0.0
2026,FM06_ScotPine,DEB,0.0
2026,FM06_ScotPine,DEC,0.0
2026,FM06_ScotPine,DEE,0.0
2026,FM06_ScotPine,DED,0.0
2026,FM06_ScotPine,DEF,0.0
2026,FM06_ScotPine,DEG,0.0
2026,PC_Rewetting,DE1,80000.0
2026,PC_Rewetting,DE2,0.0
2026,PC_Rewetting,DE3,0.0
2026,PC_Rewetting,DE4,0.0
2026,PC_Rewetting,DE5,0.0
2026,PC_Rewetting,DE6,0.0
2026,PC_Rewetting,DE7,0.0
2026,PC_Rewetting,DE8,0.0
2026,PC_Rewetting,DE9,0.0
2026,PC_Rewetting,DEA,0.0
2026,PC_Rewetting,DEB,0.0
2026,PC_Rewetting,DEC,0.0
2026,PC_Rewetting,DEE,0.0
2026,PC_Rewetting,DED,0.0
2026,PC_Rewetting,DEF,0.0
2026,PC_Rewetting,DEG,0.0
2027,FM01_PSA,DE1,0.0
2027,FM01_PSA,DE2,0.0
2027,FM01_PSA,DE3,0.0
2027,FM01_PSA,DE4,0.0
2027,FM01_PSA,DE5,0.0
2027,FM01_PSA,DE6,0.0
2027,FM01_PSA,DE7,0.0
2027,FM01_PSA,DE8,0.0
2027,FM01_PSA,DE9,0.0
2027,FM01_PSA,DEA,0.0
2027,FM01_PSA,DEB,0.0
2027,FM01_PSA,DEC,0.0
2027,FM01_PSA,DEE,0.0
2027,FM01_PSA,DED,0.0
2027,FM01_PSA,DEF,0.0
2027,FM01_PSA,DEG,0.0
2027,FM02_TSA,DE1,61572.2127608
2027,FM02_TSA,DE2,60884.902652000004
2027,FM02_TSA,DE3,21.6196624
2027,FM02_TSA,DE4,3879.0757599999997
2027,FM02_TSA,DE5,15.500184
2027,FM02_TSA,DE6,79.6496456
2027,FM02_TSA,DE7,55537.390983200006
2027,FM02_TSA,DE8,11767.925349600002
2027,FM02_TSA,DE9,27786.758171200003
2027,FM02_TSA,DEA,33679.564010400005
2027,FM02_TSA,DEB,44191.74562320001
2027,FM02_TSA,DEC,5145.1443176
2027,FM02_TSA,DEE,6688.2027464
2027,FM02_TSA,DED,4203.500223999999
2027,FM02_TSA,DEF,7764.943104800001
2027,FM02_TSA,DEG,21252.103672800004
2027,FM03_Beech,DE1,0.0
2027,FM03_Beech,DE2,0.0
2027,FM03_Beech,DE3,0.0
2027,FM03_Beech,DE4,0.0
2027,FM03_Beech,DE5,0.0
2027,FM03_Beech,DE6,0.0
2027,FM03_Beech,DE7,0.0
2027,FM03_Beech,DE8,0.0
2027,FM03_Beech,DE9,0.0
2027,FM03_Beech,DEA,0.0
2027,FM03_Beech,DEB,0.0
2027,FM03_Beech,DEC,0.0
2027,FM03_Beech,DEE,0.0
2027,FM03_Beech,DED,0.0
2027,FM03_Beech,DEF,0.0
2027,FM03_Beech,DEG,0.0
2027,FM04_DouglasFir,DE1,0.0
2027,FM04_DouglasFir,DE2,0.0
2027,FM04_DouglasFir,DE3,0.0
2027,FM04_DouglasFir,DE4,0.0
2027,FM04_DouglasFir,DE5,0.0
2027,FM04_DouglasFir,DE6,0.0
2027,FM04_DouglasFir,DE7,0.0
2027,FM04_DouglasFir,DE8,0.0
2027,FM04_DouglasFir,DE9,0.0
2027,FM04_DouglasFir,DEA,0.0
2027,FM04_DouglasFir,DEB,0.0
2027,FM04_DouglasFir,DEC,0.0
2027,FM04_DouglasFir,DEE,0.0
2027,FM04_DouglasFir,DED,0.0
2027,FM04_DouglasFir,DEF,0.0
2027,FM04_DouglasFir,DEG,0.0
2027,FM05_Oak,DE1,0.0
2027,FM05_Oak,DE2,0.0
2027,FM05_Oak,DE3,0.0
2027,FM05_Oak,DE4,0.0
2027,FM05_Oak,DE5,0.0
2027,FM05_Oak,DE6,0.0
2027,FM05_Oak,DE7,0.0
2027,FM05_Oak,DE8,0.0
2027,FM05_Oak,DE9,0.0
2027,FM05_Oak,DEA,0.0
2027,FM05_Oak,DEB,0.0
2027,FM05_Oak,DEC,0.0
2027,FM05_Oak,DEE,0.0
2027,FM05_Oak,DED,0.0
2027,FM05_Oak,DEF,0.0
2027,FM05_Oak,DEG,0.0
2027,FM06_ScotPine,DE1,0.0
2027,FM06_ScotPine,DE2,0.0
2027,FM06_ScotPine,DE3,0.0
2027,FM06_ScotPine,DE4,0.0
2027,FM06_ScotPine,DE5,0.0
2027,FM06_ScotPine,DE6,0.0
2027,FM06_ScotPine,DE7,0.0
2027,FM06_ScotPine,DE8,0.0
2027,FM06_ScotPine,DE9,0.0
2027,FM06_ScotPine,DEA,0.0
2027,FM06_ScotPine,DEB,0.0
2027,FM06_ScotPine,DEC,0.0
2027,FM06_ScotPine,DEE,0.0
2027,FM06_ScotPine,DED,0.0
2027,FM06_ScotPine,DEF,0.0
2027,FM06_ScotPine,DEG,0.0
2027,PC_Rewetting,DE1,80000.0
2027,PC_Rewetting,DE2,0.0
2027,PC_Rewetting,DE3,0.0
2027,PC_Rewetting,DE4,0.0
2027,PC_Rewetting,DE5,0.0
2027,PC_Rewetting,DE6,0.0
2027,PC_Rewetting,DE7,0.0
2027,PC_Rewetting,DE8,0.0
2027,PC_Rewetting,DE9,0.0
2027,PC_Rewetting,DEA,0.0
2027,PC_Rewetting,DEB,0.0
2027,PC_Rewetting,DEC,0.0
2027,PC_Rewetting,DEE,0.0
2027,PC_Rewetting,DED,0.0
2027,PC_Rewetting,DEF,0.0
2027,PC_Rewetting,DEG,0.0
2028,FM01_PSA,DE1,0.0
2028,FM01_PSA,DE2,0.0
2028,FM01_PSA,DE3,0.0
2028,FM01_PSA,DE4,0.0
2028,FM01_PSA,DE5,0.0
2028,FM01_PSA,DE6,0.0
2028,FM01_PSA,DE7,0.0
2028,FM01_PSA,DE8,0.0
2028,FM01_PSA,DE9,0.0
2028,FM01_PSA,DEA,0.0
2028,FM01_PSA,DEB,0.0
2028,FM01_PSA,DEC,0.0
2028,FM01_PSA,DEE,0.0
2028,FM01_PSA,DED,0.0
2028,FM01_PSA,DEF,0.0
2028,FM01_PSA,DEG,0.0
2028,FM02_TSA,DE1,71600.3719264
2028,FM02_TSA,DE2,70801.12081600001
2028,FM02_TSA,DE3,25.1408192
2028,FM02_TSA,DE4,4510.85408
2028,FM02_TSA,DE5,18.024672000000002
2028,FM02_TSA,DE6,92.6220448
2028,FM02_TSA,DE7,64582.66922560001
2028,FM02_TSA,DE8,13684.546876800003
2028,FM02_TSA,DE9,32312.339129600005
2028,FM02_TSA,DEA,39164.8960032
2028,FM02_TSA,DEB,51389.17834560001
2028,FM02_TSA,DEC,5983.1250208
2028,FM02_TSA,DEE,7777.4986912
2028,FM02_TSA,DED,4888.116991999999
2028,FM02_TSA,DEF,9029.605878400002
2028,FM02_TSA,DEG,24713.396822400005
2028,FM03_Beech,DE1,0.0
2028,FM03_Beech,DE2,0.0
2028,FM03_Beech,DE3,0.0
2028,FM03_Beech,DE4,0.0
2028,FM03_Beech,DE5,0.0
2028,FM03_Beech,DE6,0.0
2028,FM03_Beech,DE7,0.0
2028,FM03_Beech,DE8,0.0
2028,FM03_Beech,DE9,0.0
2028,FM03_Beech,DEA,0.0
2028,FM03_Beech,DEB,0.0
2028,FM03_Beech,DEC,0.0
2028,FM03_Beech,DEE,0.0
2028,FM03_Beech,DED,0.0
2028,FM03_Beech,DEF,0.0
2028,FM03_Beech,DEG,0.0
2028,FM04_DouglasFir,DE1,0.0
2028,FM04_DouglasFir,DE2,0.0
2028,FM04_DouglasFir,DE3,0.0
2028,FM04_DouglasFir,DE4,0.0
2028,FM04_DouglasFir,DE5,0.0
2028,FM04_DouglasFir,DE6,0.0
2028,FM04_DouglasFir,DE7,0.0
2028,FM04_DouglasFir,DE8,0.0
2028,FM04_DouglasFir,DE9,0.0
2028,FM04_DouglasFir,DEA,0.0
2028,FM04_DouglasFir,DEB,0.0
2028,FM04_DouglasFir,DEC,0.0
2028,FM04_DouglasFir,DEE,0.0
2028,FM04_DouglasFir,DED,0.0
2028,FM04_DouglasFir,DEF,0.0
2028,FM04_DouglasFir,DEG,0.0
2028,FM05_Oak,DE1,0.0
2028,FM05_Oak,DE2,0.0
2028,FM05_Oak,DE3,0.0
2028,FM05_Oak,DE4,0.0
2028,FM05_Oak,DE5,0.0
2028,FM05_Oak,DE6,0.0
2028,FM05_Oak,DE7,0.0
2028,FM05_Oak,DE8,0.0
2028,FM05_Oak,DE9,0.0
2028,FM05_Oak,DEA,0.0
2028,FM05_Oak,DEB,0.0
2028,FM05_Oak,DEC,0.0
2028,FM05_Oak,DEE,0.0
2028,FM05_Oak,DED,0.0
2028,FM05_Oak,DEF,0.0
2028,FM05_Oak,DEG,0.0
2028,FM06_ScotPine,DE1,0.0
2028,FM06_ScotPine,DE2,0.0
2028,FM06_ScotPine,DE3,0.0
2028,FM06_ScotPine,DE4,0.0
2028,FM06_ScotPine,DE5,0.0
2028,FM06_ScotPine,DE6,0.0
2028,FM06_ScotPine,DE7,0.0
2028,FM06_ScotPine,DE8,0.0
2028,FM06_ScotPine,DE9,0.0
2028,FM06_ScotPine,DEA,0.0
2028,FM06_ScotPine,DEB,0.0
2028,FM06_ScotPine,DEC,0.0
2028,FM06_ScotPine,DEE,0.0
2028,FM06_ScotPine,DED,0.0
2028,FM06_ScotPine,DEF,0.0
2028,FM06_ScotPine,DEG,0.0
2028,PC_Rewetting,DE1,80000.0
2028,PC_Rewetting,DE2,0.0
2028,PC_Rewetting,DE3,0.0
2028,PC_Rewetting,DE4,0.0
2028,PC_Rewetting,DE5,0.0
2028,PC_Rewetting,DE6,0.0
2028,PC_Rewetting,DE7,0.0
2028,PC_Rewetting,DE8,0.0
2028,PC_Rewetting,DE9,0.0
2028,PC_Rewetting,DEA,0.0
2028,PC_Rewetting,DEB,0.0
2028,PC_Rewetting,DEC,0.0
2028,PC_Rewetting,DEE,0.0
2028,PC_Rewetting,DED,0.0
2028,PC_Rewetting,DEF,0.0
2028,PC_Rewetting,DEG,0.0
2029,FM01_PSA,DE1,0.0
2029,FM01_PSA,DE2,0.0
2029,FM01_PSA,DE3,0.0
2029,FM01_PSA,DE4,0.0
2029,FM01_PSA,DE5,0.0
2029,FM01_PSA,DE6,0.0
2029,FM01_PSA,DE7,0.0
2029,FM01_PSA,DE8,0.0
2029,FM01_PSA,DE9,0.0
2029,FM01_PSA,DEA,0.0
2029,FM01_PSA,DEB,0.0
2029,FM01_PSA,DEC,0.0
2029,FM01_PSA,DEE,0.0
2029,FM01_PSA,DED,0.0
2029,FM01_PSA,DEF,0.0
2029,FM01_PSA,DEG,0.0
2029,FM02_TSA,DE1,81936.5632848
2029,FM02_TSA,DE2,81021.93271200001
2029,FM02_TSA,DE3,28.7701344
2029,FM02_TSA,DE4,5162.03856
2029,FM02_TSA,DE5,20.626704000000004
2029,FM02_TSA,DE6,105.9929136
2029,FM02_TSA,DE7,73905.78877920001
2029,FM02_TSA,DE8,15660.040737600004
2029,FM02_TSA,DE9,36976.931107200005
2029,FM02_TSA,DEA,44818.719422400005
2029,FM02_TSA,DEB,58807.69261920001
2029,FM02_TSA,DEC,6846.8457456
2029,FM02_TSA,DEE,8900.2542384
2029,FM02_TSA,DED,5593.762943999999
2029,FM02_TSA,DEF,10333.114948800001
2029,FM02_TSA,DEG,28281.009556800007
2029,FM03_Beech,DE1,0.0
2029,FM03_Beech,DE2,0.0
2029,FM03_Beech,DE3,0.0
2029,FM03_Beech,DE4,0.0
2029,FM03_Beech,DE5,0.0
2029,FM03_Beech,DE6,0.0
2029,FM03_Beech,DE7,0.0
2029,FM03_Beech,DE8,0.0
2029,FM03_Beech,DE9,0.0
2029,FM03_Beech,DEA,0.0
2029,FM03_Beech,DEB,0.0
2029,FM03_Beech,DEC,0.0
2029,FM03_Beech,DEE,0.0
2029,FM03_Beech,DED,0.0
2029,FM03_Beech,DEF,0.0
2029,FM03_Beech,DEG,0.0
2029,FM04_DouglasFir,DE1,0.0
2029,FM04_DouglasFir,DE2,0.0
2029,FM04_DouglasFir,DE3,0.0
2029,FM04_DouglasFir,DE4,0.0
2029,FM04_DouglasFir,DE5,0.0
2029,FM04_DouglasFir,DE6,0.0
2029,FM04_DouglasFir,DE7,0.0
2029,FM04_DouglasFir,DE8,0.0
2029,FM04_DouglasFir,DE9,0.0
2029,FM04_DouglasFir,DEA,0.0
2029,FM04_DouglasFir,DEB,0.0
2029,FM04_DouglasFir,DEC,0.0
2029,FM04_DouglasFir,DEE,0.0
2029,FM04_DouglasFir,DED,0.0
2029,FM04_DouglasFir,DEF,0.0
2029,FM04_DouglasFir,DEG,0.0
2029,FM05_Oak,DE1,0.0
2029,FM05_Oak,DE2,0.0
2029,FM05_Oak,DE3,0.0
2029,FM05_Oak,DE4,0.0
2029,FM05_Oak,DE5,0.0
2029,FM05_Oak,DE6,0.0
2029,FM05_Oak,DE7,0.0
2029,FM05_Oak,DE8,0.0
2029,FM05_Oak,DE9,0.0
2029,FM05_Oak,DEA,0.0
2029,FM05_Oak,DEB,0.0
2029,FM05_Oak,DEC,0.0
2029,FM05_Oak,DEE,0.0
2029,FM05_Oak,DED,0.0
2029,FM05_Oak,DEF,0.0
2029,FM05_Oak,DEG,0.0
2029,FM06_ScotPine,DE1,0.0
2029,FM06_ScotPine,DE2,0.0
2029,FM06_ScotPine,DE3,0.0
2029,FM06_ScotPine,DE4,0.0
2029,FM06_ScotPine,DE5,0.0
2029,FM06_ScotPine,DE6,0.0
2029,FM06_ScotPine,DE7,0.0
2029,FM06_ScotPine,DE8,0.0
2029,FM06_ScotPine,DE9,0.0
2029,FM06_ScotPine,DEA,0.0
2029,FM06_ScotPine,DEB,0.0
2029,FM06_ScotPine,DEC,0.0
2029,FM06_ScotPine,DEE,0.0
2029,FM06_ScotPine,DED,0.0
2029,FM06_ScotPine,DEF,0.0
2029,FM06_ScotPine,DEG,0.0
2029,PC_Rewetting,DE1,80000.0
2029,PC_Rewetting,DE2,0.0
2029,PC_Rewetting,DE3,0.0
2029,PC_Rewetting,DE4,0.0
2029,PC_Rewetting,DE5,0.0
2029,PC_Rewetting,DE6,0.0
2029,PC_Rewetting,DE7,0.0
2029,PC_Rewetting,DE8,0.0
2029,PC_Rewetting,DE9,0.0
2029,PC_Rewetting,DEA,0.0
2029,PC_Rewetting,DEB,0.0
2029,PC_Rewetting,DEC,0.0
2029,PC_Rewetting,DEE,0.0
2029,PC_Rewetting,DED,0.0
2029,PC_Rewetting,DEF,0.0
2029,PC_Rewetting,DEG,0.0
2030,FM01_PSA,DE1,0.0
2030,FM01_PSA,DE2,0.0
2030,FM01_PSA,DE3,0.0
2030,FM01_PSA,DE4,0.0
2030,FM01_PSA,DE5,0.0
2030,FM01_PSA,DE6,0.0
2030,FM01_PSA,DE7,0.0
2030,FM01_PSA,DE8,0.0
2030,FM01_PSA,DE9,0.0
2030,FM01_PSA,DEA,0.0
2030,FM01_PSA,DEB,0.0
2030,FM01_PSA,DEC,0.0
2030,FM01_PSA,DEE,0.0
2030,FM01_PSA,DED,0.0
2030,FM01_PSA,DEF,0.0
2030,FM01_PSA,DEG,0.0
2030,FM02_TSA,DE1,92580.786836
2030,FM02_TSA,DE2,91547.33834000002
2030,FM02_TSA,DE3,32.507608
2030,FM02_TSA,DE4,5832.6292
2030,FM02_TSA,DE5,23.306280000000005
2030,FM02_TSA,DE6,119.76225199999999
2030,FM02_TSA,DE7,83506.74964400001
2030,FM02_TSA,DE8,17694.406932000005
2030,FM02_TSA,DE9,41780.534104000006
2030,FM02_TSA,DEA,50641.034268
2030,FM02_TSA,DEB,66447.288444
2030,FM02_TSA,DEC,7736.306492
2030,FM02_TSA,DEE,10056.469388000001
2030,FM02_TSA,DED,6320.438079999999
2030,FM02_TSA,DEF,11675.470316
2030,FM02_TSA,DEG,31954.941876000008
2030,FM03_Beech,DE1,0.0
2030,FM03_Beech,DE2,0.0
2030,FM03_Beech,DE3,0.0
2030,FM03_Beech,DE4,0.0
2030,FM03_Beech,DE5,0.0
2030,FM03_Beech,DE6,0.0
2030,FM03_Beech,DE7,0.0
2030,FM03_Beech,DE8,0.0
2030,FM03_Beech,DE9,0.0
2030,FM03_Beech,DEA,0.0
2030,FM03_Beech,DEB,0.0
2030,FM03_Beech,DEC,0.0
2030,FM03_Beech,DEE,0.0
2030,FM03_Beech,DED,0.0
2030,FM03_Beech,DEF,0.0
2030,FM03_Beech,DEG,0.0
2030,FM04_DouglasFir,DE1,0.0
2030,FM04_DouglasFir,DE2,0.0
2030,FM04_DouglasFir,DE3,0.0
2030,FM04_DouglasFir,DE4,0.0
2030,FM04_DouglasFir,DE5,0.0
2030,FM04_DouglasFir,DE6,0.0
2030,FM04_DouglasFir,DE7,0.0
2030,FM04_DouglasFir,DE8,0.0
2030,FM04_DouglasFir,DE9,0.0
2030,FM04_DouglasFir,DEA,0.0
2030,FM04_DouglasFir,DEB,0.0
2030,FM04_DouglasFir,DEC,0.0
2030,FM04_DouglasFir,DEE,0.0
2030,FM04_DouglasFir,DED,0.0
2030,FM04_DouglasFir,DEF,0.0
2030,FM04_DouglasFir,DEG,0.0
2030,FM05_Oak,DE1,0.0
2030,FM05_Oak,DE2,0.0
2030,FM05_Oak,DE3,0.0
2030,FM05_Oak,DE4,0.0
2030,FM05_Oak,DE5,0.0
2030,FM05_Oak,DE6,0.0
2030,FM05_Oak,DE7,0.0
2030,FM05_Oak,DE8,0.0
2030,FM05_Oak,DE9,0.0
2030,FM05_Oak,DEA,0.0
2030,FM05_Oak,DEB,0.0
2030,FM05_Oak,DEC,0.0
2030,FM05_Oak,DEE,0.0
2030,FM05_Oak,DED,0.0
2030,FM05_Oak,DEF,0.0
2030,FM05_Oak,DEG,0.0
2030,FM06_ScotPine,DE1,0.0
2030,FM06_ScotPine,DE2,0.0
2030,FM06_ScotPine,DE3,0.0
2030,FM06_ScotPine,DE4,0.0
2030,FM06_ScotPine,DE5,0.0
2030,FM06_ScotPine,DE6,0.0
2030,FM06_ScotPine,DE7,0.0
2030,FM06_ScotPine,DE8,0.0
2030,FM06_ScotPine,DE9,0.0
2030,FM06_ScotPine,DEA,0.0
2030,FM06_ScotPine,DEB,0.0
2030,FM06_ScotPine,DEC,0.0
2030,FM06_ScotPine,DEE,0.0
2030,FM06_ScotPine,DED,0.0
2030,FM06_ScotPine,DEF,0.0
2030,FM06_ScotPine,DEG,0.0
2030,PC_Rewetting,DE1,80000.0
2030,PC_Rewetting,DE2,0.0
2030,PC_Rewetting,DE3,0.0
2030,PC_Rewetting,DE4,0.0
2030,PC_Rewetting,DE5,0.0
2030,PC_Rewetting,DE6,0.0
2030,PC_Rewetting,DE7,0.0
2030,PC_Rewetting,DE8,0.0
2030,PC_Rewetting,DE9,0.0
2030,PC_Rewetting,DEA,0.0
2030,PC_Rewetting,DEB,0.0
2030,PC_Rewetting,DEC,0.0
2030,PC_Rewetting,DEE,0.0
2030,PC_Rewetting,DED,0.0
2030,PC_Rewetting,DEF,0.0
2030,PC_Rewetting,DEG,0.0
2031,FM01_PSA,DE1,0.0
2031,FM01_PSA,DE2,0.0
2031,FM01_PSA,DE3,0.0
2031,FM01_PSA,DE4,0.0
2031,FM01_PSA,DE5,0.0
2031,FM01_PSA,DE6,0.0
2031,FM01_PSA,DE7,0.0
2031,FM01_PSA,DE8,0.0
2031,FM01_PSA,DE9,0.0
2031,FM01_PSA,DEA,0.0
2031,FM01_PSA,DEB,0.0
2031,FM01_PSA,DEC,0.0
2031,FM01_PSA,DEE,0.0
2031,FM01_PSA,DED,0.0
2031,FM01_PSA,DEF,0.0
2031,FM01_PSA,DEG,0.0
2031,FM02_TSA,DE1,103533.04258000001
2031,FM02_TSA,DE2,102377.33770000002
2031,FM02_TSA,DE3,36.35324
2031,FM02_TSA,DE4,6522.626
2031,FM02_TSA,DE5,26.063400000000005
2031,FM02_TSA,DE6,133.93006
2031,FM02_TSA,DE7,93385.55182000001
2031,FM02_TSA,DE8,19787.645460000007
2031,FM02_TSA,DE9,46723.148120000005
2031,FM02_TSA,DEA,56631.840540000005
2031,FM02_TSA,DEB,74307.96582000001
2031,FM02_TSA,DEC,8651.50726
2031,FM02_TSA,DEE,11246.144140000002
2031,FM02_TSA,DED,7068.142399999999
2031,FM02_TSA,DEF,13056.671980000001
2031,FM02_TSA,DEG,35735.19378000001
2031,FM03_Beech,DE1,0.0
2031,FM03_Beech,DE2,0.0
2031,FM03_Beech,DE3,0.0
2031,FM03_Beech,DE4,0.0
2031,FM03_Beech,DE5,0.0
2031,FM03_Beech,DE6,0.0
2031,FM03_Beech,DE7,0.0
2031,FM03_Beech,DE8,0.0
2031,FM03_Beech,DE9,0.0
2031,FM03_Beech,DEA,0.0
2031,FM03_Beech,DEB,0.0
2031,FM03_Beech,DEC,0.0
2031,FM03_Beech,DEE,0.0
2031,FM03_Beech,DED,0.0
2031,FM03_Beech,DEF,0.0
2031,FM03_Beech,DEG,0.0
2031,FM04_DouglasFir,DE1,0.0
2031,FM04_DouglasFir,DE2,0.0
2031,FM04_DouglasFir,DE3,0.0
2031,FM04_DouglasFir,DE4,0.0
2031,FM04_DouglasFir,DE5,0.0
2031,FM04_DouglasFir,DE6,0.0
2031,FM04_DouglasFir,DE7,0.0
2031,FM04_DouglasFir,DE8,0.0
2031,FM04_DouglasFir,DE9,0.0
2031,FM04_DouglasFir,DEA,0.0
2031,FM04_DouglasFir,DEB,0.0
2031,FM04_DouglasFir,DEC,0.0
2031,FM04_DouglasFir,DEE,0.0
2031,FM04_DouglasFir,DED,0.0
2031,FM04_DouglasFir,DEF,0.0
2031,FM04_DouglasFir,DEG,0.0
2031,FM05_Oak,DE1,0.0
2031,FM05_Oak,DE2,0.0
2031,FM05_Oak,DE3,0.0
2031,FM05_Oak,DE4,0.0
2031,FM05_Oak,DE5,0.0
2031,FM05_Oak,DE6,0.0
2031,FM05_Oak,DE7,0.0
2031,FM05_Oak,DE8,0.0
2031,FM05_Oak,DE9,0.0
2031,FM05_Oak,DEA,0.0
2031,FM05_Oak,DEB,0.0
2031,FM05_Oak,DEC,0.0
2031,FM05_Oak,DEE,0.0
2031,FM05_Oak,DED,0.0
2031,FM05_Oak,DEF,0.0
2031,FM05_Oak,DEG,0.0
2031,FM06_ScotPine,DE1,0.0
2031,FM06_ScotPine,DE2,0.0
2031,FM06_ScotPine,DE3,0.0
2031,FM06_ScotPine,DE4,0.0
2031,FM06_ScotPine,DE5,0.0
2031,FM06_ScotPine,DE6,0.0
2031,FM06_ScotPine,DE7,0.0
2031,FM06_ScotPine,DE8,0.0
2031,FM06_ScotPine,DE9,0.0
2031,FM06_ScotPine,DEA,0.0
2031,FM06_ScotPine,DEB,0.0
2031,FM06_ScotPine,DEC,0.0
2031,FM06_ScotPine,DEE,0.0
2031,FM06_ScotPine,DED,0.0
2031,FM06_ScotPine,DEF,0.0
2031,FM06_ScotPine,DEG,0.0
2031,PC_Rewetting,DE1,80000.0
2031,PC_Rewetting,DE2,0.0
2031,PC_Rewetting,DE3,0.0
2031,PC_Rewetting,DE4,0.0
2031,PC_Rewetting,DE5,0.0
2031,PC_Rewetting,DE6,0.0
2031,PC_Rewetting,DE7,0.0
2031,PC_Rewetting,DE8,0.0
2031,PC_Rewetting,DE9,0.0
2031,PC_Rewetting,DEA,0.0
2031,PC_Rewetting,DEB,0.0
2031,PC_Rewetting,DEC,0.0
2031,PC_Rewetting,DEE,0.0
2031,PC_Rewetting,DED,0.0
2031,PC_Rewetting,DEF,0.0
2031,PC_Rewetting,DEG,0.0
2032,FM01_PSA,DE1,0.0
2032,FM01_PSA,DE2,0.0
2032,FM01_PSA,DE3,0.0
2032,FM01_PSA,DE4,0.0
2032,FM01_PSA,DE5,0.0
2032,FM01_PSA,DE6,0.0
2032,FM01_PSA,DE7,0.0
2032,FM01_PSA,DE8,0.0
2032,FM01_PSA,DE9,0.0
2032,FM01_PSA,DEA,0.0
2032,FM01_PSA,DEB,0.0
2032,FM01_PSA,DEC,0.0
2032,FM01_PSA,DEE,0.0
2032,FM01_PSA,DED,0.0
2032,FM01_PSA,DEF,0.0
2032,FM01_PSA,DEG,0.0
2032,FM02_TSA,DE1,114793.33051680001
2032,FM02_TSA,DE2,113511.93079200001
2032,FM02_TSA,DE3,40.3070304
2032,FM02_TSA,DE4,7232.028960000001
2032,FM02_TSA,DE5,28.898064000000005
2032,FM02_TSA,DE6,148.4963376
2032,FM02_TSA,DE7,103542.19530720002
2032,FM02_TSA,DE8,21939.756321600005
2032,FM02_TSA,DE9,51804.773155200004
2032,FM02_TSA,DEA,62791.1382384
2032,FM02_TSA,DEB,82389.72474720002
2032,FM02_TSA,DEC,9592.4480496
2032,FM02_TSA,DEE,12469.278494400001
2032,FM02_TSA,DED,7836.875903999999
2032,FM02_TSA,DEF,14476.719940800001
2032,FM02_TSA,DEG,39621.76526880001
2032,FM03_Beech,DE1,0.0
2032,FM03_Beech,DE2,0.0
2032,FM03_Beech,DE3,0.0
2032,FM03_Beech,DE4,0.0
2032,FM03_Beech,DE5,0.0
2032,FM03_Beech,DE6,0.0
2032,FM03_Beech,DE7,0.0
2032,FM03_Beech,DE8,0.0
2032,FM03_Beech,DE9,0.0
2032,FM03_Beech,DEA,0.0
2032,FM03_Beech,DEB,0.0
2032,FM03_Beech,DEC,0.0
2032,FM03_Beech,DEE,0.0
2032,FM03_Beech,DED,0.0
2032,FM03_Beech,DEF,0.0
2032,FM03_Beech,DEG,0.0
2032,FM04_DouglasFir,DE1,0.0
2032,FM04_DouglasFir,DE2,0.0
2032,FM04_DouglasFir,DE3,0.0
2032,FM04_DouglasFir,DE4,0.0
2032,FM04_DouglasFir,DE5,0.0
2032,FM04_DouglasFir,DE6,0.0
2032,FM04_DouglasFir,DE7,0.0
2032,FM04_DouglasFir,DE8,0.0
2032,FM04_DouglasFir,DE9,0.0
2032,FM04_DouglasFir,DEA,0.0
2032,FM04_DouglasFir,DEB,0.0
2032,FM04_DouglasFir,DEC,0.0
2032,FM04_DouglasFir,DEE,0.0
2032,FM04_DouglasFir,DED,0.0
2032,FM04_DouglasFir,DEF,0.0
2032,FM04_DouglasFir,DEG,0.0
2032,FM05_Oak,DE1,0.0
2032,FM05_Oak,DE2,0.0
2032,FM05_Oak,DE3,0.0
2032,FM05_Oak,DE4,0.0
2032,FM05_Oak,DE5,0.0
2032,FM05_Oak,DE6,0.0
2032,FM05_Oak,DE7,0.0
2032,FM05_Oak,DE8,0.0
2032,FM05_Oak,DE9,0.0
2032,FM05_Oak,DEA,0.0
2032,FM05_Oak,DEB,0.0
2032,FM05_Oak,DEC,0.0
2032,FM05_Oak,DEE,0.0
2032,FM05_Oak,DED,0.0
2032,FM05_Oak,DEF,0.0
2032,FM05_Oak,DEG,0.0
2032,FM06_ScotPine,DE1,0.0
2032,FM06_ScotPine,DE2,0.0
2032,FM06_ScotPine,DE3,0.0
2032,FM06_ScotPine,DE4,0.0
2032,FM06_ScotPine,DE5,0.0
2032,FM06_ScotPine,DE6,0.0
2032,FM06_ScotPine,DE7,0.0
2032,FM06_ScotPine,DE8,0.0
2032,FM06_ScotPine,DE9,0.0
2032,FM06_ScotPine,DEA,0.0
2032,FM06_ScotPine,DEB,0.0
2032,FM06_ScotPine,DEC,0.0
2032,FM06_ScotPine,DEE,0.0
2032,FM06_ScotPine,DED,0.0
2032,FM06_ScotPine,DEF,0.0
2032,FM06_ScotPine,DEG,0.0
2032,PC_Rewetting,DE1,80000.0
2032,PC_Rewetting,DE2,0.0
2032,PC_Rewetting,DE3,0.0
2032,PC_Rewetting,DE4,0.0
2032,PC_Rewetting,DE5,0.0
2032,PC_Rewetting,DE6,0.0
2032,PC_Rewetting,DE7,0.0
2032,PC_Rewetting,DE8,0.0
2032,PC_Rewetting,DE9,0.0
2032,PC_Rewetting,DEA,0.0
2032,PC_Rewetting,DEB,0.0
2032,PC_Rewetting,DEC,0.0
2032,PC_Rewetting,DEE,0.0
2032,PC_Rewetting,DED,0.0
2032,PC_Rewetting,DEF,0.0
2032,PC_Rewetting,DEG,0.0
2033,FM01_PSA,DE1,0.0
2033,FM01_PSA,DE2,0.0
2033,FM01_PSA,DE3,0.0
2033,FM01_PSA,DE4,0.0
2033,FM01_PSA,DE5,0.0
2033,FM01_PSA,DE6,0.0
2033,FM01_PSA,DE7,0.0
2033,FM01_PSA,DE8,0.0
2033,FM01_PSA,DE9,0.0
2033,FM01_PSA,DEA,0.0
2033,FM01_PSA,DEB,0.0
2033,FM01_PSA,DEC,0.0
2033,FM01_PSA,DEE,0.0
2033,FM01_PSA,DED,0.0
2033,FM01_PSA,DEF,0.0
2033,FM01_PSA,DEG,0.0
2033,FM02_TSA,DE1,126361.65064640001
2033,FM02_TSA,DE2,124951.11761600002
2033,FM02_TSA,DE3,44.3689792
2033,FM02_TSA,DE4,7960.83808
2033,FM02_TSA,DE5,31.810272000000005
2033,FM02_TSA,DE6,163.4610848
2033,FM02_TSA,DE7,113976.68010560003
2033,FM02_TSA,DE8,24150.739516800008
2033,FM02_TSA,DE9,57025.4092096
2033,FM02_TSA,DEA,69118.9273632
2033,FM02_TSA,DEB,90692.56522560002
2033,FM02_TSA,DEC,10559.1288608
2033,FM02_TSA,DEE,13725.8724512
2033,FM02_TSA,DED,8626.638592
2033,FM02_TSA,DEF,15935.614198400002
2033,FM02_TSA,DEG,43614.656342400005
2033,FM03_Beech,DE1,0.0
2033,FM03_Beech,DE2,0.0
2033,FM03_Beech,DE3,0.0
2033,FM03_Beech,DE4,0.0
2033,FM03_Beech,DE5,0.0
2033,FM03_Beech,DE6,0.0
2033,FM03_Beech,DE7,0.0
2033,FM03_Beech,DE8,0.0
2033,FM03_Beech,DE9,0.0
2033,FM03_Beech,DEA,0.0
2033,FM03_Beech,DEB,0.0
2033,FM03_Beech,DEC,0.0
2033,FM03_Beech,DEE,0.0
2033,FM03_Beech,DED,0.0
2033,FM03_Beech,DEF,0.0
2033,FM03_Beech,DEG,0.0
2033,FM04_DouglasFir,DE1,0.0
2033,FM04_DouglasFir,DE2,0.0
2033,FM04_DouglasFir,DE3,0.0
2033,FM04_DouglasFir,DE4,0.0
2033,FM04_DouglasFir,DE5,0.0
2033,FM04_DouglasFir,DE6,0.0
2033,FM04_DouglasFir,DE7,0.0
2033,FM04_DouglasFir,DE8,0.0
2033,FM04_DouglasFir,DE9,0.0
2033,FM04_DouglasFir,DEA,0.0
2033,FM04_DouglasFir,DEB,0.0
2033,FM04_DouglasFir,DEC,0.0
2033,FM04_DouglasFir,DEE,0.0
2033,FM04_DouglasFir,DED,0.0
2033,FM04_DouglasFir,DEF,0.0
2033,FM04_DouglasFir,DEG,0.0
2033,FM05_Oak,DE1,0.0
2033,FM05_Oak,DE2,0.0
2033,FM05_Oak,DE3,0.0
2033,FM05_Oak,DE4,0.0
2033,FM05_Oak,DE5,0.0
2033,FM05_Oak,DE6,0.0
2033,FM05_Oak,DE7,0.0
2033,FM05_Oak,DE8,0.0
2033,FM05_Oak,DE9,0.0
2033,FM05_Oak,DEA,0.0
2033,FM05_Oak,DEB,0.0
2033,FM05_Oak,DEC,0.0
2033,FM05_Oak,DEE,0.0
2033,FM05_Oak,DED,0.0
2033,FM05_Oak,DEF,0.0
2033,FM05_Oak,DEG,0.0
2033,FM06_ScotPine,DE1,0.0
2033,FM06_ScotPine,DE2,0.0
2033,FM06_ScotPine,DE3,0.0
2033,FM06_ScotPine,DE4,0.0
2033,FM06_ScotPine,DE5,0.0
2033,FM06_ScotPine,DE6,0.0
2033,FM06_ScotPine,DE7,0.0
2033,FM06_ScotPine,DE8,0.0
2033,FM06_ScotPine,DE9,0.0
2033,FM06_ScotPine,DEA,0.0
2033,FM06_ScotPine,DEB,0.0
2033,FM06_ScotPine,DEC,0.0
2033,FM06_ScotPine,DEE,0.0
2033,FM06_ScotPine,DED,0.0
2033,FM06_ScotPine,DEF,0.0
2033,FM06_ScotPine,DEG,0.0
2033,PC_Rewetting,DE1,80000.0
2033,PC_Rewetting,DE2,0.0
2033,PC_Rewetting,DE3,0.0
2033,PC_Rewetting,DE4,0.0
2033,PC_Rewetting,DE5,0.0
2033,PC_Rewetting,DE6,0.0
2033,PC_Rewetting,DE7,0.0
2033,PC_Rewetting,DE8,0.0
2033,PC_Rewetting,DE9,0.0
2033,PC_Rewetting,DEA,0.0
2033,PC_Rewetting,DEB,0.0
2033,PC_Rewetting,DEC,0.0
2033,PC_Rewetting,DEE,0.0
2033,PC_Rewetting,DED,0.0
2033,PC_Rewetting,DEF,0.0
2033,PC_Rewetting,DEG,0.0
2034,FM01_PSA,DE1,0.0
2034,FM01_PSA,DE2,0.0
2034,FM01_PSA,DE3,0.0
2034,FM01_PSA,DE4,0.0
2034,FM01_PSA,DE5,0.0
2034,FM01_PSA,DE6,0.0
2034,FM01_PSA,DE7,0.0
2034,FM01_PSA,DE8,0.0
2034,FM01_PSA,DE9,0.0
2034,FM01_PSA,DEA,0.0
2034,FM01_PSA,DEB,0.0
2034,FM01_PSA,DEC,0.0
2034,FM01_PSA,DEE,0.0
2034,FM01_PSA,DED,0.0
2034,FM01_PSA,DEF,0.0
2034,FM01_PSA,DEG,0.0
2034,FM02_TSA,DE1,138238.00296880002
2034,FM02_TSA,DE2,136694.89817200002
2034,FM02_TSA,DE3,48.539086399999995
2034,FM02_TSA,DE4,8709.05336
2034,FM02_TSA,DE5,34.80002400000001
2034,FM02_TSA,DE6,178.8243016
2034,FM02_TSA,DE7,124689.00621520003
2034,FM02_TSA,DE8,26420.595045600006
2034,FM02_TSA,DE9,62385.0562832
2034,FM02_TSA,DEA,75615.2079144
2034,FM02_TSA,DEB,99216.48725520002
2034,FM02_TSA,DEC,11551.5496936
2034,FM02_TSA,DEE,15015.9260104
2034,FM02_TSA,DED,9437.430464
2034,FM02_TSA,DEF,17433.3547528
2034,FM02_TSA,DEG,47713.867000800004
2034,FM03_Beech,DE1,0.0
2034,FM03_Beech,DE2,0.0
2034,FM03_Beech,DE3,0.0
2034,FM03_Beech,DE4,0.0
2034,FM03_Beech,DE5,0.0
2034,FM03_Beech,DE6,0.0
2034,FM03_Beech,DE7,0.0
2034,FM03_Beech,DE8,0.0
2034,FM03_Beech,DE9,0.0
2034,FM03_Beech,DEA,0.0
2034,FM03_Beech,DEB,0.0
2034,FM03_Beech,DEC,0.0
2034,FM03_Beech,DEE,0.0
2034,FM03_Beech,DED,0.0
2034,FM03_Beech,DEF,0.0
2034,FM03_Beech,DEG,0.0
2034,FM04_DouglasFir,DE1,0.0
2034,FM04_DouglasFir,DE2,0.0
2034,FM04_DouglasFir,DE3,0.0
2034,FM04_DouglasFir,DE4,0.0
2034,FM04_DouglasFir,DE5,0.0
2034,FM04_DouglasFir,DE6,0.0
2034,FM04_DouglasFir,DE7,0.0
2034,FM04_DouglasFir,DE8,0.0
2034,FM04_DouglasFir,DE9,0.0
2034,FM04_DouglasFir,DEA,0.0
2034,FM04_DouglasFir,DEB,0.0
2034,FM04_DouglasFir,DEC,0.0
2034,FM04_DouglasFir,DEE,0.0
2034,FM04_DouglasFir,DED,0.0
2034,FM04_DouglasFir,DEF,0.0
2034,FM04_DouglasFir,DEG,0.0
2034,FM05_Oak,DE1,0.0
2034,FM05_Oak,DE2,0.0
2034,FM05_Oak,DE3,0.0
2034,FM05_Oak,DE4,0.0
2034,FM05_Oak,DE5,0.0
2034,FM05_Oak,DE6,0.0
2034,FM05_Oak,DE7,0.0
2034,FM05_Oak,DE8,0.0
2034,FM05_Oak,DE9,0.0
2034,FM05_Oak,DEA,0.0
2034,FM05_Oak,DEB,0.0
2034,FM05_Oak,DEC,0.0
2034,FM05_Oak,DEE,0.0
2034,FM05_Oak,DED,0.0
2034,FM05_Oak,DEF,0.0
2034,FM05_Oak,DEG,0.0
2034,FM06_ScotPine,DE1,0.0
2034,FM06_ScotPine,DE2,0.0
2034,FM06_ScotPine,DE3,0.0
2034,FM06_ScotPine,DE4,0.0
2034,FM06_ScotPine,DE5,0.0
2034,FM06_ScotPine,DE6,0.0
2034,FM06_ScotPine,DE7,0.0
2034,FM06_ScotPine,DE8,0.0
2034,FM06_ScotPine,DE9,0.0
2034,FM06_ScotPine,DEA,0.0
2034,FM06_ScotPine,DEB,0.0
2034,FM06_ScotPine,DEC,0.0
2034,FM06_ScotPine,DEE,0.0
2034,FM06_ScotPine,DED,0.0
2034,FM06_ScotPine,DEF,0.0
2034,FM06_ScotPine,DEG,0.0
2034,PC_Rewetting,DE1,80000.0
2034,PC_Rewetting,DE2,0.0
2034,PC_Rewetting,DE3,0.0
2034,PC_Rewetting,DE4,0.0
2034,PC_Rewetting,DE5,0.0
2034,PC_Rewetting,DE6,0.0
2034,PC_Rewetting,DE7,0.0
2034,PC_Rewetting,DE8,0.0
2034,PC_Rewetting,DE9,0.0
2034,PC_Rewetting,DEA,0.0
2034,PC_Rewetting,DEB,0.0
2034,PC_Rewetting,DEC,0.0
2034,PC_Rewetting,DEE,0.0
2034,PC_Rewetting,DED,0.0
2034,PC_Rewetting,DEF,0.0
2034,PC_Rewetting,DEG,0.0
2035,FM01_PSA,DE1,0.0
2035,FM01_PSA,DE2,0.0
2035,FM01_PSA,DE3,0.0
2035,FM01_PSA,DE4,0.0
2035,FM01_PSA,DE5,0.0
2035,FM01_PSA,DE6,0.0
2035,FM01_PSA,DE7,0.0
2035,FM01_PSA,DE8,0.0
2035,FM01_PSA,DE9,0.0
2035,FM01_PSA,DEA,0.0
2035,FM01_PSA,DEB,0.0
2035,FM01_PSA,DEC,0.0
2035,FM01_PSA,DEE,0.0
2035,FM01_PSA,DED,0.0
2035,FM01_PSA,DEF,0.0
2035,FM01_PSA,DEG,0.0
2035,FM02_TSA,DE1,150422.387484
2035,FM02_TSA,DE2,148743.27246
2035,FM02_TSA,DE3,52.81735199999999
2035,FM02_TSA,DE4,9476.6748
2035,FM02_TSA,DE5,37.86732000000001
2035,FM02_TSA,DE6,194.58598800000001
2035,FM02_TSA,DE7,135679.17363600002
2035,FM02_TSA,DE8,28749.322908000006
2035,FM02_TSA,DE9,67883.714376
2035,FM02_TSA,DEA,82279.979892
2035,FM02_TSA,DEB,107961.49083600001
2035,FM02_TSA,DEC,12569.710548
2035,FM02_TSA,DEE,16339.439172
2035,FM02_TSA,DED,10269.25152
2035,FM02_TSA,DEF,18969.941604000003
2035,FM02_TSA,DEG,51919.39724400001
2035,FM03_Beech,DE1,0.0
2035,FM03_Beech,DE2,0.0
2035,FM03_Beech,DE3,0.0
2035,FM03_Beech,DE4,0.0
2035,FM03_Beech,DE5,0.0
2035,FM03_Beech,DE6,0.0
2035,FM03_Beech,DE7,0.0
2035,FM03_Beech,DE8,0.0
2035,FM03_Beech,DE9,0.0
2035,FM03_Beech,DEA,0.0
2035,FM03_Beech,DEB,0.0
2035,FM03_Beech,DEC,0.0
2035,FM03_Beech,DEE,0.0
2035,FM03_Beech,DED,0.0
2035,FM03_Beech,DEF,0.0
2035,FM03_Beech,DEG,0.0
2035,FM04_DouglasFir,DE1,0.0
2035,FM04_DouglasFir,DE2,0.0
2035,FM04_DouglasFir,DE3,0.0
2035,FM04_DouglasFir,DE4,0.0
2035,FM04_DouglasFir,DE5,0.0
2035,FM04_DouglasFir,DE6,0.0
2035,FM04_DouglasFir,DE7,0.0
2035,FM04_DouglasFir,DE8,0.0
2035,FM04_DouglasFir,DE9,0.0
2035,FM04_DouglasFir,DEA,0.0
2035,FM04_DouglasFir,DEB,0.0
2035,FM04_DouglasFir,DEC,0.0
2035,FM04_DouglasFir,DEE,0.0
2035,FM04_DouglasFir,DED,0.0
2035,FM04_DouglasFir,DEF,0.0
2035,FM04_DouglasFir,DEG,0.0
2035,FM05_Oak,DE1,0.0
2035,FM05_Oak,DE2,0.0
2035,FM05_Oak,DE3,0.0
2035,FM05_Oak,DE4,0.0
2035,FM05_Oak,DE5,0.0
2035,FM05_Oak,DE6,0.0
2035,FM05_Oak,DE7,0.0
2035,FM05_Oak,DE8,0.0
2035,FM05_Oak,DE9,0.0
2035,FM05_Oak,DEA,0.0
2035,FM05_Oak,DEB,0.0
2035,FM05_Oak,DEC,0.0
2035,FM05_Oak,DEE,0.0
2035,FM05_Oak,DED,0.0
2035,FM05_Oak,DEF,0.0
2035,FM05_Oak,DEG,0.0
2035,FM06_ScotPine,DE1,0.0
2035,FM06_ScotPine,DE2,0.0
2035,FM06_ScotPine,DE3,0.0
2035,FM06_ScotPine,DE4,0.0
2035,FM06_ScotPine,DE5,0.0
2035,FM06_ScotPine,DE6,0.0
2035,FM06_ScotPine,DE7,0.0
2035,FM06_ScotPine,DE8,0.0
2035,FM06_ScotPine,DE9,0.0
2035,FM06_ScotPine,DEA,0.0
2035,FM06_ScotPine,DEB,0.0
2035,FM06_ScotPine,DEC,0.0
2035,FM06_ScotPine,DEE,0.0
2035,FM06_ScotPine,DED,0.0
2035,FM06_ScotPine,DEF,0.0
2035,FM06_ScotPine,DEG,0.0
2035,PC_Rewetting,DE1,80000.0
2035,PC_Rewetting,DE2,0.0
2035,PC_Rewetting,DE3,0.0
2035,PC_Rewetting,DE4,0.0
2035,PC_Rewetting,DE5,0.0
2035,PC_Rewetting,DE6,0.0
2035,PC_Rewetting,DE7,0.0
2035,PC_Rewetting,DE8,0.0
2035,PC_Rewetting,DE9,0.0
2035,PC_Rewetting,DEA,0.0
2035,PC_Rewetting,DEB,0.0
2035,PC_Rewetting,DEC,0.0
2035,PC_Rewetting,DEE,0.0
2035,PC_Rewetting,DED,0.0
2035,PC_Rewetting,DEF,0.0
2035,PC_Rewetting,DEG,0.0
2036,FM01_PSA,DE1,0.0
2036,FM01_PSA,DE2,0.0
2036,FM01_PSA,DE3,0.0
2036,FM01_PSA,DE4,0.0
2036,FM01_PSA,DE5,0.0
2036,FM01_PSA,DE6,0.0
2036,FM01_PSA,DE7,0.0
2036,FM01_PSA,DE8,0.0
2036,FM01_PSA,DE9,0.0
2036,FM01_PSA,DEA,0.0
2036,FM01_PSA,DEB,0.0
2036,FM01_PSA,DEC,0.0
2036,FM01_PSA,DEE,0.0
2036,FM01_PSA,DED,0.0
2036,FM01_PSA,DEF,0.0
2036,FM01_PSA,DEG,0.0
2036,FM02_TSA,DE1,162914.804192
2036,FM02_TSA,DE2,161096.24048
2036,FM02_TSA,DE3,57.20377599999999
2036,FM02_TSA,DE4,10263.7024
2036,FM02_TSA,DE5,41.01216000000001
2036,FM02_TSA,DE6,210.74614400000002
2036,FM02_TSA,DE7,146947.18236800004
2036,FM02_TSA,DE8,31136.923104000005
2036,FM02_TSA,DE9,73521.383488
2036,FM02_TSA,DEA,89113.243296
2036,FM02_TSA,DEB,116927.57596800002
2036,FM02_TSA,DEC,13613.611423999999
2036,FM02_TSA,DEE,17696.411936
2036,FM02_TSA,DED,11122.10176
2036,FM02_TSA,DEF,20545.374752000003
2036,FM02_TSA,DEG,56231.247072000006
2036,FM03_Beech,DE1,0.0
2036,FM03_Beech,DE2,0.0
2036,FM03_Beech,DE3,0.0
2036,FM03_Beech,DE4,0.0
2036,FM03_Beech,DE5,0.0
2036,FM03_Beech,DE6,0.0
2036,FM03_Beech,DE7,0.0
2036,FM03_Beech,DE8,0.0
2036,FM03_Beech,DE9,0.0
2036,FM03_Beech,DEA,0.0
2036,FM03_Beech,DEB,0.0
2036,FM03_Beech,DEC,0.0
2036,FM03_Beech,DEE,0.0
2036,FM03_Beech,DED,0.0
2036,FM03_Beech,DEF,0.0
2036,FM03_Beech,DEG,0.0
2036,FM04_DouglasFir,DE1,0.0
2036,FM04_DouglasFir,DE2,0.0
2036,FM04_DouglasFir,DE3,0.0
2036,FM04_DouglasFir,DE4,0.0
2036,FM04_DouglasFir,DE5,0.0
2036,FM04_DouglasFir,DE6,0.0
2036,FM04_DouglasFir,DE7,0.0
2036,FM04_DouglasFir,DE8,0.0
2036,FM04_DouglasFir,DE9,0.0
2036,FM04_DouglasFir,DEA,0.0
2036,FM04_DouglasFir,DEB,0.0
2036,FM04_DouglasFir,DEC,0.0
2036,FM04_DouglasFir,DEE,0.0
2036,FM04_DouglasFir,DED,0.0
2036,FM04_DouglasFir,DEF,0.0
2036,FM04_DouglasFir,DEG,0.0
2036,FM05_Oak,DE1,0.0
2036,FM05_Oak,DE2,0.0
2036,FM05_Oak,DE3,0.0
2036,FM05_Oak,DE4,0.0
2036,FM05_Oak,DE5,0.0
2036,FM05_Oak,DE6,0.0
2036,FM05_Oak,DE7,0.0
2036,FM05_Oak,DE8,0.0
2036,FM05_Oak,DE9,0.0
2036,FM05_Oak,DEA,0.0
2036,FM05_Oak,DEB,0.0
2036,FM05_Oak,DEC,0.0
2036,FM05_Oak,DEE,0.0
2036,FM05_Oak,DED,0.0
2036,FM05_Oak,DEF,0.0
2036,FM05_Oak,DEG,0.0
2036,FM06_ScotPine,DE1,0.0
2036,FM06_ScotPine,DE2,0.0
2036,FM06_ScotPine,DE3,0.0
2036,FM06_ScotPine,DE4,0.0
2036,FM06_ScotPine,DE5,0.0
2036,FM06_ScotPine,DE6,0.0
2036,FM06_ScotPine,DE7,0.0
2036,FM06_ScotPine,DE8,0.0
2036,FM06_ScotPine,DE9,0.0
2036,FM06_ScotPine,DEA,0.0
2036,FM06_ScotPine,DEB,0.0
2036,FM06_ScotPine,DEC,0.0
2036,FM06_ScotPine,DEE,0.0
2036,FM06_ScotPine,DED,0.0
2036,FM06_ScotPine,DEF,0.0
2036,FM06_ScotPine,DEG,0.0
2036,PC_Rewetting,DE1,80000.0
2036,PC_Rewetting,DE2,0.0
2036,PC_Rewetting,DE3,0.0
2036,PC_Rewetting,DE4,0.0
2036,PC_Rewetting,DE5,0.0
2036,PC_Rewetting,DE6,0.0
2036,PC_Rewetting,DE7,0.0
2036,PC_Rewetting,DE8,0.0
2036,PC_Rewetting,DE9,0.0
2036,PC_Rewetting,DEA,0.0
2036,PC_Rewetting,DEB,0.0
2036,PC_Rewetting,DEC,0.0
2036,PC_Rewetting,DEE,0.0
2036,PC_Rewetting,DED,0.0
2036,PC_Rewetting,DEF,0.0
2036,PC_Rewetting,DEG,0.0
2037,FM01_PSA,DE1,0.0
2037,FM01_PSA,DE2,0.0
2037,FM01_PSA,DE3,0.0
2037,FM01_PSA,DE4,0.0
2037,FM01_PSA,DE5,0.0
2037,FM01_PSA,DE6,0.0
2037,FM01_PSA,DE7,0.0
2037,FM01_PSA,DE8,0.0
2037,FM01_PSA,DE9,0.0
2037,FM01_PSA,DEA,0.0
2037,FM01_PSA,DEB,0.0
2037,FM01_PSA,DEC,0.0
2037,FM01_PSA,DEE,0.0
2037,FM01_PSA,DED,0.0
2037,FM01_PSA,DEF,0.0
2037,FM01_PSA,DEG,0.0
2037,FM02_TSA,DE1,175715.2530928
2037,FM02_TSA,DE2,173753.80223200002
2037,FM02_TSA,DE3,61.69835839999999
2037,FM02_TSA,DE4,11070.13616
2037,FM02_TSA,DE5,44.23454400000001
2037,FM02_TSA,DE6,227.30476960000001
2037,FM02_TSA,DE7,158493.03241120005
2037,FM02_TSA,DE8,33583.395633600005
2037,FM02_TSA,DE9,79298.06361920001
2037,FM02_TSA,DEA,96114.9981264
2037,FM02_TSA,DEB,126114.74265120002
2037,FM02_TSA,DEC,14683.252321599999
2037,FM02_TSA,DEE,19086.8443024
2037,FM02_TSA,DED,11995.981184
2037,FM02_TSA,DEF,22159.654196800002
2037,FM02_TSA,DEG,60649.41648480001
2037,FM03_Beech,DE1,0.0
2037,FM03_Beech,DE2,0.0
2037,FM03_Beech,DE3,0.0
2037,FM03_Beech,DE4,0.0
2037,FM03_Beech,DE5,0.0
2037,FM03_Beech,DE6,0.0
2037,FM03_Beech,DE7,0.0
2037,FM03_Beech,DE8,0.0
2037,FM03_Beech,DE9,0.0
2037,FM03_Beech,DEA,0.0
2037,FM03_Beech,DEB,0.0
2037,FM03_Beech,DEC,0.0
2037,FM03_Beech,DEE,0.0
2037,FM03_Beech,DED,0.0
2037,FM03_Beech,DEF,0.0
2037,FM03_Beech,DEG,0.0
2037,FM04_DouglasFir,DE1,0.0
2037,FM04_DouglasFir,DE2,0.0
2037,FM04_DouglasFir,DE3,0.0
2037,FM04_DouglasFir,DE4,0.0
2037,FM04_DouglasFir,DE5,0.0
2037,FM04_DouglasFir,DE6,0.0
2037,FM04_DouglasFir,DE7,0.0
2037,FM04_DouglasFir,DE8,0.0
2037,FM04_DouglasFir,DE9,0.0
2037,FM04_DouglasFir,DEA,0.0
2037,FM04_DouglasFir,DEB,0.0
2037,FM04_DouglasFir,DEC,0.0
2037,FM04_DouglasFir,DEE,0.0
2037,FM04_DouglasFir,DED,0.0
2037,FM04_DouglasFir,DEF,0.0
2037,FM04_DouglasFir,DEG,0.0
2037,FM05_Oak,DE1,0.0
2037,FM05_Oak,DE2,0.0
2037,FM05_Oak,DE3,0.0
2037,FM05_Oak,DE4,0.0
2037,FM05_Oak,DE5,0.0
2037,FM05_Oak,DE6,0.0
2037,FM05_Oak,DE7,0.0
2037,FM05_Oak,DE8,0.0
2037,FM05_Oak,DE9,0.0
2037,FM05_Oak,DEA,0.0
2037,FM05_Oak,DEB,0.0
2037,FM05_Oak,DEC,0.0
2037,FM05_Oak,DEE,0.0
2037,FM05_Oak,DED,0.0
2037,FM05_Oak,DEF,0.0
2037,FM05_Oak,DEG,0.0
2037,FM06_ScotPine,DE1,0.0
2037,FM06_ScotPine,DE2,0.0
2037,FM06_ScotPine,DE3,0.0
2037,FM06_ScotPine,DE4,0.0
2037,FM06_ScotPine,DE5,0.0
2037,FM06_ScotPine,DE6,0.0
2037,FM06_ScotPine,DE7,0.0
2037,FM06_ScotPine,DE8,0.0
2037,FM06_ScotPine,DE9,0.0
2037,FM06_ScotPine,DEA,0.0
2037,FM06_ScotPine,DEB,0.0
2037,FM06_ScotPine,DEC,0.0
2037,FM06_ScotPine,DEE,0.0
2037,FM06_ScotPine,DED,0.0
2037,FM06_ScotPine,DEF,0.0
2037,FM06_ScotPine,DEG,0.0
2037,PC_Rewetting,DE1,80000.0
2037,PC_Rewetting,DE2,0.0
2037,PC_Rewetting,DE3,0.0
2037,PC_Rewetting,DE4,0.0
2037,PC_Rewetting,DE5,0.0
2037,PC_Rewetting,DE6,0.0
2037,PC_Rewetting,DE7,0.0
2037,PC_Rewetting,DE8,0.0
2037,PC_Rewetting,DE9,0.0
2037,PC_Rewetting,DEA,0.0
2037,PC_Rewetting,DEB,0.0
2037,PC_Rewetting,DEC,0.0
2037,PC_Rewetting,DEE,0.0
2037,PC_Rewetting,DED,0.0
2037,PC_Rewetting,DEF,0.0
2037,PC_Rewetting,DEG,0.0
2038,FM01_PSA,DE1,0.0
2038,FM01_PSA,DE2,0.0
2038,FM01_PSA,DE3,0.0
2038,FM01_PSA,DE4,0.0
2038,FM01_PSA,DE5,0.0
2038,FM01_PSA,DE6,0.0
2038,FM01_PSA,DE7,0.0
2038,FM01_PSA,DE8,0.0
2038,FM01_PSA,DE9,0.0
2038,FM01_PSA,DEA,0.0
2038,FM01_PSA,DEB,0.0
2038,FM01_PSA,DEC,0.0
2038,FM01_PSA,DEE,0.0
2038,FM01_PSA,DED,0.0
2038,FM01_PSA,DEF,0.0
2038,FM01_PSA,DEG,0.0
2038,FM02_TSA,DE1,188823.73418640002
2038,FM02_TSA,DE2,186715.957716
2038,FM02_TSA,DE3,66.30109919999998
2038,FM02_TSA,DE4,11895.97608
2038,FM02_TSA,DE5,47.53447200000001
2038,FM02_TSA,DE6,244.2618648
2038,FM02_TSA,DE7,170316.72376560007
2038,FM02_TSA,DE8,36088.740496800005
2038,FM02_TSA,DE9,85213.75476960001
2038,FM02_TSA,DEA,103285.2443832
2038,FM02_TSA,DEB,135522.99088560004
2038,FM02_TSA,DEC,15778.633240799998
2038,FM02_TSA,DEE,20510.7362712
2038,FM02_TSA,DED,12890.889792
2038,FM02_TSA,DEF,23812.779938400003
2038,FM02_TSA,DEG,65173.905482400005
2038,FM03_Beech,DE1,0.0
2038,FM03_Beech,DE2,0.0
2038,FM03_Beech,DE3,0.0
2038,FM03_Beech,DE4,0.0
2038,FM03_Beech,DE5,0.0
2038,FM03_Beech,DE6,0.0
2038,FM03_Beech,DE7,0.0
2038,FM03_Beech,DE8,0.0
2038,FM03_Beech,DE9,0.0
2038,FM03_Beech,DEA,0.0
2038,FM03_Beech,DEB,0.0
2038,FM03_Beech,DEC,0.0
2038,FM03_Beech,DEE,0.0
2038,FM03_Beech,DED,0.0
2038,FM03_Beech,DEF,0.0
2038,FM03_Beech,DEG,0.0
2038,FM04_DouglasFir,DE1,0.0
2038,FM04_DouglasFir,DE2,0.0
2038,FM04_DouglasFir,DE3,0.0
2038,FM04_DouglasFir,DE4,0.0
2038,FM04_DouglasFir,DE5,0.0
2038,FM04_DouglasFir,DE6,0.0
2038,FM04_DouglasFir,DE7,0.0
2038,FM04_DouglasFir,DE8,0.0
2038,FM04_DouglasFir,DE9,0.0
2038,FM04_DouglasFir,DEA,0.0
2038,FM04_DouglasFir,DEB,0.0
2038,FM04_DouglasFir,DEC,0.0
2038,FM04_DouglasFir,DEE,0.0
2038,FM04_DouglasFir,DED,0.0
2038,FM04_DouglasFir,DEF,0.0
2038,FM04_DouglasFir,DEG,0.0
2038,FM05_Oak,DE1,0.0
2038,FM05_Oak,DE2,0.0
2038,FM05_Oak,DE3,0.0
2038,FM05_Oak,DE4,0.0
2038,FM05_Oak,DE5,0.0
2038,FM05_Oak,DE6,0.0
2038,FM05_Oak,DE7,0.0
2038,FM05_Oak,DE8,0.0
2038,FM05_Oak,DE9,0.0
2038,FM05_Oak,DEA,0.0
2038,FM05_Oak,DEB,0.0
2038,FM05_Oak,DEC,0.0
2038,FM05_Oak,DEE,0.0
2038,FM05_Oak,DED,0.0
2038,FM05_Oak,DEF,0.0
2038,FM05_Oak,DEG,0.0
2038,FM06_ScotPine,DE1,0.0
2038,FM06_ScotPine,DE2,0.0
2038,FM06_ScotPine,DE3,0.0
2038,FM06_ScotPine,DE4,0.0
2038,FM06_ScotPine,DE5,0.0
2038,FM06_ScotPine,DE6,0.0
2038,FM06_ScotPine,DE7,0.0
2038,FM06_ScotPine,DE8,0.0
2038,FM06_ScotPine,DE9,0.0
2038,FM06_ScotPine,DEA,0.0
2038,FM06_ScotPine,DEB,0.0
2038,FM06_ScotPine,DEC,0.0
2038,FM06_ScotPine,DEE,0.0
2038,FM06_ScotPine,DED,0.0
2038,FM06_ScotPine,DEF,0.0
2038,FM06_ScotPine,DEG,0.0
2038,PC_Rewetting,DE1,80000.0
2038,PC_Rewetting,DE2,0.0
2038,PC_Rewetting,DE3,0.0
2038,PC_Rewetting,DE4,0.0
2038,PC_Rewetting,DE5,0.0
2038,PC_Rewetting,DE6,0.0
2038,PC_Rewetting,DE7,0.0
2038,PC_Rewetting,DE8,0.0
2038,PC_Rewetting,DE9,0.0
2038,PC_Rewetting,DEA,0.0
2038,PC_Rewetting,DEB,0.0
2038,PC_Rewetting,DEC,0.0
2038,PC_Rewetting,DEE,0.0
2038,PC_Rewetting,DED,0.0
2038,PC_Rewetting,DEF,0.0
2038,PC_Rewetting,DEG,0.0
2039,FM01_PSA,DE1,0.0
2039,FM01_PSA,DE2,0.0
2039,FM01_PSA,DE3,0.0
2039,FM01_PSA,DE4,0.0
2039,FM01_PSA,DE5,0.0
2039,FM01_PSA,DE6,0.0
2039,FM01_PSA,DE7,0.0
2039,FM01_PSA,DE8,0.0
2039,FM01_PSA,DE9,0.0
2039,FM01_PSA,DEA,0.0
2039,FM01_PSA,DEB,0.0
2039,FM01_PSA,DEC,0.0
2039,FM01_PSA,DEE,0.0
2039,FM01_PSA,DED,0.0
2039,FM01_PSA,DEF,0.0
2039,FM01_PSA,DEG,0.0
2039,FM02_TSA,DE1,202240.24747280002
2039,FM02_TSA,DE2,199982.706932
2039,FM02_TSA,DE3,71.01199839999998
2039,FM02_TSA,DE4,12741.222160000001
2039,FM02_TSA,DE5,50.911944000000005
2039,FM02_TSA,DE6,261.61742960000004
2039,FM02_TSA,DE7,182418.25643120008
2039,FM02_TSA,DE8,38652.95769360001
2039,FM02_TSA,DE9,91268.45693920001
2039,FM02_TSA,DEA,110623.9820664
2039,FM02_TSA,DEB,145152.32067120005
2039,FM02_TSA,DEC,16899.754181599998
2039,FM02_TSA,DEE,21968.0878424
2039,FM02_TSA,DED,13806.827584
2039,FM02_TSA,DEF,25504.751976800002
2039,FM02_TSA,DEG,69804.7140648
2039,FM03_Beech,DE1,0.0
2039,FM03_Beech,DE2,0.0
2039,FM03_Beech,DE3,0.0
2039,FM03_Beech,DE4,0.0
2039,FM03_Beech,DE5,0.0
2039,FM03_Beech,DE6,0.0
2039,FM03_Beech,DE7,0.0
2039,FM03_Beech,DE8,0.0
2039,FM03_Beech,DE9,0.0
2039,FM03_Beech,DEA,0.0
2039,FM03_Beech,DEB,0.0
2039,FM03_Beech,DEC,0.0
2039,FM03_Beech,DEE,0.0
2039,FM03_Beech,DED,0.0
2039,FM03_Beech,DEF,0.0
2039,FM03_Beech,DEG,0.0
2039,FM04_DouglasFir,DE1,0.0
2039,FM04_DouglasFir,DE2,0.0
2039,FM04_DouglasFir,DE3,0.0
2039,FM04_DouglasFir,DE4,0.0
2039,FM04_DouglasFir,DE5,0.0
2039,FM04_DouglasFir,DE6,0.0
2039,FM04_DouglasFir,DE7,0.0
2039,FM04_DouglasFir,DE8,0.0
2039,FM04_DouglasFir,DE9,0.0
2039,FM04_DouglasFir,DEA,0.0
2039,FM04_DouglasFir,DEB,0.0
2039,FM04_DouglasFir,DEC,0.0
2039,FM04_DouglasFir,DEE,0.0
2039,FM04_DouglasFir,DED,0.0
2039,FM04_DouglasFir,DEF,0.0
2039,FM04_DouglasFir,DEG,0.0
2039,FM05_Oak,DE1,0.0
2039,FM05_Oak,DE2,0.0
2039,FM05_Oak,DE3,0.0
2039,FM05_Oak,DE4,0.0
2039,FM05_Oak,DE5,0.0
2039,FM05_Oak,DE6,0.0
2039,FM05_Oak,DE7,0.0
2039,FM05_Oak,DE8,0.0
2039,FM05_Oak,DE9,0.0
2039,FM05_Oak,DEA,0.0
2039,FM05_Oak,DEB,0.0
2039,FM05_Oak,DEC,0.0
2039,FM05_Oak,DEE,0.0
2039,FM05_Oak,DED,0.0
2039,FM05_Oak,DEF,0.0
2039,FM05_Oak,DEG,0.0
2039,FM06_ScotPine,DE1,0.0
2039,FM06_ScotPine,DE2,0.0
2039,FM06_ScotPine,DE3,0.0
2039,FM06_ScotPine,DE4,0.0
2039,FM06_ScotPine,DE5,0.0
2039,FM06_ScotPine,DE6,0.0
2039,FM06_ScotPine,DE7,0.0
2039,FM06_ScotPine,DE8,0.0
2039,FM06_ScotPine,DE9,0.0
2039,FM06_ScotPine,DEA,0.0
2039,FM06_ScotPine,DEB,0.0
2039,FM06_ScotPine,DEC,0.0
2039,FM06_ScotPine,DEE,0.0
2039,FM06_ScotPine,DED,0.0
2039,FM06_ScotPine,DEF,0.0
2039,FM06_ScotPine,DEG,0.0
2039,PC_Rewetting,DE1,80000.0
2039,PC_Rewetting,DE2,0.0
2039,PC_Rewetting,DE3,0.0
2039,PC_Rewetting,DE4,0.0
2039,PC_Rewetting,DE5,0.0
2039,PC_Rewetting,DE6,0.0
2039,PC_Rewetting,DE7,0.0
2039,PC_Rewetting,DE8,0.0
2039,PC_Rewetting,DE9,0.0
2039,PC_Rewetting,DEA,0.0
2039,PC_Rewetting,DEB,0.0
2039,PC_Rewetting,DEC,0.0
2039,PC_Rewetting,DEE,0.0
2039,PC_Rewetting,DED,0.0
2039,PC_Rewetting,DEF,0.0
2039,PC_Rewetting,DEG,0.0
2040,FM01_PSA,DE1,0.0
2040,FM01_PSA,DE2,0.0
2040,FM01_PSA,DE3,0.0
2040,FM01_PSA,DE4,0.0
2040,FM01_PSA,DE5,0.0
2040,FM01_PSA,DE6,0.0
2040,FM01_PSA,DE7,0.0
2040,FM01_PSA,DE8,0.0
2040,FM01_PSA,DE9,0.0
2040,FM01_PSA,DEA,0.0
2040,FM01_PSA,DEB,0.0
2040,FM01_PSA,DEC,0.0
2040,FM01_PSA,DEE,0.0
2040,FM01_PSA,DED,0.0
2040,FM01_PSA,DEF,0.0
2040,FM01_PSA,DEG,0.0
2040,FM02_TSA,DE1,215964.79295200002
2040,FM02_TSA,DE2,213554.04988
2040,FM02_TSA,DE3,75.83105599999999
2040,FM02_TSA,DE4,13605.8744
2040,FM02_TSA,DE5,54.366960000000006
2040,FM02_TSA,DE6,279.37146400000006
2040,FM02_TSA,DE7,194797.63040800008
2040,FM02_TSA,DE8,41276.04722400001
2040,FM02_TSA,DE9,97462.17012800001
2040,FM02_TSA,DEA,118131.211176
2040,FM02_TSA,DEB,155002.73200800005
2040,FM02_TSA,DEC,18046.615143999996
2040,FM02_TSA,DEE,23458.899016
2040,FM02_TSA,DED,14743.79456
2040,FM02_TSA,DEF,27235.570312000003
2040,FM02_TSA,DEG,74541.84223200001
2040,FM03_Beech,DE1,0.0
2040,FM03_Beech,DE2,0.0
2040,FM03_Beech,DE3,0.0
2040,FM03_Beech,DE4,0.0
2040,FM03_Beech,DE5,0.0
2040,FM03_Beech,DE6,0.0
2040,FM03_Beech,DE7,0.0
2040,FM03_Beech,DE8,0.0
2040,FM03_Beech,DE9,0.0
2040,FM03_Beech,DEA,0.0
2040,FM03_Beech,DEB,0.0
2040,FM03_Beech,DEC,0.0
2040,FM03_Beech,DEE,0.0
2040,FM03_Beech,DED,0.0
2040,FM03_Beech,DEF,0.0
2040,FM03_Beech,DEG,0.0
2040,FM04_DouglasFir,DE1,0.0
2040,FM04_DouglasFir,DE2,0.0
2040,FM04_DouglasFir,DE3,0.0
2040,FM04_DouglasFir,DE4,0.0
2040,FM04_DouglasFir,DE5,0.0
2040,FM04_DouglasFir,DE6,0.0
2040,FM04_DouglasFir,DE7,0.0
2040,FM04_DouglasFir,DE8,0.0
2040,FM04_DouglasFir,DE9,0.0
2040,FM04_DouglasFir,DEA,0.0
2040,FM04_DouglasFir,DEB,0.0
2040,FM04_DouglasFir,DEC,0.0
2040,FM04_DouglasFir,DEE,0.0
2040,FM04_DouglasFir,DED,0.0
2040,FM04_DouglasFir,DEF,0.0
2040,FM04_DouglasFir,DEG,0.0
2040,FM05_Oak,DE1,0.0
2040,FM05_Oak,DE2,0.0
2040,FM05_Oak,DE3,0.0
2040,FM05_Oak,DE4,0.0
2040,FM05_Oak,DE5,0.0
2040,FM05_Oak,DE6,0.0
2040,FM05_Oak,DE7,0.0
2040,FM05_Oak,DE8,0.0
2040,FM05_Oak,DE9,0.0
2040,FM05_Oak,DEA,0.0
2040,FM05_Oak,DEB,0.0
2040,FM05_Oak,DEC,0.0
2040,FM05_Oak,DEE,0.0
2040,FM05_Oak,DED,0.0
2040,FM05_Oak,DEF,0.0
2040,FM05_Oak,DEG,0.0
2040,FM06_ScotPine,DE1,0.0
2040,FM06_ScotPine,DE2,0.0
2040,FM06_ScotPine,DE3,0.0
2040,FM06_ScotPine,DE4,0.0
2040,FM06_ScotPine,DE5,0.0
2040,FM06_ScotPine,DE6,0.0
2040,FM06_ScotPine,DE7,0.0
2040,FM06_ScotPine,DE8,0.0
2040,FM06_ScotPine,DE9,0.0
2040,FM06_ScotPine,DEA,0.0
2040,FM06_ScotPine,DEB,0.0
2040,FM06_ScotPine,DEC,0.0
2040,FM06_ScotPine,DEE,0.0
2040,FM06_ScotPine,DED,0.0
2040,FM06_ScotPine,DEF,0.0
2040,FM06_ScotPine,DEG,0.0
2040,PC_Rewetting,DE1,80000.0
2040,PC_Rewetting,DE2,0.0
2040,PC_Rewetting,DE3,0.0
2040,PC_Rewetting,DE4,0.0
2040,PC_Rewetting,DE5,0.0
2040,PC_Rewetting,DE6,0.0
2040,PC_Rewetting,DE7,0.0
2040,PC_Rewetting,DE8,0.0
2040,PC_Rewetting,DE9,0.0
2040,PC_Rewetting,DEA,0.0
2040,PC_Rewetting,DEB,0.0
2040,PC_Rewetting,DEC,0.0
2040,PC_Rewetting,DEE,0.0
2040,PC_Rewetting,DED,0.0
2040,PC_Rewetting,DEF,0.0
2040,PC_Rewetting,DEG,0.0
2041,FM01_PSA,DE1,0.0
2041,FM01_PSA,DE2,0.0
2041,FM01_PSA,DE3,0.0
2041,FM01_PSA,DE4,0.0
2041,FM01_PSA,DE5,0.0
2041,FM01_PSA,DE6,0.0
2041,FM01_PSA,DE7,0.0
2041,FM01_PSA,DE8,0.0
2041,FM01_PSA,DE9,0.0
2041,FM01_PSA,DEA,0.0
2041,FM01_PSA,DEB,0.0
2041,FM01_PSA,DEC,0.0
2041,FM01_PSA,DEE,0.0
2041,FM01_PSA,DED,0.0
2041,FM01_PSA,DEF,0.0
2041,FM01_PSA,DEG,0.0
2041,FM02_TSA,DE1,229997.37062400003
2041,FM02_TSA,DE2,227429.98656
2041,FM02_TSA,DE3,80.75827199999999
2041,FM02_TSA,DE4,14489.9328
2041,FM02_TSA,DE5,57.89952000000001
2041,FM02_TSA,DE6,297.5239680000001
2041,FM02_TSA,DE7,207454.8456960001
2041,FM02_TSA,DE8,43958.009088000006
2041,FM02_TSA,DE9,103794.89433600001
2041,FM02_TSA,DEA,125806.93171199999
2041,FM02_TSA,DEB,165074.22489600006
2041,FM02_TSA,DEC,19219.216127999996
2041,FM02_TSA,DEE,24983.169792
2041,FM02_TSA,DED,15701.79072
2041,FM02_TSA,DEF,29005.234944000003
2041,FM02_TSA,DEG,79385.289984
2041,FM03_Beech,DE1,0.0
2041,FM03_Beech,DE2,0.0
2041,FM03_Beech,DE3,0.0
2041,FM03_Beech,DE4,0.0
2041,FM03_Beech,DE5,0.0
2041,FM03_Beech,DE6,0.0
2041,FM03_Beech,DE7,0.0
2041,FM03_Beech,DE8,0.0
2041,FM03_Beech,DE9,0.0
2041,FM03_Beech,DEA,0.0
2041,FM03_Beech,DEB,0.0
2041,FM03_Beech,DEC,0.0
2041,FM03_Beech,DEE,0.0
2041,FM03_Beech,DED,0.0
2041,FM03_Beech,DEF,0.0
2041,FM03_Beech,DEG,0.0
2041,FM04_DouglasFir,DE1,0.0
2041,FM04_DouglasFir,DE2,0.0
2041,FM04_DouglasFir,DE3,0.0
2041,FM04_DouglasFir,DE4,0.0
2041,FM04_DouglasFir,DE5,0.0
2041,FM04_DouglasFir,DE6,0.0
2041,FM04_DouglasFir,DE7,0.0
2041,FM04_DouglasFir,DE8,0.0
2041,FM04_DouglasFir,DE9,0.0
2041,FM04_DouglasFir,DEA,0.0
2041,FM04_DouglasFir,DEB,0.0
2041,FM04_DouglasFir,DEC,0.0
2041,FM04_DouglasFir,DEE,0.0
2041,FM04_DouglasFir,DED,0.0
2041,FM04_DouglasFir,DEF,0.0
2041,FM04_DouglasFir,DEG,0.0
2041,FM05_Oak,DE1,0.0
2041,FM05_Oak,DE2,0.0
2041,FM05_Oak,DE3,0.0
2041,FM05_Oak,DE4,0.0
2041,FM05_Oak,DE5,0.0
2041,FM05_Oak,DE6,0.0
2041,FM05_Oak,DE7,0.0
2041,FM05_Oak,DE8,0.0
2041,FM05_Oak,DE9,0.0
2041,FM05_Oak,DEA,0.0
2041,FM05_Oak,DEB,0.0
2041,FM05_Oak,DEC,0.0
2041,FM05_Oak,DEE,0.0
2041,FM05_Oak,DED,0.0
2041,FM05_Oak,DEF,0.0
2041,FM05_Oak,DEG,0.0
2041,FM06_ScotPine,DE1,0.0
2041,FM06_ScotPine,DE2,0.0
2041,FM06_ScotPine,DE3,0.0
2041,FM06_ScotPine,DE4,0.0
2041,FM06_ScotPine,DE5,0.0
2041,FM06_ScotPine,DE6,0.0
2041,FM06_ScotPine,DE7,0.0
2041,FM06_ScotPine,DE8,0.0
2041,FM06_ScotPine,DE9,0.0
2041,FM06_ScotPine,DEA,0.0
2041,FM06_ScotPine,DEB,0.0
2041,FM06_ScotPine,DEC,0.0
2041,FM06_ScotPine,DEE,0.0
2041,FM06_ScotPine,DED,0.0
2041,FM06_ScotPine,DEF,0.0
2041,FM06_ScotPine,DEG,0.0
2041,PC_Rewetting,DE1,80000.0
2041,PC_Rewetting,DE2,0.0
2041,PC_Rewetting,DE3,0.0
2041,PC_Rewetting,DE4,0.0
2041,PC_Rewetting,DE5,0.0
2041,PC_Rewetting,DE6,0.0
2041,PC_Rewetting,DE7,0.0
2041,PC_Rewetting,DE8,0.0
2041,PC_Rewetting,DE9,0.0
2041,PC_Rewetting,DEA,0.0
2041,PC_Rewetting,DEB,0.0
2041,PC_Rewetting,DEC,0.0
2041,PC_Rewetting,DEE,0.0
2041,PC_Rewetting,DED,0.0
2041,PC_Rewetting,DEF,0.0
2041,PC_Rewetting,DEG,0.0
2042,FM01_PSA,DE1,0.0
2042,FM01_PSA,DE2,0.0
2042,FM01_PSA,DE3,0.0
2042,FM01_PSA,DE4,0.0
2042,FM01_PSA,DE5,0.0
2042,FM01_PSA,DE6,0.0
2042,FM01_PSA,DE7,0.0
2042,FM01_PSA,DE8,0.0
2042,FM01_PSA,DE9,0.0
2042,FM01_PSA,DEA,0.0
2042,FM01_PSA,DEB,0.0
2042,FM01_PSA,DEC,0.0
2042,FM01_PSA,DEE,0.0
2042,FM01_PSA,DED,0.0
2042,FM01_PSA,DEF,0.0
2042,FM01_PSA,DEG,0.0
2042,FM02_TSA,DE1,244337.98048880004
2042,FM02_TSA,DE2,241610.51697199998
2042,FM02_TSA,DE3,85.79364639999999
2042,FM02_TSA,DE4,15393.39736
2042,FM02_TSA,DE5,61.50962400000001
2042,FM02_TSA,DE6,316.0749416000001
2042,FM02_TSA,DE7,220389.9022952001
2042,FM02_TSA,DE8,46698.84328560001
2042,FM02_TSA,DE9,110266.62956320001
2042,FM02_TSA,DEA,133651.1436744
2042,FM02_TSA,DEB,175366.79933520005
2042,FM02_TSA,DEC,20417.557133599996
2042,FM02_TSA,DEE,26540.9001704
2042,FM02_TSA,DED,16680.816064000002
2042,FM02_TSA,DEF,30813.745872800002
2042,FM02_TSA,DEG,84335.0573208
2042,FM03_Beech,DE1,0.0
2042,FM03_Beech,DE2,0.0
2042,FM03_Beech,DE3,0.0
2042,FM03_Beech,DE4,0.0
2042,FM03_Beech,DE5,0.0
2042,FM03_Beech,DE6,0.0
2042,FM03_Beech,DE7,0.0
2042,FM03_Beech,DE8,0.0
2042,FM03_Beech,DE9,0.0
2042,FM03_Beech,DEA,0.0
2042,FM03_Beech,DEB,0.0
2042,FM03_Beech,DEC,0.0
2042,FM03_Beech,DEE,0.0
2042,FM03_Beech,DED,0.0
2042,FM03_Beech,DEF,0.0
2042,FM03_Beech,DEG,0.0
2042,FM04_DouglasFir,DE1,0.0
2042,FM04_DouglasFir,DE2,0.0
2042,FM04_DouglasFir,DE3,0.0
2042,FM04_DouglasFir,DE4,0.0
2042,FM04_DouglasFir,DE5,0.0
2042,FM04_DouglasFir,DE6,0.0
2042,FM04_DouglasFir,DE7,0.0
2042,FM04_DouglasFir,DE8,0.0
2042,FM04_DouglasFir,DE9,0.0
2042,FM04_DouglasFir,DEA,0.0
2042,FM04_DouglasFir,DEB,0.0
2042,FM04_DouglasFir,DEC,0.0
2042,FM04_DouglasFir,DEE,0.0
2042,FM04_DouglasFir,DED,0.0
2042,FM04_DouglasFir,DEF,0.0
2042,FM04_DouglasFir,DEG,0.0
2042,FM05_Oak,DE1,0.0
2042,FM05_Oak,DE2,0.0
2042,FM05_Oak,DE3,0.0
2042,FM05_Oak,DE4,0.0
2042,FM05_Oak,DE5,0.0
2042,FM05_Oak,DE6,0.0
2042,FM05_Oak,DE7,0.0
2042,FM05_Oak,DE8,0.0
2042,FM05_Oak,DE9,0.0
2042,FM05_Oak,DEA,0.0
2042,FM05_Oak,DEB,0.0
2042,FM05_Oak,DEC,0.0
2042,FM05_Oak,DEE,0.0
2042,FM05_Oak,DED,0.0
2042,FM05_Oak,DEF,0.0
2042,FM05_Oak,DEG,0.0
2042,FM06_ScotPine,DE1,0.0
2042,FM06_ScotPine,DE2,0.0
2042,FM06_ScotPine,DE3,0.0
2042,FM06_ScotPine,DE4,0.0
2042,FM06_ScotPine,DE5,0.0
2042,FM06_ScotPine,DE6,0.0
2042,FM06_ScotPine,DE7,0.0
2042,FM06_ScotPine,DE8,0.0
2042,FM06_ScotPine,DE9,0.0
2042,FM06_ScotPine,DEA,0.0
2042,FM06_ScotPine,DEB,0.0
2042,FM06_ScotPine,DEC,0.0
2042,FM06_ScotPine,DEE,0.0
2042,FM06_ScotPine,DED,0.0
2042,FM06_ScotPine,DEF,0.0
2042,FM06_ScotPine,DEG,0.0
2042,PC_Rewetting,DE1,80000.0
2042,PC_Rewetting,DE2,0.0
2042,PC_Rewetting,DE3,0.0
2042,PC_Rewetting,DE4,0.0
2042,PC_Rewetting,DE5,0.0
2042,PC_Rewetting,DE6,0.0
2042,PC_Rewetting,DE7,0.0
2042,PC_Rewetting,DE8,0.0
2042,PC_Rewetting,DE9,0.0
2042,PC_Rewetting,DEA,0.0
2042,PC_Rewetting,DEB,0.0
2042,PC_Rewetting,DEC,0.0
2042,PC_Rewetting,DEE,0.0
2042,PC_Rewetting,DED,0.0
2042,PC_Rewetting,DEF,0.0
2042,PC_Rewetting,DEG,0.0
2043,FM01_PSA,DE1,0.0
2043,FM01_PSA,DE2,0.0
2043,FM01_PSA,DE3,0.0
2043,FM01_PSA,DE4,0.0
2043,FM01_PSA,DE5,0.0
2043,FM01_PSA,DE6,0.0
2043,FM01_PSA,DE7,0.0
2043,FM01_PSA,DE8,0.0
2043,FM01_PSA,DE9,0.0
2043,FM01_PSA,DEA,0.0
2043,FM01_PSA,DEB,0.0
2043,FM01_PSA,DEC,0.0
2043,FM01_PSA,DEE,0.0
2043,FM01_PSA,DED,0.0
2043,FM01_PSA,DEF,0.0
2043,FM01_PSA,DEG,0.0
2043,FM02_TSA,DE1,258986.62254640003
2043,FM02_TSA,DE2,242104.85020473873
2043,FM02_TSA,DE3,90.93717919999999
2043,FM02_TSA,DE4,15393.39736
2043,FM02_TSA,DE5,65.19727200000001
2043,FM02_TSA,DE6,335.0243848000001
2043,FM02_TSA,DE7,220389.9022952001
2043,FM02_TSA,DE8,49498.549816800005
2043,FM02_TSA,DE9,110266.62956320001
2043,FM02_TSA,DEA,141663.8470632
2043,FM02_TSA,DEB,185880.45532560005
2043,FM02_TSA,DEC,21641.638160799994
2043,FM02_TSA,DEE,28132.090151200002
2043,FM02_TSA,DED,17680.870592000003
2043,FM02_TSA,DEF,32661.103098400003
2043,FM02_TSA,DEG,89391.1442424
2043,FM03_Beech,DE1,0.0
2043,FM03_Beech,DE2,0.0
2043,FM03_Beech,DE3,0.0
2043,FM03_Beech,DE4,0.0
2043,FM03_Beech,DE5,0.0
2043,FM03_Beech,DE6,0.0
2043,FM03_Beech,DE7,0.0
2043,FM03_Beech,DE8,0.0
2043,FM03_Beech,DE9,0.0
2043,FM03_Beech,DEA,0.0
2043,FM03_Beech,DEB,0.0
2043,FM03_Beech,DEC,0.0
2043,FM03_Beech,DEE,0.0
2043,FM03_Beech,DED,0.0
2043,FM03_Beech,DEF,0.0
2043,FM03_Beech,DEG,0.0
2043,FM04_DouglasFir,DE1,0.0
2043,FM04_DouglasFir,DE2,0.0
2043,FM04_DouglasFir,DE3,0.0
2043,FM04_DouglasFir,DE4,0.0
2043,FM04_DouglasFir,DE5,0.0
2043,FM04_DouglasFir,DE6,0.0
2043,FM04_DouglasFir,DE7,0.0
2043,FM04_DouglasFir,DE8,0.0
2043,FM04_DouglasFir,DE9,0.0
2043,FM04_DouglasFir,DEA,0.0
2043,FM04_DouglasFir,DEB,0.0
2043,FM04_DouglasFir,DEC,0.0
2043,FM04_DouglasFir,DEE,0.0
2043,FM04_DouglasFir,DED,0.0
2043,FM04_DouglasFir,DEF,0.0
2043,FM04_DouglasFir,DEG,0.0
2043,FM05_Oak,DE1,0.0
2043,FM05_Oak,DE2,0.0
2043,FM05_Oak,DE3,0.0
2043,FM05_Oak,DE4,0.0
2043,FM05_Oak,DE5,0.0
2043,FM05_Oak,DE6,0.0
2043,FM05_Oak,DE7,0.0
2043,FM05_Oak,DE8,0.0
2043,FM05_Oak,DE9,0.0
2043,FM05_Oak,DEA,0.0
2043,FM05_Oak,DEB,0.0
2043,FM05_Oak,DEC,0.0
2043,FM05_Oak,DEE,0.0
2043,FM05_Oak,DED,0.0
2043,FM05_Oak,DEF,0.0
2043,FM05_Oak,DEG,0.0
2043,FM06_ScotPine,DE1,0.0
2043,FM06_ScotPine,DE2,0.0
2043,FM06_ScotPine,DE3,0.0
2043,FM06_ScotPine,DE4,0.0
2043,FM06_ScotPine,DE5,0.0
2043,FM06_ScotPine,DE6,0.0
2043,FM06_ScotPine,DE7,0.0
2043,FM06_ScotPine,DE8,0.0
2043,FM06_ScotPine,DE9,0.0
2043,FM06_ScotPine,DEA,0.0
2043,FM06_ScotPine,DEB,0.0
2043,FM06_ScotPine,DEC,0.0
2043,FM06_ScotPine,DEE,0.0
2043,FM06_ScotPine,DED,0.0
2043,FM06_ScotPine,DEF,0.0
2043,FM06_ScotPine,DEG,0.0
2043,PC_Rewetting,DE1,80000.0
2043,PC_Rewetting,DE2,0.0
2043,PC_Rewetting,DE3,0.0
2043,PC_Rewetting,DE4,0.0
2043,PC_Rewetting,DE5,0.0
2043,PC_Rewetting,DE6,0.0
2043,PC_Rewetting,DE7,0.0
2043,PC_Rewetting,DE8,0.0
2043,PC_Rewetting,DE9,0.0
2043,PC_Rewetting,DEA,0.0
2043,PC_Rewetting,DEB,0.0
2043,PC_Rewetting,DEC,0.0
2043,PC_Rewetting,DEE,0.0
2043,PC_Rewetting,DED,0.0
2043,PC_Rewetting,DEF,0.0
2043,PC_Rewetting,DEG,0.0
2044,FM01_PSA,DE1,0.0
2044,FM01_PSA,DE2,0.0
2044,FM01_PSA,DE3,0.0
2044,FM01_PSA,DE4,0.0
2044,FM01_PSA,DE5,0.0
2044,FM01_PSA,DE6,0.0
2044,FM01_PSA,DE7,0.0
2044,FM01_PSA,DE8,0.0
2044,FM01_PSA,DE9,0.0
2044,FM01_PSA,DEA,0.0
2044,FM01_PSA,DEB,0.0
2044,FM01_PSA,DEC,0.0
2044,FM01_PSA,DEE,0.0
2044,FM01_PSA,DED,0.0
2044,FM01_PSA,DEF,0.0
2044,FM01_PSA,DEG,0.0
2044,FM02_TSA,DE1,271269.8063023393
2044,FM02_TSA,DE2,242104.85020473873
2044,FM02_TSA,DE3,96.18887039999998
2044,FM02_TSA,DE4,15393.39736
2044,FM02_TSA,DE5,68.96246400000001
2044,FM02_TSA,DE6,354.37229760000014
2044,FM02_TSA,DE7,220389.9022952001
2044,FM02_TSA,DE8,52357.12868160001
2044,FM02_TSA,DE9,110266.62956320001
2044,FM02_TSA,DEA,149845.0418784
2044,FM02_TSA,DEB,196615.19286720006
2044,FM02_TSA,DEC,22891.459209599994
2044,FM02_TSA,DEE,29756.739734400002
2044,FM02_TSA,DED,18701.954304000003
2044,FM02_TSA,DEF,34547.3066208
2044,FM02_TSA,DEG,94553.5507488
2044,FM03_Beech,DE1,0.0
2044,FM03_Beech,DE2,0.0
2044,FM03_Beech,DE3,0.0
2044,FM03_Beech,DE4,0.0
2044,FM03_Beech,DE5,0.0
2044,FM03_Beech,DE6,0.0
2044,FM03_Beech,DE7,0.0
2044,FM03_Beech,DE8,0.0
2044,FM03_Beech,DE9,0.0
2044,FM03_Beech,DEA,0.0
2044,FM03_Beech,DEB,0.0
2044,FM03_Beech,DEC,0.0
2044,FM03_Beech,DEE,0.0
2044,FM03_Beech,DED,0.0
2044,FM03_Beech,DEF,0.0
2044,FM03_Beech,DEG,0.0
2044,FM04_DouglasFir,DE1,0.0
2044,FM04_DouglasFir,DE2,0.0
2044,FM04_DouglasFir,DE3,0.0
2044,FM04_DouglasFir,DE4,0.0
2044,FM04_DouglasFir,DE5,0.0
2044,FM04_DouglasFir,DE6,0.0
2044,FM04_DouglasFir,DE7,0.0
2044,FM04_DouglasFir,DE8,0.0
2044,FM04_DouglasFir,DE9,0.0
2044,FM04_DouglasFir,DEA,0.0
2044,FM04_DouglasFir,DEB,0.0
2044,FM04_DouglasFir,DEC,0.0
2044,FM04_DouglasFir,DEE,0.0
2044,FM04_DouglasFir,DED,0.0
2044,FM04_DouglasFir,DEF,0.0
2044,FM04_DouglasFir,DEG,0.0
2044,FM05_Oak,DE1,0.0
2044,FM05_Oak,DE2,0.0
2044,FM05_Oak,DE3,0.0
2044,FM05_Oak,DE4,0.0
2044,FM05_Oak,DE5,0.0
2044,FM05_Oak,DE6,0.0
2044,FM05_Oak,DE7,0.0
2044,FM05_Oak,DE8,0.0
2044,FM05_Oak,DE9,0.0
2044,FM05_Oak,DEA,0.0
2044,FM05_Oak,DEB,0.0
2044,FM05_Oak,DEC,0.0
2044,FM05_Oak,DEE,0.0
2044,FM05_Oak,DED,0.0
2044,FM05_Oak,DEF,0.0
2044,FM05_Oak,DEG,0.0
2044,FM06_ScotPine,DE1,0.0
2044,FM06_ScotPine,DE2,0.0
2044,FM06_ScotPine,DE3,0.0
2044,FM06_ScotPine,DE4,0.0
2044,FM06_ScotPine,DE5,0.0
2044,FM06_ScotPine,DE6,0.0
2044,FM06_ScotPine,DE7,0.0
2044,FM06_ScotPine,DE8,0.0
2044,FM06_ScotPine,DE9,0.0
2044,FM06_ScotPine,DEA,0.0
2044,FM06_ScotPine,DEB,0.0
2044,FM06_ScotPine,DEC,0.0
2044,FM06_ScotPine,DEE,0.0
2044,FM06_ScotPine,DED,0.0
2044,FM06_ScotPine,DEF,0.0
2044,FM06_ScotPine,DEG,0.0
2044,PC_Rewetting,DE1,80000.0
2044,PC_Rewetting,DE2,0.0
2044,PC_Rewetting,DE3,0.0
2044,PC_Rewetting,DE4,0.0
2044,PC_Rewetting,DE5,0.0
2044,PC_Rewetting,DE6,0.0
2044,PC_Rewetting,DE7,0.0
2044,PC_Rewetting,DE8,0.0
2044,PC_Rewetting,DE9,0.0
2044,PC_Rewetting,DEA,0.0
2044,PC_Rewetting,DEB,0.0
2044,PC_Rewetting,DEC,0.0
2044,PC_Rewetting,DEE,0.0
2044,PC_Rewetting,DED,0.0
2044,PC_Rewetting,DEF,0.0
2044,PC_Rewetting,DEG,0.0
2045,FM01_PSA,DE1,0.0
2045,FM01_PSA,DE2,0.0
2045,FM01_PSA,DE3,0.0
2045,FM01_PSA,DE4,0.0
2045,FM01_PSA,DE5,0.0
2045,FM01_PSA,DE6,0.0
2045,FM01_PSA,DE7,0.0
2045,FM01_PSA,DE8,0.0
2045,FM01_PSA,DE9,0.0
2045,FM01_PSA,DEA,0.0
2045,FM01_PSA,DEB,0.0
2045,FM01_PSA,DEC,0.0
2045,FM01_PSA,DEE,0.0
2045,FM01_PSA,DED,0.0
2045,FM01_PSA,DEF,0.0
2045,FM01_PSA,DEG,0.0
2045,FM02_TSA,DE1,286534.5127455393
2045,FM02_TSA,DE2,242104.85020473873
2045,FM02_TSA,DE3,101.54871999999999
2045,FM02_TSA,DE4,15393.39736
2045,FM02_TSA,DE5,72.80520000000001
2045,FM02_TSA,DE6,374.11868000000015
2045,FM02_TSA,DE7,220389.9022952001
2045,FM02_TSA,DE8,55274.579880000005
2045,FM02_TSA,DE9,110266.62956320001
2045,FM02_TSA,DEA,158194.72811999999
2045,FM02_TSA,DEB,207571.01196000006
2045,FM02_TSA,DEC,22891.459209599994
2045,FM02_TSA,DEE,29756.739734400002
2045,FM02_TSA,DED,18701.954304000003
2045,FM02_TSA,DEF,34547.3066208
2045,FM02_TSA,DEG,98272.62260952144
2045,FM03_Beech,DE1,0.0
2045,FM03_Beech,DE2,0.0
2045,FM03_Beech,DE3,0.0
2045,FM03_Beech,DE4,0.0
2045,FM03_Beech,DE5,0.0
2045,FM03_Beech,DE6,0.0
2045,FM03_Beech,DE7,0.0
2045,FM03_Beech,DE8,0.0
2045,FM03_Beech,DE9,0.0
2045,FM03_Beech,DEA,0.0
2045,FM03_Beech,DEB,0.0
2045,FM03_Beech,DEC,0.0
2045,FM03_Beech,DEE,0.0
2045,FM03_Beech,DED,0.0
2045,FM03_Beech,DEF,0.0
2045,FM03_Beech,DEG,0.0
2045,FM04_DouglasFir,DE1,0.0
2045,FM04_DouglasFir,DE2,0.0
2045,FM04_DouglasFir,DE3,0.0
2045,FM04_DouglasFir,DE4,0.0
2045,FM04_DouglasFir,DE5,0.0
2045,FM04_DouglasFir,DE6,0.0
2045,FM04_DouglasFir,DE7,0.0
2045,FM04_DouglasFir,DE8,0.0
2045,FM04_DouglasFir,DE9,0.0
2045,FM04_DouglasFir,DEA,0.0
2045,FM04_DouglasFir,DEB,0.0
2045,FM04_DouglasFir,DEC,0.0
2045,FM04_DouglasFir,DEE,0.0
2045,FM04_DouglasFir,DED,0.0
2045,FM04_DouglasFir,DEF,0.0
2045,FM04_DouglasFir,DEG,0.0
2045,FM05_Oak,DE1,0.0
2045,FM05_Oak,DE2,0.0
2045,FM05_Oak,DE3,0.0
2045,FM05_Oak,DE4,0.0
2045,FM05_Oak,DE5,0.0
2045,FM05_Oak,DE6,0.0
2045,FM05_Oak,DE7,0.0
2045,FM05_Oak,DE8,0.0
2045,FM05_Oak,DE9,0.0
2045,FM05_Oak,DEA,0.0
2045,FM05_Oak,DEB,0.0
2045,FM05_Oak,DEC,0.0
2045,FM05_Oak,DEE,0.0
2045,FM05_Oak,DED,0.0
2045,FM05_Oak,DEF,0.0
2045,FM05_Oak,DEG,0.0
2045,FM06_ScotPine,DE1,0.0
2045,FM06_ScotPine,DE2,0.0
2045,FM06_ScotPine,DE3,0.0
2045,FM06_ScotPine,DE4,0.0
2045,FM06_ScotPine,DE5,0.0
2045,FM06_ScotPine,DE6,0.0
2045,FM06_ScotPine,DE7,0.0
2045,FM06_ScotPine,DE8,0.0
2045,FM06_ScotPine,DE9,0.0
2045,FM06_ScotPine,DEA,0.0
2045,FM06_ScotPine,DEB,0.0
2045,FM06_ScotPine,DEC,0.0
2045,FM06_ScotPine,DEE,0.0
2045,FM06_ScotPine,DED,0.0
2045,FM06_ScotPine,DEF,0.0
2045,FM06_ScotPine,DEG,0.0
2045,PC_Rewetting,DE1,80000.0
2045,PC_Rewetting,DE2,0.0
2045,PC_Rewetting,DE3,0.0
2045,PC_Rewetting,DE4,0.0
2045,PC_Rewetting,DE5,0.0
2045,PC_Rewetting,DE6,0.0
2045,PC_Rewetting,DE7,0.0
2045,PC_Rewetting,DE8,0.0
2045,PC_Rewetting,DE9,0.0
2045,PC_Rewetting,DEA,0.0
2045,PC_Rewetting,DEB,0.0
2045,PC_Rewetting,DEC,0.0
2045,PC_Rewetting,DEE,0.0
2045,PC_Rewetting,DED,0.0
2045,PC_Rewetting,DEF,0.0
2045,PC_Rewetting,DEG,0.0
2046,FM01_PSA,DE1,0.0
2046,FM01_PSA,DE2,0.0
2046,FM01_PSA,DE3,0.0
2046,FM01_PSA,DE4,0.0
2046,FM01_PSA,DE5,0.0
2046,FM01_PSA,DE6,0.0
2046,FM01_PSA,DE7,0.0
2046,FM01_PSA,DE8,0.0
2046,FM01_PSA,DE9,0.0
2046,FM01_PSA,DEA,0.0
2046,FM01_PSA,DEB,0.0
2046,FM01_PSA,DEC,0.0
2046,FM01_PSA,DEE,0.0
2046,FM01_PSA,DED,0.0
2046,FM01_PSA,DEF,0.0
2046,FM01_PSA,DEG,0.0
2046,FM02_TSA,DE1,302107.25138153933
2046,FM02_TSA,DE2,242104.85020473873
2046,FM02_TSA,DE3,107.01672799999999
2046,FM02_TSA,DE4,15393.39736
2046,FM02_TSA,DE5,76.72548000000002
2046,FM02_TSA,DE6,394.26353200000017
2046,FM02_TSA,DE7,220389.9022952001
2046,FM02_TSA,DE8,58250.90341200001
2046,FM02_TSA,DE9,110266.62956320001
2046,FM02_TSA,DEA,166712.90578799997
2046,FM02_TSA,DEB,210956.88889551943
2046,FM02_TSA,DEC,22891.459209599994
2046,FM02_TSA,DEE,29756.739734400002
2046,FM02_TSA,DED,18701.954304000003
2046,FM02_TSA,DEF,34547.3066208
2046,FM02_TSA,DEG,103647.66828552143
2046,FM03_Beech,DE1,0.0
2046,FM03_Beech,DE2,0.0
2046,FM03_Beech,DE3,0.0
2046,FM03_Beech,DE4,0.0
2046,FM03_Beech,DE5,0.0
2046,FM03_Beech,DE6,0.0
2046,FM03_Beech,DE7,0.0
2046,FM03_Beech,DE8,0.0
2046,FM03_Beech,DE9,0.0
2046,FM03_Beech,DEA,0.0
2046,FM03_Beech,DEB,0.0
2046,FM03_Beech,DEC,0.0
2046,FM03_Beech,DEE,0.0
2046,FM03_Beech,DED,0.0
2046,FM03_Beech,DEF,0.0
2046,FM03_Beech,DEG,0.0
2046,FM04_DouglasFir,DE1,0.0
2046,FM04_DouglasFir,DE2,0.0
2046,FM04_DouglasFir,DE3,0.0
2046,FM04_DouglasFir,DE4,0.0
2046,FM04_DouglasFir,DE5,0.0
2046,FM04_DouglasFir,DE6,0.0
2046,FM04_DouglasFir,DE7,0.0
2046,FM04_DouglasFir,DE8,0.0
2046,FM04_DouglasFir,DE9,0.0
2046,FM04_DouglasFir,DEA,0.0
2046,FM04_DouglasFir,DEB,0.0
2046,FM04_DouglasFir,DEC,0.0
2046,FM04_DouglasFir,DEE,0.0
2046,FM04_DouglasFir,DED,0.0
2046,FM04_DouglasFir,DEF,0.0
2046,FM04_DouglasFir,DEG,0.0
2046,FM05_Oak,DE1,0.0
2046,FM05_Oak,DE2,0.0
2046,FM05_Oak,DE3,0.0
2046,FM05_Oak,DE4,0.0
2046,FM05_Oak,DE5,0.0
2046,FM05_Oak,DE6,0.0
2046,FM05_Oak,DE7,0.0
2046,FM05_Oak,DE8,0.0
2046,FM05_Oak,DE9,0.0
2046,FM05_Oak,DEA,0.0
2046,FM05_Oak,DEB,0.0
2046,FM05_Oak,DEC,0.0
2046,FM05_Oak,DEE,0.0
2046,FM05_Oak,DED,0.0
2046,FM05_Oak,DEF,0.0
2046,FM05_Oak,DEG,0.0
2046,FM06_ScotPine,DE1,0.0
2046,FM06_ScotPine,DE2,0.0
2046,FM06_ScotPine,DE3,0.0
2046,FM06_ScotPine,DE4,0.0
2046,FM06_ScotPine,DE5,0.0
2046,FM06_ScotPine,DE6,0.0
2046,FM06_ScotPine,DE7,0.0
2046,FM06_ScotPine,DE8,0.0
2046,FM06_ScotPine,DE9,0.0
2046,FM06_ScotPine,DEA,0.0
2046,FM06_ScotPine,DEB,0.0
2046,FM06_ScotPine,DEC,0.0
2046,FM06_ScotPine,DEE,0.0
2046,FM06_ScotPine,DED,0.0
2046,FM06_ScotPine,DEF,0.0
2046,FM06_ScotPine,DEG,0.0
2046,PC_Rewetting,DE1,80000.0
2046,PC_Rewetting,DE2,0.0
2046,PC_Rewetting,DE3,0.0
2046,PC_Rewetting,DE4,0.0
2046,PC_Rewetting,DE5,0.0
2046,PC_Rewetting,DE6,0.0
2046,PC_Rewetting,DE7,0.0
2046,PC_Rewetting,DE8,0.0
2046,PC_Rewetting,DE9,0.0
2046,PC_Rewetting,DEA,0.0
2046,PC_Rewetting,DEB,0.0
2046,PC_Rewetting,DEC,0.0
2046,PC_Rewetting,DEE,0.0
2046,PC_Rewetting,DED,0.0
2046,PC_Rewetting,DEF,0.0
2046,PC_Rewetting,DEG,0.0
2047,FM01_PSA,DE1,0.0
2047,FM01_PSA,DE2,0.0
2047,FM01_PSA,DE3,0.0
2047,FM01_PSA,DE4,0.0
2047,FM01_PSA,DE5,0.0
2047,FM01_PSA,DE6,0.0
2047,FM01_PSA,DE7,0.0
2047,FM01_PSA,DE8,0.0
2047,FM01_PSA,DE9,0.0
2047,FM01_PSA,DEA,0.0
2047,FM01_PSA,DEB,0.0
2047,FM01_PSA,DEC,0.0
2047,FM01_PSA,DEE,0.0
2047,FM01_PSA,DED,0.0
2047,FM01_PSA,DEF,0.0
2047,FM01_PSA,DEG,0.0
2047,FM02_TSA,DE1,308157.7823642866
2047,FM02_TSA,DE2,242104.85020473873
2047,FM02_TSA,DE3,112.59289439999999
2047,FM02_TSA,DE4,15393.39736
2047,FM02_TSA,DE5,80.72330400000001
2047,FM02_TSA,DE6,414.8068536000002
2047,FM02_TSA,DE7,234714.1654504001
2047,FM02_TSA,DE8,61286.099277600006
2047,FM02_TSA,DE9,110266.62956320001
2047,FM02_TSA,DEA,166712.90578799997
2047,FM02_TSA,DEB,210956.88889551943
2047,FM02_TSA,DEC,22891.459209599994
2047,FM02_TSA,DEE,29756.739734400002
2047,FM02_TSA,DED,18701.954304000003
2047,FM02_TSA,DEF,34547.3066208
2047,FM02_TSA,DEG,109129.03354632143
2047,FM03_Beech,DE1,0.0
2047,FM03_Beech,DE2,0.0
2047,FM03_Beech,DE3,0.0
2047,FM03_Beech,DE4,0.0
2047,FM03_Beech,DE5,0.0
2047,FM03_Beech,DE6,0.0
2047,FM03_Beech,DE7,0.0
2047,FM03_Beech,DE8,0.0
2047,FM03_Beech,DE9,0.0
2047,FM03_Beech,DEA,0.0
2047,FM03_Beech,DEB,0.0
2047,FM03_Beech,DEC,0.0
2047,FM03_Beech,DEE,0.0
2047,FM03_Beech,DED,0.0
2047,FM03_Beech,DEF,0.0
2047,FM03_Beech,DEG,0.0
2047,FM04_DouglasFir,DE1,0.0
2047,FM04_DouglasFir,DE2,0.0
2047,FM04_DouglasFir,DE3,0.0
2047,FM04_DouglasFir,DE4,0.0
2047,FM04_DouglasFir,DE5,0.0
2047,FM04_DouglasFir,DE6,0.0
2047,FM04_DouglasFir,DE7,0.0
2047,FM04_DouglasFir,DE8,0.0
2047,FM04_DouglasFir,DE9,0.0
2047,FM04_DouglasFir,DEA,0.0
2047,FM04_DouglasFir,DEB,0.0
2047,FM04_DouglasFir,DEC,0.0
2047,FM04_DouglasFir,DEE,0.0
2047,FM04_DouglasFir,DED,0.0
2047,FM04_DouglasFir,DEF,0.0
2047,FM04_DouglasFir,DEG,0.0
2047,FM05_Oak,DE1,0.0
2047,FM05_Oak,DE2,0.0
2047,FM05_Oak,DE3,0.0
2047,FM05_Oak,DE4,0.0
2047,FM05_Oak,DE5,0.0
2047,FM05_Oak,DE6,0.0
2047,FM05_Oak,DE7,0.0
2047,FM05_Oak,DE8,0.0
2047,FM05_Oak,DE9,0.0
2047,FM05_Oak,DEA,0.0
2047,FM05_Oak,DEB,0.0
2047,FM05_Oak,DEC,0.0
2047,FM05_Oak,DEE,0.0
2047,FM05_Oak,DED,0.0
2047,FM05_Oak,DEF,0.0
2047,FM05_Oak,DEG,0.0
2047,FM06_ScotPine,DE1,0.0
2047,FM06_ScotPine,DE2,0.0
2047,FM06_ScotPine,DE3,0.0
2047,FM06_ScotPine,DE4,0.0
2047,FM06_ScotPine,DE5,0.0
2047,FM06_ScotPine,DE6,0.0
2047,FM06_ScotPine,DE7,0.0
2047,FM06_ScotPine,DE8,0.0
2047,FM06_ScotPine,DE9,0.0
2047,FM06_ScotPine,DEA,0.0
2047,FM06_ScotPine,DEB,0.0
2047,FM06_ScotPine,DEC,0.0
2047,FM06_ScotPine,DEE,0.0
2047,FM06_ScotPine,DED,0.0
2047,FM06_ScotPine,DEF,0.0
2047,FM06_ScotPine,DEG,0.0
2047,PC_Rewetting,DE1,80000.0
2047,PC_Rewetting,DE2,0.0
2047,PC_Rewetting,DE3,0.0
2047,PC_Rewetting,DE4,0.0
2047,PC_Rewetting,DE5,0.0
2047,PC_Rewetting,DE6,0.0
2047,PC_Rewetting,DE7,0.0
2047,PC_Rewetting,DE8,0.0
2047,PC_Rewetting,DE9,0.0
2047,PC_Rewetting,DEA,0.0
2047,PC_Rewetting,DEB,0.0
2047,PC_Rewetting,DEC,0.0
2047,PC_Rewetting,DEE,0.0
2047,PC_Rewetting,DED,0.0
2047,PC_Rewetting,DEF,0.0
2047,PC_Rewetting,DEG,0.0
2048,FM01_PSA,DE1,0.0
2048,FM01_PSA,DE2,0.0
2048,FM01_PSA,DE3,0.0
2048,FM01_PSA,DE4,0.0
2048,FM01_PSA,DE5,0.0
2048,FM01_PSA,DE6,0.0
2048,FM01_PSA,DE7,0.0
2048,FM01_PSA,DE8,0.0
2048,FM01_PSA,DE9,0.0
2048,FM01_PSA,DEA,0.0
2048,FM01_PSA,DEB,0.0
2048,FM01_PSA,DEC,0.0
2048,FM01_PSA,DEE,0.0
2048,FM01_PSA,DED,0.0
2048,FM01_PSA,DEF,0.0
2048,FM01_PSA,DEG,0.0
2048,FM02_TSA,DE1,308157.7823642866
2048,FM02_TSA,DE2,249917.61294918027
2048,FM02_TSA,DE3,112.59289439999999
2048,FM02_TSA,DE4,16413.298880000002
2048,FM02_TSA,DE5,80.72330400000001
2048,FM02_TSA,DE6,414.8068536000002
2048,FM02_TSA,DE7,234714.1654504001
2048,FM02_TSA,DE8,61286.099277600006
2048,FM02_TSA,DE9,110266.62956320001
2048,FM02_TSA,DEA,166712.90578799997
2048,FM02_TSA,DEB,222575.95264191943
2048,FM02_TSA,DEC,22891.459209599994
2048,FM02_TSA,DEE,29756.739734400002
2048,FM02_TSA,DED,18701.954304000003
2048,FM02_TSA,DEF,34547.3066208
2048,FM02_TSA,DEG,109129.03354632143
2048,FM03_Beech,DE1,0.0
2048,FM03_Beech,DE2,0.0
2048,FM03_Beech,DE3,0.0
2048,FM03_Beech,DE4,0.0
2048,FM03_Beech,DE5,0.0
2048,FM03_Beech,DE6,0.0
2048,FM03_Beech,DE7,0.0
2048,FM03_Beech,DE8,0.0
2048,FM03_Beech,DE9,0.0
2048,FM03_Beech,DEA,0.0
2048,FM03_Beech,DEB,0.0
2048,FM03_Beech,DEC,0.0
2048,FM03_Beech,DEE,0.0
2048,FM03_Beech,DED,0.0
2048,FM03_Beech,DEF,0.0
2048,FM03_Beech,DEG,0.0
2048,FM04_DouglasFir,DE1,0.0
2048,FM04_DouglasFir,DE2,0.0
2048,FM04_DouglasFir,DE3,0.0
2048,FM04_DouglasFir,DE4,0.0
2048,FM04_DouglasFir,DE5,0.0
2048,FM04_DouglasFir,DE6,0.0
2048,FM04_DouglasFir,DE7,0.0
2048,FM04_DouglasFir,DE8,0.0
2048,FM04_DouglasFir,DE9,0.0
2048,FM04_DouglasFir,DEA,0.0
2048,FM04_DouglasFir,DEB,0.0
2048,FM04_DouglasFir,DEC,0.0
2048,FM04_DouglasFir,DEE,0.0
2048,FM04_DouglasFir,DED,0.0
2048,FM04_DouglasFir,DEF,0.0
2048,FM04_DouglasFir,DEG,0.0
2048,FM05_Oak,DE1,0.0
2048,FM05_Oak,DE2,0.0
2048,FM05_Oak,DE3,0.0
2048,FM05_Oak,DE4,0.0
2048,FM05_Oak,DE5,0.0
2048,FM05_Oak,DE6,0.0
2048,FM05_Oak,DE7,0.0
2048,FM05_Oak,DE8,0.0
2048,FM05_Oak,DE9,0.0
2048,FM05_Oak,DEA,0.0
2048,FM05_Oak,DEB,0.0
2048,FM05_Oak,DEC,0.0
2048,FM05_Oak,DEE,0.0
2048,FM05_Oak,DED,0.0
2048,FM05_Oak,DEF,0.0
2048,FM05_Oak,DEG,0.0
2048,FM06_ScotPine,DE1,0.0
2048,FM06_ScotPine,DE2,0.0
2048,FM06_ScotPine,DE3,0.0
2048,FM06_ScotPine,DE4,0.0
2048,FM06_ScotPine,DE5,0.0
2048,FM06_ScotPine,DE6,0.0
2048,FM06_ScotPine,DE7,0.0
2048,FM06_ScotPine,DE8,0.0
2048,FM06_ScotPine,DE9,0.0
2048,FM06_ScotPine,DEA,0.0
2048,FM06_ScotPine,DEB,0.0
2048,FM06_ScotPine,DEC,0.0
2048,FM06_ScotPine,DEE,0.0
2048,FM06_ScotPine,DED,0.0
2048,FM06_ScotPine,DEF,0.0
2048,FM06_ScotPine,DEG,0.0
2048,PC_Rewetting,DE1,80000.0
2048,PC_Rewetting,DE2,0.0
2048,PC_Rewetting,DE3,0.0
2048,PC_Rewetting,DE4,0.0
2048,PC_Rewetting,DE5,0.0
2048,PC_Rewetting,DE6,0.0
2048,PC_Rewetting,DE7,0.0
2048,PC_Rewetting,DE8,0.0
2048,PC_Rewetting,DE9,0.0
2048,PC_Rewetting,DEA,0.0
2048,PC_Rewetting,DEB,0.0
2048,PC_Rewetting,DEC,0.0
2048,PC_Rewetting,DEE,0.0
2048,PC_Rewetting,DED,0.0
2048,PC_Rewetting,DEF,0.0
2048,PC_Rewetting,DEG,0.0
2049,FM01_PSA,DE1,0.0
2049,FM01_PSA,DE2,0.0
2049,FM01_PSA,DE3,0.0
2049,FM01_PSA,DE4,0.0
2049,FM01_PSA,DE5,0.0
2049,FM01_PSA,DE6,0.0
2049,FM01_PSA,DE7,0.0
2049,FM01_PSA,DE8,0.0
2049,FM01_PSA,DE9,0.0
2049,FM01_PSA,DEA,0.0
2049,FM01_PSA,DEB,0.0
2049,FM01_PSA,DEC,0.0
2049,FM01_PSA,DEE,0.0
2049,FM01_PSA,DED,0.0
2049,FM01_PSA,DEF,0.0
2049,FM01_PSA,DEG,0.0
2049,FM02_TSA,DE1,324654.6175786866
2049,FM02_TSA,DE2,266230.2994851803
2049,FM02_TSA,DE3,118.3853776
2049,FM02_TSA,DE4,17452.606560000004
2049,FM02_TSA,DE5,84.87621600000001
2049,FM02_TSA,DE6,436.1471144000002
2049,FM02_TSA,DE7,249594.11122800008
2049,FM02_TSA,DE8,64439.039810400005
2049,FM02_TSA,DE9,117711.4419248
2049,FM02_TSA,DEA,175736.55773519998
2049,FM02_TSA,DEB,234416.09793951944
2049,FM02_TSA,DEC,24269.980366399996
2049,FM02_TSA,DEE,31548.6873296
2049,FM02_TSA,DED,19828.183936
2049,FM02_TSA,DEF,36627.741627200005
2049,FM02_TSA,DEG,114823.03797672143
2049,FM03_Beech,DE1,0.0
2049,FM03_Beech,DE2,0.0
2049,FM03_Beech,DE3,0.0
2049,FM03_Beech,DE4,0.0
2049,FM03_Beech,DE5,0.0
2049,FM03_Beech,DE6,0.0
2049,FM03_Beech,DE7,0.0
2049,FM03_Beech,DE8,0.0
2049,FM03_Beech,DE9,0.0
2049,FM03_Beech,DEA,0.0
2049,FM03_Beech,DEB,0.0
2049,FM03_Beech,DEC,0.0
2049,FM03_Beech,DEE,0.0
2049,FM03_Beech,DED,0.0
2049,FM03_Beech,DEF,0.0
2049,FM03_Beech,DEG,0.0
2049,FM04_DouglasFir,DE1,0.0
2049,FM04_DouglasFir,DE2,0.0
2049,FM04_DouglasFir,DE3,0.0
2049,FM04_DouglasFir,DE4,0.0
2049,FM04_DouglasFir,DE5,0.0
2049,FM04_DouglasFir,DE6,0.0
2049,FM04_DouglasFir,DE7,0.0
2049,FM04_DouglasFir,DE8,0.0
2049,FM04_DouglasFir,DE9,0.0
2049,FM04_DouglasFir,DEA,0.0
2049,FM04_DouglasFir,DEB,0.0
2049,FM04_DouglasFir,DEC,0.0
2049,FM04_DouglasFir,DEE,0.0
2049,FM04_DouglasFir,DED,0.0
2049,FM04_DouglasFir,DEF,0.0
2049,FM04_DouglasFir,DEG,0.0
2049,FM05_Oak,DE1,0.0
2049,FM05_Oak,DE2,0.0
2049,FM05_Oak,DE3,0.0
2049,FM05_Oak,DE4,0.0
2049,FM05_Oak,DE5,0.0
2049,FM05_Oak,DE6,0.0
2049,FM05_Oak,DE7,0.0
2049,FM05_Oak,DE8,0.0
2049,FM05_Oak,DE9,0.0
2049,FM05_Oak,DEA,0.0
2049,FM05_Oak,DEB,0.0
2049,FM05_Oak,DEC,0.0
2049,FM05_Oak,DEE,0.0
2049,FM05_Oak,DED,0.0
2049,FM05_Oak,DEF,0.0
2049,FM05_Oak,DEG,0.0
2049,FM06_ScotPine,DE1,0.0
2049,FM06_ScotPine,DE2,0.0
2049,FM06_ScotPine,DE3,0.0
2049,FM06_ScotPine,DE4,0.0
2049,FM06_ScotPine,DE5,0.0
2049,FM06_ScotPine,DE6,0.0
2049,FM06_ScotPine,DE7,0.0
2049,FM06_ScotPine,DE8,0.0
2049,FM06_ScotPine,DE9,0.0
2049,FM06_ScotPine,DEA,0.0
2049,FM06_ScotPine,DEB,0.0
2049,FM06_ScotPine,DEC,0.0
2049,FM06_ScotPine,DEE,0.0
2049,FM06_ScotPine,DED,0.0
2049,FM06_ScotPine,DEF,0.0
2049,FM06_ScotPine,DEG,0.0
2049,PC_Rewetting,DE1,80984.38763264052
2049,PC_Rewetting,DE2,0.0
2049,PC_Rewetting,DE3,0.0
2049,PC_Rewetting,DE4,0.0
2049,PC_Rewetting,DE5,0.0
2049,PC_Rewetting,DE6,0.0
2049,PC_Rewetting,DE7,0.0
2049,PC_Rewetting,DE8,0.0
2049,PC_Rewetting,DE9,0.0
2049,PC_Rewetting,DEA,0.0
2049,PC_Rewetting,DEB,0.0
2049,PC_Rewetting,DEC,0.0
2049,PC_Rewetting,DEE,0.0
2049,PC_Rewetting,DED,0.0
2049,PC_Rewetting,DEF,0.0
2049,PC_Rewetting,DEG,0.0
2050,FM01_PSA,DE1,0.0
2050,FM01_PSA,DE2,0.0
2050,FM01_PSA,DE3,0.0
2050,FM01_PSA,DE4,0.0
2050,FM01_PSA,DE5,0.0
2050,FM01_PSA,DE6,0.0
2050,FM01_PSA,DE7,0.0
2050,FM01_PSA,DE8,0.0
2050,FM01_PSA,DE9,0.0
2050,FM01_PSA,DEA,0.0
2050,FM01_PSA,DEB,0.0
2050,FM01_PSA,DEC,0.0
2050,FM01_PSA,DEE,0.0
2050,FM01_PSA,DED,0.0
2050,FM01_PSA,DEF,0.0
2050,FM01_PSA,DEG,0.0
2050,FM02_TSA,DE1,341459.4849858866
2050,FM02_TSA,DE2,266230.2994851803
2050,FM02_TSA,DE3,124.2860192
2050,FM02_TSA,DE4,17452.606560000004
2050,FM02_TSA,DE5,89.10667200000002
2050,FM02_TSA,DE6,457.8858448000002
2050,FM02_TSA,DE7,249594.11122800008
2050,FM02_TSA,DE8,67650.8526768
2050,FM02_TSA,DE9,117711.4419248
2050,FM02_TSA,DEA,184928.70110879999
2050,FM02_TSA,DEB,246477.32478831944
2050,FM02_TSA,DEC,25674.241544799996
2050,FM02_TSA,DEE,33374.0945272
2050,FM02_TSA,DED,20975.442752000003
2050,FM02_TSA,DEF,36627.741627200005
2050,FM02_TSA,DEG,114823.03797672143
2050,FM03_Beech,DE1,0.0
2050,FM03_Beech,DE2,0.0
2050,FM03_Beech,DE3,0.0
2050,FM03_Beech,DE4,0.0
2050,FM03_Beech,DE5,0.0
2050,FM03_Beech,DE6,0.0
2050,FM03_Beech,DE7,0.0
2050,FM03_Beech,DE8,0.0
2050,FM03_Beech,DE9,0.0
2050,FM03_Beech,DEA,0.0
2050,FM03_Beech,DEB,0.0
2050,FM03_Beech,DEC,0.0
2050,FM03_Beech,DEE,0.0
2050,FM03_Beech,DED,0.0
2050,FM03_Beech,DEF,0.0
2050,FM03_Beech,DEG,0.0
2050,FM04_DouglasFir,DE1,0.0
2050,FM04_DouglasFir,DE2,0.0
2050,FM04_DouglasFir,DE3,0.0
2050,FM04_DouglasFir,DE4,0.0
2050,FM04_DouglasFir,DE5,0.0
2050,FM04_DouglasFir,DE6,0.0
2050,FM04_DouglasFir,DE7,0.0
2050,FM04_DouglasFir,DE8,0.0
2050,FM04_DouglasFir,DE9,0.0
2050,FM04_DouglasFir,DEA,0.0
2050,FM04_DouglasFir,DEB,0.0
2050,FM04_DouglasFir,DEC,0.0
2050,FM04_DouglasFir,DEE,0.0
2050,FM04_DouglasFir,DED,0.0
2050,FM04_DouglasFir,DEF,0.0
2050,FM04_DouglasFir,DEG,0.0
2050,FM05_Oak,DE1,0.0
2050,FM05_Oak,DE2,0.0
2050,FM05_Oak,DE3,0.0
2050,FM05_Oak,DE4,0.0
2050,FM05_Oak,DE5,0.0
2050,FM05_Oak,DE6,0.0
2050,FM05_Oak,DE7,0.0
2050,FM05_Oak,DE8,0.0
2050,FM05_Oak,DE9,0.0
2050,FM05_Oak,DEA,0.0
2050,FM05_Oak,DEB,0.0
2050,FM05_Oak,DEC,0.0
2050,FM05_Oak,DEE,0.0
2050,FM05_Oak,DED,0.0
2050,FM05_Oak,DEF,0.0
2050,FM05_Oak,DEG,0.0
2050,FM06_ScotPine,DE1,0.0
2050,FM06_ScotPine,DE2,0.0
2050,FM06_ScotPine,DE3,0.0
2050,FM06_ScotPine,DE4,0.0
2050,FM06_ScotPine,DE5,0.0
2050,FM06_ScotPine,DE6,0.0
2050,FM06_ScotPine,DE7,0.0
2050,FM06_ScotPine,DE8,0.0
2050,FM06_ScotPine,DE9,0.0
2050,FM06_ScotPine,DEA,0.0
2050,FM06_ScotPine,DEB,0.0
2050,FM06_ScotPine,DEC,0.0
2050,FM06_ScotPine,DEE,0.0
2050,FM06_ScotPine,DED,0.0
2050,FM06_ScotPine,DEF,0.0
2050,FM06_ScotPine,DEG,0.0
2050,PC_Rewetting,DE1,82002.42954332002
2050,PC_Rewetting,DE2,0.0
2050,PC_Rewetting,DE3,0.0
2050,PC_Rewetting,DE4,0.0
2050,PC_Rewetting,DE5,0.0
2050,PC_Rewetting,DE6,0.0
2050,PC_Rewetting,DE7,0.0
2050,PC_Rewetting,DE8,0.0
2050,PC_Rewetting,DE9,0.0
2050,PC_Rewetting,DEA,0.0
2050,PC_Rewetting,DEB,0.0
2050,PC_Rewetting,DEC,0.0
2050,PC_Rewetting,DEE,0.0
2050,PC_Rewetting,DED,0.0
2050,PC_Rewetting,DEF,0.0
2050,PC_Rewetting,DEG,0.0
