,S12,S19,S20,S26,S13,S17,S11,S22,S06,S16,S14,S04,S08,S25,S23,S15,S05,S09,S02,S21,S01,S24,S10,S07,S18,S03
S12,1.000000,0.974226,0.874254,0.965175,0.986996,0.978808,0.989852,0.984998,0.996342,0.900236,0.995566,0.986233,0.956433,0.886360,0.989332,0.982770,0.992743,0.991732,0.957043,0.914506,0.954986,0.952805,0.964379,0.989378,0.933302,0.991732
S19,0.974226,1.000000,0.892693,0.918405,0.991496,0.935372,0.947282,0.965633,0.963954,0.943451,0.970985,0.980795,0.936092,0.865838,0.963341,0.937708,0.981342,0.974329,0.913527,0.932718,0.962632,0.928204,0.922933,0.974366,0.913064,0.974329
S20,0.874254,0.892693,1.000000,0.777891,0.913907,0.882465,0.859856,0.925715,0.853042,0.960709,0.876265,0.913080,0.864518,0.743054,0.830659,0.862426,0.913336,0.886887,0.887634,0.990378,0.818536,0.786061,0.895882,0.877691,0.789875,0.886887
S26,0.965175,0.918405,0.777891,1.000000,0.928954,0.963945,0.976300,0.934548,0.979251,0.817628,0.968488,0.923186,0.955492,0.906474,0.980942,0.967665,0.939166,0.938475,0.931403,0.816027,0.935244,0.967599,0.930782,0.946697,0.944418,0.938475
S13,0.986996,0.991496,0.913907,0.928954,1.000000,0.958179,0.963287,0.987113,0.975342,0.944080,0.986425,0.989239,0.955680,0.880513,0.972002,0.954968,0.996680,0.984391,0.939431,0.950050,0.960904,0.937711,0.948644,0.981891,0.926196,0.984391
S17,0.978808,0.935372,0.882465,0.963945,0.958179,1.000000,0.989953,0.982547,0.980428,0.876562,0.979919,0.962684,0.957435,0.866623,0.966666,0.989915,0.972752,0.965100,0.987255,0.909054,0.916031,0.930508,0.987745,0.967065,0.912555,0.965100
S11,0.989852,0.947282,0.859856,0.976300,0.963287,0.989953,1.000000,0.974989,0.994323,0.871143,0.984597,0.970210,0.947661,0.867581,0.980656,0.996811,0.974950,0.978815,0.969270,0.894205,0.929448,0.940947,0.973563,0.976458,0.917268,0.978815
S22,0.984998,0.965633,0.925715,0.934548,0.987113,0.982547,0.974989,1.000000,0.974880,0.922831,0.987586,0.983095,0.961206,0.869888,0.963951,0.972942,0.994951,0.978698,0.973017,0.953231,0.932096,0.927084,0.979608,0.975232,0.915669,0.978698
S06,0.996342,0.963954,0.853042,0.979251,0.975342,0.980428,0.994323,0.974880,1.000000,0.881692,0.993257,0.974522,0.958753,0.894692,0.994154,0.986865,0.982235,0.982324,0.953532,0.892266,0.954162,0.961647,0.958966,0.984294,0.940325,0.982324
S16,0.900236,0.943451,0.960709,0.817628,0.944080,0.876562,0.871143,0.922831,0.881692,1.000000,0.902451,0.931646,0.898569,0.819779,0.879350,0.859921,0.932026,0.908218,0.858111,0.971132,0.909703,0.854586,0.868386,0.909623,0.860177,0.908218
S14,0.995566,0.970985,0.876265,0.968488,0.986425,0.979919,0.984597,0.987586,0.993257,0.902451,1.000000,0.976610,0.975531,0.911193,0.992637,0.975626,0.992457,0.979076,0.954785,0.912295,0.963799,0.967144,0.960623,0.982646,0.952844,0.979076
S04,0.986233,0.980795,0.913080,0.923186,0.989239,0.962684,0.970210,0.983095,0.974522,0.931646,0.976610,1.000000,0.931761,0.844180,0.961087,0.966200,0.990601,0.995177,0.950450,0.950274,0.936117,0.913911,0.961067,0.990177,0.896052,0.995177
S08,0.956433,0.936092,0.864518,0.955492,0.955680,0.957435,0.947661,0.961206,0.958753,0.898569,0.975531,0.931761,1.000000,0.958235,0.970857,0.936101,0.961023,0.926199,0.925105,0.889995,0.964216,0.978843,0.926441,0.948664,0.980943,0.926199
S25,0.886360,0.865838,0.743054,0.906474,0.880513,0.866623,0.867581,0.869888,0.894692,0.819779,0.911193,0.844180,0.958235,1.000000,0.925812,0.848318,0.882627,0.843885,0.816462,0.777263,0.942797,0.975043,0.818976,0.885801,0.989392,0.843885
S23,0.989332,0.963341,0.830659,0.980942,0.972002,0.966666,0.980656,0.963951,0.994154,0.879350,0.992637,0.961087,0.970857,0.925812,1.000000,0.967637,0.975999,0.967602,0.930339,0.872775,0.974360,0.981966,0.935419,0.977582,0.964922,0.967602
S15,0.982770,0.937708,0.862426,0.967665,0.954968,0.989915,0.996811,0.972942,0.986865,0.859921,0.975626,0.966200,0.936101,0.848318,0.967637,1.000000,0.968046,0.975114,0.978721,0.894622,0.907650,0.923167,0.982450,0.971236,0.898426,0.975114
S05,0.992743,0.981342,0.913336,0.939166,0.996680,0.972752,0.974950,0.994951,0.982235,0.932026,0.992457,0.990601,0.961023,0.882627,0.975999,0.968046,1.000000,0.987965,0.955547,0.948217,0.954292,0.940926,0.964035,0.984983,0.928426,0.987965
S09,0.991732,0.974329,0.886887,0.938475,0.984391,0.965100,0.978815,0.978698,0.982324,0.908218,0.979076,0.995177,0.926199,0.843885,0.967602,0.975114,0.987965,1.000000,0.952728,0.928760,0.933043,0.918587,0.963234,0.989593,0.896392,1.000000
S02,0.957043,0.913527,0.887634,0.931403,0.939431,0.987255,0.969270,0.973017,0.953532,0.858111,0.954785,0.950450,0.925105,0.816462,0.930339,0.978721,0.955547,0.952728,1.000000,0.910190,0.869261,0.883625,0.997382,0.947007,0.864698,0.952728
S21,0.914506,0.932718,0.990378,0.816027,0.950050,0.909054,0.894205,0.953231,0.892266,0.971132,0.912295,0.950274,0.889995,0.777263,0.872775,0.894622,0.948217,0.928760,0.910190,1.000000,0.864483,0.825261,0.920311,0.919918,0.825146,0.928760
S01,0.954986,0.962632,0.818536,0.935244,0.960904,0.916031,0.929448,0.932096,0.954162,0.909703,0.963799,0.936117,0.964216,0.942797,0.974360,0.907650,0.954292,0.933043,0.869261,0.864483,1.000000,0.975326,0.876246,0.952644,0.971534,0.933043
S24,0.952805,0.928204,0.786061,0.967599,0.937711,0.930508,0.940947,0.927084,0.961647,0.854586,0.967144,0.913911,0.978843,0.975043,0.981966,0.923167,0.940926,0.918587,0.883625,0.825261,0.975326,1.000000,0.887229,0.944598,0.994953,0.918587
S10,0.964379,0.922933,0.895882,0.930782,0.948644,0.987745,0.973563,0.979608,0.958966,0.868386,0.960623,0.961067,0.926441,0.818976,0.935419,0.982450,0.964035,0.963234,0.997382,0.920311,0.876246,0.887229,1.000000,0.955993,0.868327,0.963234
S07,0.989378,0.974366,0.877691,0.946697,0.981891,0.967065,0.976458,0.975232,0.984294,0.909623,0.982646,0.990177,0.948664,0.885801,0.977582,0.971236,0.984983,0.989593,0.947007,0.919918,0.952644,0.944598,0.955993,1.000000,0.928155,0.989593
S18,0.933302,0.913064,0.789875,0.944418,0.926196,0.912555,0.917268,0.915669,0.940325,0.860177,0.952844,0.896052,0.980943,0.989392,0.964922,0.898426,0.928426,0.896392,0.864698,0.825146,0.971534,0.994953,0.868327,0.928155,1.000000,0.896392
S03,0.991732,0.974329,0.886887,0.938475,0.984391,0.965100,0.978815,0.978698,0.982324,0.908218,0.979076,0.995177,0.926199,0.843885,0.967602,0.975114,0.987965,1.000000,0.952728,0.928760,0.933043,0.918587,0.963234,0.989593,0.896392,1.000000
