year,techFMs,r,ghgAbateTechFMs
2020,FM01_PSA,DE1,0.0
2020,FM01_PSA,DE2,0.0
2020,FM01_PSA,DE3,0.0
2020,FM01_PSA,DE4,0.0
2020,FM01_PSA,DE5,0.0
2020,FM01_PSA,DE6,0.0
2020,FM01_PSA,DE7,0.0
2020,FM01_PSA,DE8,0.0
2020,FM01_PSA,DE9,0.0
2020,FM01_PSA,DEA,0.0
2020,FM01_PSA,DEB,0.0
2020,FM01_PSA,DEC,0.0
2020,FM01_PSA,DEE,0.0
2020,FM01_PSA,DED,0.0
2020,FM01_PSA,DEF,0.0
2020,FM01_PSA,DEG,0.0
2020,FM02_TSA,DE1,0.0
2020,FM02_TSA,DE2,0.0
2020,FM02_TSA,DE3,0.0
2020,FM02_TSA,DE4,0.0
2020,FM02_TSA,DE5,0.0
2020,FM02_TSA,DE6,0.0
2020,FM02_TSA,DE7,0.0
2020,FM02_TSA,DE8,0.0
2020,FM02_TSA,DE9,0.0
2020,FM02_TSA,DEA,0.0
2020,FM02_TSA,DEB,0.0
2020,FM02_TSA,DEC,0.0
2020,FM02_TSA,DEE,0.0
2020,FM02_TSA,DED,0.0
2020,FM02_TSA,DEF,0.0
2020,FM02_TSA,DEG,0.0
2020,FM03_Beech,DE1,0.0
2020,FM03_Beech,DE2,0.0
2020,FM03_Beech,DE3,0.0
2020,FM03_Beech,DE4,0.0
2020,FM03_Beech,DE5,0.0
2020,FM03_Beech,DE6,0.0
2020,FM03_Beech,DE7,0.0
2020,FM03_Beech,DE8,0.0
2020,FM03_Beech,DE9,0.0
2020,FM03_Beech,DEA,0.0
2020,FM03_Beech,DEB,0.0
2020,FM03_Beech,DEC,0.0
2020,FM03_Beech,DEE,0.0
2020,FM03_Beech,DED,0.0
2020,FM03_Beech,DEF,0.0
2020,FM03_Beech,DEG,0.0
2020,FM04_DouglasFir,DE1,0.0
2020,FM04_DouglasFir,DE2,0.0
2020,FM04_DouglasFir,DE3,0.0
2020,FM04_DouglasFir,DE4,0.0
2020,FM04_DouglasFir,DE5,0.0
2020,FM04_DouglasFir,DE6,0.0
2020,FM04_DouglasFir,DE7,0.0
2020,FM04_DouglasFir,DE8,0.0
2020,FM04_DouglasFir,DE9,0.0
2020,FM04_DouglasFir,DEA,0.0
2020,FM04_DouglasFir,DEB,0.0
2020,FM04_DouglasFir,DEC,0.0
2020,FM04_DouglasFir,DEE,0.0
2020,FM04_DouglasFir,DED,0.0
2020,FM04_DouglasFir,DEF,0.0
2020,FM04_DouglasFir,DEG,0.0
2020,FM05_Oak,DE1,0.0
2020,FM05_Oak,DE2,0.0
2020,FM05_Oak,DE3,0.0
2020,FM05_Oak,DE4,0.0
2020,FM05_Oak,DE5,0.0
2020,FM05_Oak,DE6,0.0
2020,FM05_Oak,DE7,0.0
2020,FM05_Oak,DE8,0.0
2020,FM05_Oak,DE9,0.0
2020,FM05_Oak,DEA,0.0
2020,FM05_Oak,DEB,0.0
2020,FM05_Oak,DEC,0.0
2020,FM05_Oak,DEE,0.0
2020,FM05_Oak,DED,0.0
2020,FM05_Oak,DEF,0.0
2020,FM05_Oak,DEG,0.0
2020,FM06_ScotPine,DE1,0.0
2020,FM06_ScotPine,DE2,0.0
2020,FM06_ScotPine,DE3,0.0
2020,FM06_ScotPine,DE4,0.0
2020,FM06_ScotPine,DE5,0.0
2020,FM06_ScotPine,DE6,0.0
2020,FM06_ScotPine,DE7,0.0
2020,FM06_ScotPine,DE8,0.0
2020,FM06_ScotPine,DE9,0.0
2020,FM06_ScotPine,DEA,0.0
2020,FM06_ScotPine,DEB,0.0
2020,FM06_ScotPine,DEC,0.0
2020,FM06_ScotPine,DEE,0.0
2020,FM06_ScotPine,DED,0.0
2020,FM06_ScotPine,DEF,0.0
2020,FM06_ScotPine,DEG,0.0
2020,PC_Rewetting,DE1,585600.0
2020,PC_Rewetting,DE2,0.0
2020,PC_Rewetting,DE3,0.0
2020,PC_Rewetting,DE4,0.0
2020,PC_Rewetting,DE5,0.0
2020,PC_Rewetting,DE6,0.0
2020,PC_Rewetting,DE7,0.0
2020,PC_Rewetting,DE8,0.0
2020,PC_Rewetting,DE9,0.0
2020,PC_Rewetting,DEA,0.0
2020,PC_Rewetting,DEB,0.0
2020,PC_Rewetting,DEC,0.0
2020,PC_Rewetting,DEE,0.0
2020,PC_Rewetting,DED,0.0
2020,PC_Rewetting,DEF,0.0
2020,PC_Rewetting,DEG,0.0
2021,FM01_PSA,DE1,0.0
2021,FM01_PSA,DE2,0.0
2021,FM01_PSA,DE3,0.0
2021,FM01_PSA,DE4,0.0
2021,FM01_PSA,DE5,0.0
2021,FM01_PSA,DE6,0.0
2021,FM01_PSA,DE7,0.0
2021,FM01_PSA,DE8,0.0
2021,FM01_PSA,DE9,0.0
2021,FM01_PSA,DEA,0.0
2021,FM01_PSA,DEB,0.0
2021,FM01_PSA,DEC,0.0
2021,FM01_PSA,DEE,0.0
2021,FM01_PSA,DED,0.0
2021,FM01_PSA,DEF,0.0
2021,FM01_PSA,DEG,0.0
2021,FM02_TSA,DE1,202104.02879198393
2021,FM02_TSA,DE2,199848.00881495993
2021,FM02_TSA,DE3,70.96416835199999
2021,FM02_TSA,DE4,12732.640324799997
2021,FM02_TSA,DE5,50.87765231999999
2021,FM02_TSA,DE6,261.4412174879999
2021,FM02_TSA,DE7,182295.388829136
2021,FM02_TSA,DE8,38626.92303940799
2021,FM02_TSA,DE9,91206.98317737598
2021,FM02_TSA,DEA,110549.47141339196
2021,FM02_TSA,DEB,145054.55349633595
2021,FM02_TSA,DEC,16888.371372047994
2021,FM02_TSA,DEE,21953.291262671995
2021,FM02_TSA,DED,13797.528011519997
2021,FM02_TSA,DEF,25487.573281103992
2021,FM02_TSA,DEG,69757.69718174398
2021,FM03_Beech,DE1,0.0
2021,FM03_Beech,DE2,0.0
2021,FM03_Beech,DE3,0.0
2021,FM03_Beech,DE4,0.0
2021,FM03_Beech,DE5,0.0
2021,FM03_Beech,DE6,0.0
2021,FM03_Beech,DE7,0.0
2021,FM03_Beech,DE8,0.0
2021,FM03_Beech,DE9,0.0
2021,FM03_Beech,DEA,0.0
2021,FM03_Beech,DEB,0.0
2021,FM03_Beech,DEC,0.0
2021,FM03_Beech,DEE,0.0
2021,FM03_Beech,DED,0.0
2021,FM03_Beech,DEF,0.0
2021,FM03_Beech,DEG,0.0
2021,FM04_DouglasFir,DE1,0.0
2021,FM04_DouglasFir,DE2,0.0
2021,FM04_DouglasFir,DE3,0.0
2021,FM04_DouglasFir,DE4,0.0
2021,FM04_DouglasFir,DE5,0.0
2021,FM04_DouglasFir,DE6,0.0
2021,FM04_DouglasFir,DE7,0.0
2021,FM04_DouglasFir,DE8,0.0
2021,FM04_DouglasFir,DE9,0.0
2021,FM04_DouglasFir,DEA,0.0
2021,FM04_DouglasFir,DEB,0.0
2021,FM04_DouglasFir,DEC,0.0
2021,FM04_DouglasFir,DEE,0.0
2021,FM04_DouglasFir,DED,0.0
2021,FM04_DouglasFir,DEF,0.0
2021,FM04_DouglasFir,DEG,0.0
2021,FM05_Oak,DE1,0.0
2021,FM05_Oak,DE2,0.0
2021,FM05_Oak,DE3,0.0
2021,FM05_Oak,DE4,0.0
2021,FM05_Oak,DE5,0.0
2021,FM05_Oak,DE6,0.0
2021,FM05_Oak,DE7,0.0
2021,FM05_Oak,DE8,0.0
2021,FM05_Oak,DE9,0.0
2021,FM05_Oak,DEA,0.0
2021,FM05_Oak,DEB,0.0
2021,FM05_Oak,DEC,0.0
2021,FM05_Oak,DEE,0.0
2021,FM05_Oak,DED,0.0
2021,FM05_Oak,DEF,0.0
2021,FM05_Oak,DEG,0.0
2021,FM06_ScotPine,DE1,0.0
2021,FM06_ScotPine,DE2,0.0
2021,FM06_ScotPine,DE3,0.0
2021,FM06_ScotPine,DE4,0.0
2021,FM06_ScotPine,DE5,0.0
2021,FM06_ScotPine,DE6,0.0
2021,FM06_ScotPine,DE7,0.0
2021,FM06_ScotPine,DE8,0.0
2021,FM06_ScotPine,DE9,0.0
2021,FM06_ScotPine,DEA,0.0
2021,FM06_ScotPine,DEB,0.0
2021,FM06_ScotPine,DEC,0.0
2021,FM06_ScotPine,DEE,0.0
2021,FM06_ScotPine,DED,0.0
2021,FM06_ScotPine,DEF,0.0
2021,FM06_ScotPine,DEG,0.0
2021,PC_Rewetting,DE1,585600.0
2021,PC_Rewetting,DE2,0.0
2021,PC_Rewetting,DE3,0.0
2021,PC_Rewetting,DE4,0.0
2021,PC_Rewetting,DE5,0.0
2021,PC_Rewetting,DE6,0.0
2021,PC_Rewetting,DE7,0.0
2021,PC_Rewetting,DE8,0.0
2021,PC_Rewetting,DE9,0.0
2021,PC_Rewetting,DEA,0.0
2021,PC_Rewetting,DEB,0.0
2021,PC_Rewetting,DEC,0.0
2021,PC_Rewetting,DEE,0.0
2021,PC_Rewetting,DED,0.0
2021,PC_Rewetting,DEF,0.0
2021,PC_Rewetting,DEG,0.0
2022,FM01_PSA,DE1,0.0
2022,FM01_PSA,DE2,0.0
2022,FM01_PSA,DE3,0.0
2022,FM01_PSA,DE4,0.0
2022,FM01_PSA,DE5,0.0
2022,FM01_PSA,DE6,0.0
2022,FM01_PSA,DE7,0.0
2022,FM01_PSA,DE8,0.0
2022,FM01_PSA,DE9,0.0
2022,FM01_PSA,DEA,0.0
2022,FM01_PSA,DEB,0.0
2022,FM01_PSA,DEC,0.0
2022,FM01_PSA,DEE,0.0
2022,FM01_PSA,DED,0.0
2022,FM01_PSA,DEF,0.0
2022,FM01_PSA,DEG,0.0
2022,FM02_TSA,DE1,413946.3926819424
2022,FM02_TSA,DE2,409325.64693585597
2022,FM02_TSA,DE3,145.3477284672
2022,FM02_TSA,DE4,26078.799929279998
2022,FM02_TSA,DE5,104.206832352
2022,FM02_TSA,DE6,535.4799185567999
2022,FM02_TSA,DE7,373374.63809808966
2022,FM02_TSA,DE8,79115.07528146882
2022,FM02_TSA,DE9,186808.7533897536
2022,FM02_TSA,DEA,226425.74310861118
2022,FM02_TSA,DEB,297098.5265400096
2022,FM02_TSA,DEC,34590.5049469728
2022,FM02_TSA,DEE,44964.3967020192
2022,FM02_TSA,DED,28259.886665471997
2022,FM02_TSA,DEF,52203.259286774395
2022,FM02_TSA,DEG,142876.65259707838
2022,FM03_Beech,DE1,0.0
2022,FM03_Beech,DE2,0.0
2022,FM03_Beech,DE3,0.0
2022,FM03_Beech,DE4,0.0
2022,FM03_Beech,DE5,0.0
2022,FM03_Beech,DE6,0.0
2022,FM03_Beech,DE7,0.0
2022,FM03_Beech,DE8,0.0
2022,FM03_Beech,DE9,0.0
2022,FM03_Beech,DEA,0.0
2022,FM03_Beech,DEB,0.0
2022,FM03_Beech,DEC,0.0
2022,FM03_Beech,DEE,0.0
2022,FM03_Beech,DED,0.0
2022,FM03_Beech,DEF,0.0
2022,FM03_Beech,DEG,0.0
2022,FM04_DouglasFir,DE1,0.0
2022,FM04_DouglasFir,DE2,0.0
2022,FM04_DouglasFir,DE3,0.0
2022,FM04_DouglasFir,DE4,0.0
2022,FM04_DouglasFir,DE5,0.0
2022,FM04_DouglasFir,DE6,0.0
2022,FM04_DouglasFir,DE7,0.0
2022,FM04_DouglasFir,DE8,0.0
2022,FM04_DouglasFir,DE9,0.0
2022,FM04_DouglasFir,DEA,0.0
2022,FM04_DouglasFir,DEB,0.0
2022,FM04_DouglasFir,DEC,0.0
2022,FM04_DouglasFir,DEE,0.0
2022,FM04_DouglasFir,DED,0.0
2022,FM04_DouglasFir,DEF,0.0
2022,FM04_DouglasFir,DEG,0.0
2022,FM05_Oak,DE1,0.0
2022,FM05_Oak,DE2,0.0
2022,FM05_Oak,DE3,0.0
2022,FM05_Oak,DE4,0.0
2022,FM05_Oak,DE5,0.0
2022,FM05_Oak,DE6,0.0
2022,FM05_Oak,DE7,0.0
2022,FM05_Oak,DE8,0.0
2022,FM05_Oak,DE9,0.0
2022,FM05_Oak,DEA,0.0
2022,FM05_Oak,DEB,0.0
2022,FM05_Oak,DEC,0.0
2022,FM05_Oak,DEE,0.0
2022,FM05_Oak,DED,0.0
2022,FM05_Oak,DEF,0.0
2022,FM05_Oak,DEG,0.0
2022,FM06_ScotPine,DE1,0.0
2022,FM06_ScotPine,DE2,0.0
2022,FM06_ScotPine,DE3,0.0
2022,FM06_ScotPine,DE4,0.0
2022,FM06_ScotPine,DE5,0.0
2022,FM06_ScotPine,DE6,0.0
2022,FM06_ScotPine,DE7,0.0
2022,FM06_ScotPine,DE8,0.0
2022,FM06_ScotPine,DE9,0.0
2022,FM06_ScotPine,DEA,0.0
2022,FM06_ScotPine,DEB,0.0
2022,FM06_ScotPine,DEC,0.0
2022,FM06_ScotPine,DEE,0.0
2022,FM06_ScotPine,DED,0.0
2022,FM06_ScotPine,DEF,0.0
2022,FM06_ScotPine,DEG,0.0
2022,PC_Rewetting,DE1,585600.0
2022,PC_Rewetting,DE2,0.0
2022,PC_Rewetting,DE3,0.0
2022,PC_Rewetting,DE4,0.0
2022,PC_Rewetting,DE5,0.0
2022,PC_Rewetting,DE6,0.0
2022,PC_Rewetting,DE7,0.0
2022,PC_Rewetting,DE8,0.0
2022,PC_Rewetting,DE9,0.0
2022,PC_Rewetting,DEA,0.0
2022,PC_Rewetting,DEB,0.0
2022,PC_Rewetting,DEC,0.0
2022,PC_Rewetting,DEE,0.0
2022,PC_Rewetting,DED,0.0
2022,PC_Rewetting,DEF,0.0
2022,PC_Rewetting,DEG,0.0
2023,FM01_PSA,DE1,0.0
2023,FM01_PSA,DE2,0.0
2023,FM01_PSA,DE3,0.0
2023,FM01_PSA,DE4,0.0
2023,FM01_PSA,DE5,0.0
2023,FM01_PSA,DE6,0.0
2023,FM01_PSA,DE7,0.0
2023,FM01_PSA,DE8,0.0
2023,FM01_PSA,DE9,0.0
2023,FM01_PSA,DEA,0.0
2023,FM01_PSA,DEB,0.0
2023,FM01_PSA,DEC,0.0
2023,FM01_PSA,DEE,0.0
2023,FM01_PSA,DED,0.0
2023,FM01_PSA,DEF,0.0
2023,FM01_PSA,DEG,0.0
2023,FM02_TSA,DE1,635632.4386798127
2023,FM02_TSA,DE2,628537.0854190318
2023,FM02_TSA,DE3,223.18767051839995
2023,FM02_TSA,DE4,40045.11572015999
2023,FM02_TSA,DE5,160.01406014399998
2023,FM02_TSA,DE6,822.2523798095998
2023,FM02_TSA,DE7,573332.7695352912
2023,FM02_TSA,DE8,121484.5910642736
2023,FM02_TSA,DE9,286852.8524056992
2023,FM02_TSA,DEA,347686.43915348634
2023,FM02_TSA,DEB,456207.5290215311
2023,FM02_TSA,DEC,53115.203812161584
2023,FM02_TSA,DEE,69044.75950206238
2023,FM02_TSA,DED,43394.26794278399
2023,FM02_TSA,DEF,80160.34345051678
2023,FM02_TSA,DEG,219393.22754400474
2023,FM03_Beech,DE1,0.0
2023,FM03_Beech,DE2,0.0
2023,FM03_Beech,DE3,0.0
2023,FM03_Beech,DE4,0.0
2023,FM03_Beech,DE5,0.0
2023,FM03_Beech,DE6,0.0
2023,FM03_Beech,DE7,0.0
2023,FM03_Beech,DE8,0.0
2023,FM03_Beech,DE9,0.0
2023,FM03_Beech,DEA,0.0
2023,FM03_Beech,DEB,0.0
2023,FM03_Beech,DEC,0.0
2023,FM03_Beech,DEE,0.0
2023,FM03_Beech,DED,0.0
2023,FM03_Beech,DEF,0.0
2023,FM03_Beech,DEG,0.0
2023,FM04_DouglasFir,DE1,0.0
2023,FM04_DouglasFir,DE2,0.0
2023,FM04_DouglasFir,DE3,0.0
2023,FM04_DouglasFir,DE4,0.0
2023,FM04_DouglasFir,DE5,0.0
2023,FM04_DouglasFir,DE6,0.0
2023,FM04_DouglasFir,DE7,0.0
2023,FM04_DouglasFir,DE8,0.0
2023,FM04_DouglasFir,DE9,0.0
2023,FM04_DouglasFir,DEA,0.0
2023,FM04_DouglasFir,DEB,0.0
2023,FM04_DouglasFir,DEC,0.0
2023,FM04_DouglasFir,DEE,0.0
2023,FM04_DouglasFir,DED,0.0
2023,FM04_DouglasFir,DEF,0.0
2023,FM04_DouglasFir,DEG,0.0
2023,FM05_Oak,DE1,0.0
2023,FM05_Oak,DE2,0.0
2023,FM05_Oak,DE3,0.0
2023,FM05_Oak,DE4,0.0
2023,FM05_Oak,DE5,0.0
2023,FM05_Oak,DE6,0.0
2023,FM05_Oak,DE7,0.0
2023,FM05_Oak,DE8,0.0
2023,FM05_Oak,DE9,0.0
2023,FM05_Oak,DEA,0.0
2023,FM05_Oak,DEB,0.0
2023,FM05_Oak,DEC,0.0
2023,FM05_Oak,DEE,0.0
2023,FM05_Oak,DED,0.0
2023,FM05_Oak,DEF,0.0
2023,FM05_Oak,DEG,0.0
2023,FM06_ScotPine,DE1,0.0
2023,FM06_ScotPine,DE2,0.0
2023,FM06_ScotPine,DE3,0.0
2023,FM06_ScotPine,DE4,0.0
2023,FM06_ScotPine,DE5,0.0
2023,FM06_ScotPine,DE6,0.0
2023,FM06_ScotPine,DE7,0.0
2023,FM06_ScotPine,DE8,0.0
2023,FM06_ScotPine,DE9,0.0
2023,FM06_ScotPine,DEA,0.0
2023,FM06_ScotPine,DEB,0.0
2023,FM06_ScotPine,DEC,0.0
2023,FM06_ScotPine,DEE,0.0
2023,FM06_ScotPine,DED,0.0
2023,FM06_ScotPine,DEF,0.0
2023,FM06_ScotPine,DEG,0.0
2023,PC_Rewetting,DE1,585600.0
2023,PC_Rewetting,DE2,0.0
2023,PC_Rewetting,DE3,0.0
2023,PC_Rewetting,DE4,0.0
2023,PC_Rewetting,DE5,0.0
2023,PC_Rewetting,DE6,0.0
2023,PC_Rewetting,DE7,0.0
2023,PC_Rewetting,DE8,0.0
2023,PC_Rewetting,DE9,0.0
2023,PC_Rewetting,DEA,0.0
2023,PC_Rewetting,DEB,0.0
2023,PC_Rewetting,DEC,0.0
2023,PC_Rewetting,DEE,0.0
2023,PC_Rewetting,DED,0.0
2023,PC_Rewetting,DEF,0.0
2023,PC_Rewetting,DEG,0.0
2024,FM01_PSA,DE1,0.0
2024,FM01_PSA,DE2,0.0
2024,FM01_PSA,DE3,0.0
2024,FM01_PSA,DE4,0.0
2024,FM01_PSA,DE5,0.0
2024,FM01_PSA,DE6,0.0
2024,FM01_PSA,DE7,0.0
2024,FM01_PSA,DE8,0.0
2024,FM01_PSA,DE9,0.0
2024,FM01_PSA,DEA,0.0
2024,FM01_PSA,DEB,0.0
2024,FM01_PSA,DEC,0.0
2024,FM01_PSA,DEE,0.0
2024,FM01_PSA,DED,0.0
2024,FM01_PSA,DEF,0.0
2024,FM01_PSA,DEG,0.0
2024,FM02_TSA,DE1,867267.5137955326
2024,FM02_TSA,DE2,857586.4953208318
2024,FM02_TSA,DE3,304.52098467839994
2024,FM02_TSA,DE4,54638.22460415999
2024,FM02_TSA,DE5,218.32585574399997
2024,FM02_TSA,DE6,1121.8948778495997
2024,FM02_TSA,DE7,782264.8048691713
2024,FM02_TSA,DE8,165755.6047259136
2024,FM02_TSA,DE9,391386.82199377916
2024,FM02_TSA,DEA,474389.18361584627
2024,FM02_TSA,DEB,622457.170831411
2024,FM02_TSA,DEC,72471.27105500158
2024,FM02_TSA,DEE,94205.82284682238
2024,FM02_TSA,DED,59207.86382438399
2024,FM02_TSA,DEF,109372.11120583679
2024,FM02_TSA,DEG,299343.7833205248
2024,FM03_Beech,DE1,0.0
2024,FM03_Beech,DE2,0.0
2024,FM03_Beech,DE3,0.0
2024,FM03_Beech,DE4,0.0
2024,FM03_Beech,DE5,0.0
2024,FM03_Beech,DE6,0.0
2024,FM03_Beech,DE7,0.0
2024,FM03_Beech,DE8,0.0
2024,FM03_Beech,DE9,0.0
2024,FM03_Beech,DEA,0.0
2024,FM03_Beech,DEB,0.0
2024,FM03_Beech,DEC,0.0
2024,FM03_Beech,DEE,0.0
2024,FM03_Beech,DED,0.0
2024,FM03_Beech,DEF,0.0
2024,FM03_Beech,DEG,0.0
2024,FM04_DouglasFir,DE1,0.0
2024,FM04_DouglasFir,DE2,0.0
2024,FM04_DouglasFir,DE3,0.0
2024,FM04_DouglasFir,DE4,0.0
2024,FM04_DouglasFir,DE5,0.0
2024,FM04_DouglasFir,DE6,0.0
2024,FM04_DouglasFir,DE7,0.0
2024,FM04_DouglasFir,DE8,0.0
2024,FM04_DouglasFir,DE9,0.0
2024,FM04_DouglasFir,DEA,0.0
2024,FM04_DouglasFir,DEB,0.0
2024,FM04_DouglasFir,DEC,0.0
2024,FM04_DouglasFir,DEE,0.0
2024,FM04_DouglasFir,DED,0.0
2024,FM04_DouglasFir,DEF,0.0
2024,FM04_DouglasFir,DEG,0.0
2024,FM05_Oak,DE1,0.0
2024,FM05_Oak,DE2,0.0
2024,FM05_Oak,DE3,0.0
2024,FM05_Oak,DE4,0.0
2024,FM05_Oak,DE5,0.0
2024,FM05_Oak,DE6,0.0
2024,FM05_Oak,DE7,0.0
2024,FM05_Oak,DE8,0.0
2024,FM05_Oak,DE9,0.0
2024,FM05_Oak,DEA,0.0
2024,FM05_Oak,DEB,0.0
2024,FM05_Oak,DEC,0.0
2024,FM05_Oak,DEE,0.0
2024,FM05_Oak,DED,0.0
2024,FM05_Oak,DEF,0.0
2024,FM05_Oak,DEG,0.0
2024,FM06_ScotPine,DE1,0.0
2024,FM06_ScotPine,DE2,0.0
2024,FM06_ScotPine,DE3,0.0
2024,FM06_ScotPine,DE4,0.0
2024,FM06_ScotPine,DE5,0.0
2024,FM06_ScotPine,DE6,0.0
2024,FM06_ScotPine,DE7,0.0
2024,FM06_ScotPine,DE8,0.0
2024,FM06_ScotPine,DE9,0.0
2024,FM06_ScotPine,DEA,0.0
2024,FM06_ScotPine,DEB,0.0
2024,FM06_ScotPine,DEC,0.0
2024,FM06_ScotPine,DEE,0.0
2024,FM06_ScotPine,DED,0.0
2024,FM06_ScotPine,DEF,0.0
2024,FM06_ScotPine,DEG,0.0
2024,PC_Rewetting,DE1,585600.0
2024,PC_Rewetting,DE2,0.0
2024,PC_Rewetting,DE3,0.0
2024,PC_Rewetting,DE4,0.0
2024,PC_Rewetting,DE5,0.0
2024,PC_Rewetting,DE6,0.0
2024,PC_Rewetting,DE7,0.0
2024,PC_Rewetting,DE8,0.0
2024,PC_Rewetting,DE9,0.0
2024,PC_Rewetting,DEA,0.0
2024,PC_Rewetting,DEB,0.0
2024,PC_Rewetting,DEC,0.0
2024,PC_Rewetting,DEE,0.0
2024,PC_Rewetting,DED,0.0
2024,PC_Rewetting,DEF,0.0
2024,PC_Rewetting,DEG,0.0
2025,FM01_PSA,DE1,0.0
2025,FM01_PSA,DE2,0.0
2025,FM01_PSA,DE3,0.0
2025,FM01_PSA,DE4,0.0
2025,FM01_PSA,DE5,0.0
2025,FM01_PSA,DE6,0.0
2025,FM01_PSA,DE7,0.0
2025,FM01_PSA,DE8,0.0
2025,FM01_PSA,DE9,0.0
2025,FM01_PSA,DEA,0.0
2025,FM01_PSA,DEB,0.0
2025,FM01_PSA,DEC,0.0
2025,FM01_PSA,DEE,0.0
2025,FM01_PSA,DED,0.0
2025,FM01_PSA,DEF,0.0
2025,FM01_PSA,DEG,0.0
2025,FM02_TSA,DE1,1108956.9650390397
2025,FM02_TSA,DE2,1096578.0476975997
2025,FM02_TSA,DE3,389.38466112
2025,FM02_TSA,DE4,69864.76348799998
2025,FM02_TSA,DE5,279.16873919999995
2025,FM02_TSA,DE6,1434.5436892799996
2025,FM02_TSA,DE7,1000265.7658281601
2025,FM02_TSA,DE8,211948.25060448
2025,FM02_TSA,DE9,500458.2039225599
2025,FM02_TSA,DEA,606591.6005635199
2025,FM02_TSA,DEB,795923.0618601599
2025,FM02_TSA,DEC,92667.50976287997
2025,FM02_TSA,DEE,120459.02992031998
2025,FM02_TSA,DED,75707.86629119999
2025,FM02_TSA,DEF,139851.84798623997
2025,FM02_TSA,DEG,382764.68122463993
2025,FM03_Beech,DE1,0.0
2025,FM03_Beech,DE2,0.0
2025,FM03_Beech,DE3,0.0
2025,FM03_Beech,DE4,0.0
2025,FM03_Beech,DE5,0.0
2025,FM03_Beech,DE6,0.0
2025,FM03_Beech,DE7,0.0
2025,FM03_Beech,DE8,0.0
2025,FM03_Beech,DE9,0.0
2025,FM03_Beech,DEA,0.0
2025,FM03_Beech,DEB,0.0
2025,FM03_Beech,DEC,0.0
2025,FM03_Beech,DEE,0.0
2025,FM03_Beech,DED,0.0
2025,FM03_Beech,DEF,0.0
2025,FM03_Beech,DEG,0.0
2025,FM04_DouglasFir,DE1,0.0
2025,FM04_DouglasFir,DE2,0.0
2025,FM04_DouglasFir,DE3,0.0
2025,FM04_DouglasFir,DE4,0.0
2025,FM04_DouglasFir,DE5,0.0
2025,FM04_DouglasFir,DE6,0.0
2025,FM04_DouglasFir,DE7,0.0
2025,FM04_DouglasFir,DE8,0.0
2025,FM04_DouglasFir,DE9,0.0
2025,FM04_DouglasFir,DEA,0.0
2025,FM04_DouglasFir,DEB,0.0
2025,FM04_DouglasFir,DEC,0.0
2025,FM04_DouglasFir,DEE,0.0
2025,FM04_DouglasFir,DED,0.0
2025,FM04_DouglasFir,DEF,0.0
2025,FM04_DouglasFir,DEG,0.0
2025,FM05_Oak,DE1,0.0
2025,FM05_Oak,DE2,0.0
2025,FM05_Oak,DE3,0.0
2025,FM05_Oak,DE4,0.0
2025,FM05_Oak,DE5,0.0
2025,FM05_Oak,DE6,0.0
2025,FM05_Oak,DE7,0.0
2025,FM05_Oak,DE8,0.0
2025,FM05_Oak,DE9,0.0
2025,FM05_Oak,DEA,0.0
2025,FM05_Oak,DEB,0.0
2025,FM05_Oak,DEC,0.0
2025,FM05_Oak,DEE,0.0
2025,FM05_Oak,DED,0.0
2025,FM05_Oak,DEF,0.0
2025,FM05_Oak,DEG,0.0
2025,FM06_ScotPine,DE1,0.0
2025,FM06_ScotPine,DE2,0.0
2025,FM06_ScotPine,DE3,0.0
2025,FM06_ScotPine,DE4,0.0
2025,FM06_ScotPine,DE5,0.0
2025,FM06_ScotPine,DE6,0.0
2025,FM06_ScotPine,DE7,0.0
2025,FM06_ScotPine,DE8,0.0
2025,FM06_ScotPine,DE9,0.0
2025,FM06_ScotPine,DEA,0.0
2025,FM06_ScotPine,DEB,0.0
2025,FM06_ScotPine,DEC,0.0
2025,FM06_ScotPine,DEE,0.0
2025,FM06_ScotPine,DED,0.0
2025,FM06_ScotPine,DEF,0.0
2025,FM06_ScotPine,DEG,0.0
2025,PC_Rewetting,DE1,585600.0
2025,PC_Rewetting,DE2,0.0
2025,PC_Rewetting,DE3,0.0
2025,PC_Rewetting,DE4,0.0
2025,PC_Rewetting,DE5,0.0
2025,PC_Rewetting,DE6,0.0
2025,PC_Rewetting,DE7,0.0
2025,PC_Rewetting,DE8,0.0
2025,PC_Rewetting,DE9,0.0
2025,PC_Rewetting,DEA,0.0
2025,PC_Rewetting,DEB,0.0
2025,PC_Rewetting,DEC,0.0
2025,PC_Rewetting,DEE,0.0
2025,PC_Rewetting,DED,0.0
2025,PC_Rewetting,DEF,0.0
2025,PC_Rewetting,DEG,0.0
2026,FM01_PSA,DE1,0.0
2026,FM01_PSA,DE2,0.0
2026,FM01_PSA,DE3,0.0
2026,FM01_PSA,DE4,0.0
2026,FM01_PSA,DE5,0.0
2026,FM01_PSA,DE6,0.0
2026,FM01_PSA,DE7,0.0
2026,FM01_PSA,DE8,0.0
2026,FM01_PSA,DE9,0.0
2026,FM01_PSA,DEA,0.0
2026,FM01_PSA,DEB,0.0
2026,FM01_PSA,DEC,0.0
2026,FM01_PSA,DEE,0.0
2026,FM01_PSA,DED,0.0
2026,FM01_PSA,DEF,0.0
2026,FM01_PSA,DEG,0.0
2026,FM02_TSA,DE1,1360806.1394202719
2026,FM02_TSA,DE2,1345615.9136056798
2026,FM02_TSA,DE3,477.8156900159999
2026,FM02_TSA,DE4,85731.36927839999
2026,FM02_TSA,DE5,342.56923056
2026,FM02_TSA,DE6,1760.3350907039996
2026,FM02_TSA,DE7,1227430.674140688
2026,FM02_TSA,DE8,260082.66303806403
2026,FM02_TSA,DE9,614114.539960608
2026,FM02_TSA,DEA,744351.3140643359
2026,FM02_TSA,DEB,976680.8119982879
2026,FM02_TSA,DEC,113712.72302318396
2026,FM02_TSA,DEE,147815.823906576
2026,FM02_TSA,DED,92901.46732416
2026,FM02_TSA,DEF,171612.83922523196
2026,FM02_TSA,DEG,469692.28255435196
2026,FM03_Beech,DE1,0.0
2026,FM03_Beech,DE2,0.0
2026,FM03_Beech,DE3,0.0
2026,FM03_Beech,DE4,0.0
2026,FM03_Beech,DE5,0.0
2026,FM03_Beech,DE6,0.0
2026,FM03_Beech,DE7,0.0
2026,FM03_Beech,DE8,0.0
2026,FM03_Beech,DE9,0.0
2026,FM03_Beech,DEA,0.0
2026,FM03_Beech,DEB,0.0
2026,FM03_Beech,DEC,0.0
2026,FM03_Beech,DEE,0.0
2026,FM03_Beech,DED,0.0
2026,FM03_Beech,DEF,0.0
2026,FM03_Beech,DEG,0.0
2026,FM04_DouglasFir,DE1,0.0
2026,FM04_DouglasFir,DE2,0.0
2026,FM04_DouglasFir,DE3,0.0
2026,FM04_DouglasFir,DE4,0.0
2026,FM04_DouglasFir,DE5,0.0
2026,FM04_DouglasFir,DE6,0.0
2026,FM04_DouglasFir,DE7,0.0
2026,FM04_DouglasFir,DE8,0.0
2026,FM04_DouglasFir,DE9,0.0
2026,FM04_DouglasFir,DEA,0.0
2026,FM04_DouglasFir,DEB,0.0
2026,FM04_DouglasFir,DEC,0.0
2026,FM04_DouglasFir,DEE,0.0
2026,FM04_DouglasFir,DED,0.0
2026,FM04_DouglasFir,DEF,0.0
2026,FM04_DouglasFir,DEG,0.0
2026,FM05_Oak,DE1,0.0
2026,FM05_Oak,DE2,0.0
2026,FM05_Oak,DE3,0.0
2026,FM05_Oak,DE4,0.0
2026,FM05_Oak,DE5,0.0
2026,FM05_Oak,DE6,0.0
2026,FM05_Oak,DE7,0.0
2026,FM05_Oak,DE8,0.0
2026,FM05_Oak,DE9,0.0
2026,FM05_Oak,DEA,0.0
2026,FM05_Oak,DEB,0.0
2026,FM05_Oak,DEC,0.0
2026,FM05_Oak,DEE,0.0
2026,FM05_Oak,DED,0.0
2026,FM05_Oak,DEF,0.0
2026,FM05_Oak,DEG,0.0
2026,FM06_ScotPine,DE1,0.0
2026,FM06_ScotPine,DE2,0.0
2026,FM06_ScotPine,DE3,0.0
2026,FM06_ScotPine,DE4,0.0
2026,FM06_ScotPine,DE5,0.0
2026,FM06_ScotPine,DE6,0.0
2026,FM06_ScotPine,DE7,0.0
2026,FM06_ScotPine,DE8,0.0
2026,FM06_ScotPine,DE9,0.0
2026,FM06_ScotPine,DEA,0.0
2026,FM06_ScotPine,DEB,0.0
2026,FM06_ScotPine,DEC,0.0
2026,FM06_ScotPine,DEE,0.0
2026,FM06_ScotPine,DED,0.0
2026,FM06_ScotPine,DEF,0.0
2026,FM06_ScotPine,DEG,0.0
2026,PC_Rewetting,DE1,585600.0
2026,PC_Rewetting,DE2,0.0
2026,PC_Rewetting,DE3,0.0
2026,PC_Rewetting,DE4,0.0
2026,PC_Rewetting,DE5,0.0
2026,PC_Rewetting,DE6,0.0
2026,PC_Rewetting,DE7,0.0
2026,PC_Rewetting,DE8,0.0
2026,PC_Rewetting,DE9,0.0
2026,PC_Rewetting,DEA,0.0
2026,PC_Rewetting,DEB,0.0
2026,PC_Rewetting,DEC,0.0
2026,PC_Rewetting,DEE,0.0
2026,PC_Rewetting,DED,0.0
2026,PC_Rewetting,DEF,0.0
2026,PC_Rewetting,DEG,0.0
2027,FM01_PSA,DE1,0.0
2027,FM01_PSA,DE2,0.0
2027,FM01_PSA,DE3,0.0
2027,FM01_PSA,DE4,0.0
2027,FM01_PSA,DE5,0.0
2027,FM01_PSA,DE6,0.0
2027,FM01_PSA,DE7,0.0
2027,FM01_PSA,DE8,0.0
2027,FM01_PSA,DE9,0.0
2027,FM01_PSA,DEA,0.0
2027,FM01_PSA,DEB,0.0
2027,FM01_PSA,DEC,0.0
2027,FM01_PSA,DEE,0.0
2027,FM01_PSA,DED,0.0
2027,FM01_PSA,DEF,0.0
2027,FM01_PSA,DEG,0.0
2027,FM02_TSA,DE1,1622920.3839491662
2027,FM02_TSA,DE2,1604804.2641014159
2027,FM02_TSA,DE3,569.8510615392
2027,FM02_TSA,DE4,102244.67888207998
2027,FM02_TSA,DE5,408.55384987199994
2027,FM02_TSA,DE6,2099.4053587247995
2027,FM02_TSA,DE7,1463854.551535186
2027,FM02_TSA,DE8,310178.9763647568
2027,FM02_TSA,DE9,732403.3718764896
2027,FM02_TSA,DEA,887725.948186123
2027,FM02_TSA,DEB,1164806.0311363055
2027,FM02_TSA,DEC,135615.71392330076
2027,FM02_TSA,DEE,176287.64798961123
2027,FM02_TSA,DED,110795.85890419199
2027,FM02_TSA,DEF,204668.37035631837
2027,FM02_TSA,DEG,560162.9486076623
2027,FM03_Beech,DE1,0.0
2027,FM03_Beech,DE2,0.0
2027,FM03_Beech,DE3,0.0
2027,FM03_Beech,DE4,0.0
2027,FM03_Beech,DE5,0.0
2027,FM03_Beech,DE6,0.0
2027,FM03_Beech,DE7,0.0
2027,FM03_Beech,DE8,0.0
2027,FM03_Beech,DE9,0.0
2027,FM03_Beech,DEA,0.0
2027,FM03_Beech,DEB,0.0
2027,FM03_Beech,DEC,0.0
2027,FM03_Beech,DEE,0.0
2027,FM03_Beech,DED,0.0
2027,FM03_Beech,DEF,0.0
2027,FM03_Beech,DEG,0.0
2027,FM04_DouglasFir,DE1,0.0
2027,FM04_DouglasFir,DE2,0.0
2027,FM04_DouglasFir,DE3,0.0
2027,FM04_DouglasFir,DE4,0.0
2027,FM04_DouglasFir,DE5,0.0
2027,FM04_DouglasFir,DE6,0.0
2027,FM04_DouglasFir,DE7,0.0
2027,FM04_DouglasFir,DE8,0.0
2027,FM04_DouglasFir,DE9,0.0
2027,FM04_DouglasFir,DEA,0.0
2027,FM04_DouglasFir,DEB,0.0
2027,FM04_DouglasFir,DEC,0.0
2027,FM04_DouglasFir,DEE,0.0
2027,FM04_DouglasFir,DED,0.0
2027,FM04_DouglasFir,DEF,0.0
2027,FM04_DouglasFir,DEG,0.0
2027,FM05_Oak,DE1,0.0
2027,FM05_Oak,DE2,0.0
2027,FM05_Oak,DE3,0.0
2027,FM05_Oak,DE4,0.0
2027,FM05_Oak,DE5,0.0
2027,FM05_Oak,DE6,0.0
2027,FM05_Oak,DE7,0.0
2027,FM05_Oak,DE8,0.0
2027,FM05_Oak,DE9,0.0
2027,FM05_Oak,DEA,0.0
2027,FM05_Oak,DEB,0.0
2027,FM05_Oak,DEC,0.0
2027,FM05_Oak,DEE,0.0
2027,FM05_Oak,DED,0.0
2027,FM05_Oak,DEF,0.0
2027,FM05_Oak,DEG,0.0
2027,FM06_ScotPine,DE1,0.0
2027,FM06_ScotPine,DE2,0.0
2027,FM06_ScotPine,DE3,0.0
2027,FM06_ScotPine,DE4,0.0
2027,FM06_ScotPine,DE5,0.0
2027,FM06_ScotPine,DE6,0.0
2027,FM06_ScotPine,DE7,0.0
2027,FM06_ScotPine,DE8,0.0
2027,FM06_ScotPine,DE9,0.0
2027,FM06_ScotPine,DEA,0.0
2027,FM06_ScotPine,DEB,0.0
2027,FM06_ScotPine,DEC,0.0
2027,FM06_ScotPine,DEE,0.0
2027,FM06_ScotPine,DED,0.0
2027,FM06_ScotPine,DEF,0.0
2027,FM06_ScotPine,DEG,0.0
2027,PC_Rewetting,DE1,585600.0
2027,PC_Rewetting,DE2,0.0
2027,PC_Rewetting,DE3,0.0
2027,PC_Rewetting,DE4,0.0
2027,PC_Rewetting,DE5,0.0
2027,PC_Rewetting,DE6,0.0
2027,PC_Rewetting,DE7,0.0
2027,PC_Rewetting,DE8,0.0
2027,PC_Rewetting,DE9,0.0
2027,PC_Rewetting,DEA,0.0
2027,PC_Rewetting,DEB,0.0
2027,PC_Rewetting,DEC,0.0
2027,PC_Rewetting,DEE,0.0
2027,PC_Rewetting,DED,0.0
2027,PC_Rewetting,DEF,0.0
2027,PC_Rewetting,DEG,0.0
2028,FM01_PSA,DE1,0.0
2028,FM01_PSA,DE2,0.0
2028,FM01_PSA,DE3,0.0
2028,FM01_PSA,DE4,0.0
2028,FM01_PSA,DE5,0.0
2028,FM01_PSA,DE6,0.0
2028,FM01_PSA,DE7,0.0
2028,FM01_PSA,DE8,0.0
2028,FM01_PSA,DE9,0.0
2028,FM01_PSA,DEA,0.0
2028,FM01_PSA,DEB,0.0
2028,FM01_PSA,DEC,0.0
2028,FM01_PSA,DEE,0.0
2028,FM01_PSA,DED,0.0
2028,FM01_PSA,DEF,0.0
2028,FM01_PSA,DEG,0.0
2028,FM02_TSA,DE1,1895405.0456356606
2028,FM02_TSA,DE2,1874247.270241152
2028,FM02_TSA,DE3,665.5277658624
2028,FM02_TSA,DE4,119411.32920575999
2028,FM02_TSA,DE5,477.149117184
2028,FM02_TSA,DE6,2451.8907699455995
2028,FM02_TSA,DE7,1709632.4197400836
2028,FM02_TSA,DE8,362257.32492264966
2028,FM02_TSA,DE9,855372.2414387711
2028,FM02_TSA,DEA,1036773.1269967102
2028,FM02_TSA,DEB,1360374.3291647232
2028,FM02_TSA,DEC,158385.28555061758
2028,FM02_TSA,DEE,205885.9453534464
2028,FM02_TSA,DED,129398.233012224
2028,FM02_TSA,DEF,239031.72681300476
2028,FM02_TSA,DEG,654213.0406825728
2028,FM03_Beech,DE1,0.0
2028,FM03_Beech,DE2,0.0
2028,FM03_Beech,DE3,0.0
2028,FM03_Beech,DE4,0.0
2028,FM03_Beech,DE5,0.0
2028,FM03_Beech,DE6,0.0
2028,FM03_Beech,DE7,0.0
2028,FM03_Beech,DE8,0.0
2028,FM03_Beech,DE9,0.0
2028,FM03_Beech,DEA,0.0
2028,FM03_Beech,DEB,0.0
2028,FM03_Beech,DEC,0.0
2028,FM03_Beech,DEE,0.0
2028,FM03_Beech,DED,0.0
2028,FM03_Beech,DEF,0.0
2028,FM03_Beech,DEG,0.0
2028,FM04_DouglasFir,DE1,0.0
2028,FM04_DouglasFir,DE2,0.0
2028,FM04_DouglasFir,DE3,0.0
2028,FM04_DouglasFir,DE4,0.0
2028,FM04_DouglasFir,DE5,0.0
2028,FM04_DouglasFir,DE6,0.0
2028,FM04_DouglasFir,DE7,0.0
2028,FM04_DouglasFir,DE8,0.0
2028,FM04_DouglasFir,DE9,0.0
2028,FM04_DouglasFir,DEA,0.0
2028,FM04_DouglasFir,DEB,0.0
2028,FM04_DouglasFir,DEC,0.0
2028,FM04_DouglasFir,DEE,0.0
2028,FM04_DouglasFir,DED,0.0
2028,FM04_DouglasFir,DEF,0.0
2028,FM04_DouglasFir,DEG,0.0
2028,FM05_Oak,DE1,0.0
2028,FM05_Oak,DE2,0.0
2028,FM05_Oak,DE3,0.0
2028,FM05_Oak,DE4,0.0
2028,FM05_Oak,DE5,0.0
2028,FM05_Oak,DE6,0.0
2028,FM05_Oak,DE7,0.0
2028,FM05_Oak,DE8,0.0
2028,FM05_Oak,DE9,0.0
2028,FM05_Oak,DEA,0.0
2028,FM05_Oak,DEB,0.0
2028,FM05_Oak,DEC,0.0
2028,FM05_Oak,DEE,0.0
2028,FM05_Oak,DED,0.0
2028,FM05_Oak,DEF,0.0
2028,FM05_Oak,DEG,0.0
2028,FM06_ScotPine,DE1,0.0
2028,FM06_ScotPine,DE2,0.0
2028,FM06_ScotPine,DE3,0.0
2028,FM06_ScotPine,DE4,0.0
2028,FM06_ScotPine,DE5,0.0
2028,FM06_ScotPine,DE6,0.0
2028,FM06_ScotPine,DE7,0.0
2028,FM06_ScotPine,DE8,0.0
2028,FM06_ScotPine,DE9,0.0
2028,FM06_ScotPine,DEA,0.0
2028,FM06_ScotPine,DEB,0.0
2028,FM06_ScotPine,DEC,0.0
2028,FM06_ScotPine,DEE,0.0
2028,FM06_ScotPine,DED,0.0
2028,FM06_ScotPine,DEF,0.0
2028,FM06_ScotPine,DEG,0.0
2028,PC_Rewetting,DE1,585600.0
2028,PC_Rewetting,DE2,0.0
2028,PC_Rewetting,DE3,0.0
2028,PC_Rewetting,DE4,0.0
2028,PC_Rewetting,DE5,0.0
2028,PC_Rewetting,DE6,0.0
2028,PC_Rewetting,DE7,0.0
2028,PC_Rewetting,DE8,0.0
2028,PC_Rewetting,DE9,0.0
2028,PC_Rewetting,DEA,0.0
2028,PC_Rewetting,DEB,0.0
2028,PC_Rewetting,DEC,0.0
2028,PC_Rewetting,DEE,0.0
2028,PC_Rewetting,DED,0.0
2028,PC_Rewetting,DEF,0.0
2028,PC_Rewetting,DEG,0.0
2029,FM01_PSA,DE1,0.0
2029,FM01_PSA,DE2,0.0
2029,FM01_PSA,DE3,0.0
2029,FM01_PSA,DE4,0.0
2029,FM01_PSA,DE5,0.0
2029,FM01_PSA,DE6,0.0
2029,FM01_PSA,DE7,0.0
2029,FM01_PSA,DE8,0.0
2029,FM01_PSA,DE9,0.0
2029,FM01_PSA,DEA,0.0
2029,FM01_PSA,DEB,0.0
2029,FM01_PSA,DEC,0.0
2029,FM01_PSA,DEE,0.0
2029,FM01_PSA,DED,0.0
2029,FM01_PSA,DEF,0.0
2029,FM01_PSA,DEG,0.0
2029,FM02_TSA,DE1,2178365.471489693
2029,FM02_TSA,DE2,2154049.103081232
2029,FM02_TSA,DE3,764.8827931584
2029,FM02_TSA,DE4,137237.95715616
2029,FM02_TSA,DE5,548.381552544
2029,FM02_TSA,DE6,2817.9276009695996
2029,FM02_TSA,DE7,1964859.3004838116
2029,FM02_TSA,DE8,416337.84304983367
2029,FM02_TSA,DE9,983068.6904160192
2029,FM02_TSA,DEA,1191550.4745639265
2029,FM02_TSA,DEB,1563461.3159740511
2029,FM02_TSA,DEC,182030.2409925216
2029,FM02_TSA,DEE,236622.15918210242
2029,FM02_TSA,DED,148715.781629184
2029,FM02_TSA,DEF,274716.19402879674
2029,FM02_TSA,DEG,751878.9200770847
2029,FM03_Beech,DE1,0.0
2029,FM03_Beech,DE2,0.0
2029,FM03_Beech,DE3,0.0
2029,FM03_Beech,DE4,0.0
2029,FM03_Beech,DE5,0.0
2029,FM03_Beech,DE6,0.0
2029,FM03_Beech,DE7,0.0
2029,FM03_Beech,DE8,0.0
2029,FM03_Beech,DE9,0.0
2029,FM03_Beech,DEA,0.0
2029,FM03_Beech,DEB,0.0
2029,FM03_Beech,DEC,0.0
2029,FM03_Beech,DEE,0.0
2029,FM03_Beech,DED,0.0
2029,FM03_Beech,DEF,0.0
2029,FM03_Beech,DEG,0.0
2029,FM04_DouglasFir,DE1,0.0
2029,FM04_DouglasFir,DE2,0.0
2029,FM04_DouglasFir,DE3,0.0
2029,FM04_DouglasFir,DE4,0.0
2029,FM04_DouglasFir,DE5,0.0
2029,FM04_DouglasFir,DE6,0.0
2029,FM04_DouglasFir,DE7,0.0
2029,FM04_DouglasFir,DE8,0.0
2029,FM04_DouglasFir,DE9,0.0
2029,FM04_DouglasFir,DEA,0.0
2029,FM04_DouglasFir,DEB,0.0
2029,FM04_DouglasFir,DEC,0.0
2029,FM04_DouglasFir,DEE,0.0
2029,FM04_DouglasFir,DED,0.0
2029,FM04_DouglasFir,DEF,0.0
2029,FM04_DouglasFir,DEG,0.0
2029,FM05_Oak,DE1,0.0
2029,FM05_Oak,DE2,0.0
2029,FM05_Oak,DE3,0.0
2029,FM05_Oak,DE4,0.0
2029,FM05_Oak,DE5,0.0
2029,FM05_Oak,DE6,0.0
2029,FM05_Oak,DE7,0.0
2029,FM05_Oak,DE8,0.0
2029,FM05_Oak,DE9,0.0
2029,FM05_Oak,DEA,0.0
2029,FM05_Oak,DEB,0.0
2029,FM05_Oak,DEC,0.0
2029,FM05_Oak,DEE,0.0
2029,FM05_Oak,DED,0.0
2029,FM05_Oak,DEF,0.0
2029,FM05_Oak,DEG,0.0
2029,FM06_ScotPine,DE1,0.0
2029,FM06_ScotPine,DE2,0.0
2029,FM06_ScotPine,DE3,0.0
2029,FM06_ScotPine,DE4,0.0
2029,FM06_ScotPine,DE5,0.0
2029,FM06_ScotPine,DE6,0.0
2029,FM06_ScotPine,DE7,0.0
2029,FM06_ScotPine,DE8,0.0
2029,FM06_ScotPine,DE9,0.0
2029,FM06_ScotPine,DEA,0.0
2029,FM06_ScotPine,DEB,0.0
2029,FM06_ScotPine,DEC,0.0
2029,FM06_ScotPine,DEE,0.0
2029,FM06_ScotPine,DED,0.0
2029,FM06_ScotPine,DEF,0.0
2029,FM06_ScotPine,DEG,0.0
2029,PC_Rewetting,DE1,585600.0
2029,PC_Rewetting,DE2,0.0
2029,PC_Rewetting,DE3,0.0
2029,PC_Rewetting,DE4,0.0
2029,PC_Rewetting,DE5,0.0
2029,PC_Rewetting,DE6,0.0
2029,PC_Rewetting,DE7,0.0
2029,PC_Rewetting,DE8,0.0
2029,PC_Rewetting,DE9,0.0
2029,PC_Rewetting,DEA,0.0
2029,PC_Rewetting,DEB,0.0
2029,PC_Rewetting,DEC,0.0
2029,PC_Rewetting,DEE,0.0
2029,PC_Rewetting,DED,0.0
2029,PC_Rewetting,DEF,0.0
2029,PC_Rewetting,DEG,0.0
2030,FM01_PSA,DE1,0.0
2030,FM01_PSA,DE2,0.0
2030,FM01_PSA,DE3,0.0
2030,FM01_PSA,DE4,0.0
2030,FM01_PSA,DE5,0.0
2030,FM01_PSA,DE6,0.0
2030,FM01_PSA,DE7,0.0
2030,FM01_PSA,DE8,0.0
2030,FM01_PSA,DE9,0.0
2030,FM01_PSA,DEA,0.0
2030,FM01_PSA,DEB,0.0
2030,FM01_PSA,DEC,0.0
2030,FM01_PSA,DEE,0.0
2030,FM01_PSA,DED,0.0
2030,FM01_PSA,DEF,0.0
2030,FM01_PSA,DEG,0.0
2030,FM02_TSA,DE1,2471907.0085212
2030,FM02_TSA,DE2,2444313.9336780002
2030,FM02_TSA,DE3,867.9531336
2030,FM02_TSA,DE4,155731.19963999998
2030,FM02_TSA,DE5,622.277676
2030,FM02_TSA,DE6,3197.6521284
2030,FM02_TSA,DE7,2229630.2154948004
2030,FM02_TSA,DE8,472440.6650844001
2030,FM02_TSA,DE9,1115540.2605768
2030,FM02_TSA,DEA,1352115.6149556001
2030,FM02_TSA,DEB,1774142.6014548002
2030,FM02_TSA,DEC,206559.3833364
2030,FM02_TSA,DEE,268507.73265960003
2030,FM02_TSA,DED,168755.696736
2030,FM02_TSA,DEF,311735.0574372
2030,FM02_TSA,DEG,853196.9480892
2030,FM03_Beech,DE1,0.0
2030,FM03_Beech,DE2,0.0
2030,FM03_Beech,DE3,0.0
2030,FM03_Beech,DE4,0.0
2030,FM03_Beech,DE5,0.0
2030,FM03_Beech,DE6,0.0
2030,FM03_Beech,DE7,0.0
2030,FM03_Beech,DE8,0.0
2030,FM03_Beech,DE9,0.0
2030,FM03_Beech,DEA,0.0
2030,FM03_Beech,DEB,0.0
2030,FM03_Beech,DEC,0.0
2030,FM03_Beech,DEE,0.0
2030,FM03_Beech,DED,0.0
2030,FM03_Beech,DEF,0.0
2030,FM03_Beech,DEG,0.0
2030,FM04_DouglasFir,DE1,0.0
2030,FM04_DouglasFir,DE2,0.0
2030,FM04_DouglasFir,DE3,0.0
2030,FM04_DouglasFir,DE4,0.0
2030,FM04_DouglasFir,DE5,0.0
2030,FM04_DouglasFir,DE6,0.0
2030,FM04_DouglasFir,DE7,0.0
2030,FM04_DouglasFir,DE8,0.0
2030,FM04_DouglasFir,DE9,0.0
2030,FM04_DouglasFir,DEA,0.0
2030,FM04_DouglasFir,DEB,0.0
2030,FM04_DouglasFir,DEC,0.0
2030,FM04_DouglasFir,DEE,0.0
2030,FM04_DouglasFir,DED,0.0
2030,FM04_DouglasFir,DEF,0.0
2030,FM04_DouglasFir,DEG,0.0
2030,FM05_Oak,DE1,0.0
2030,FM05_Oak,DE2,0.0
2030,FM05_Oak,DE3,0.0
2030,FM05_Oak,DE4,0.0
2030,FM05_Oak,DE5,0.0
2030,FM05_Oak,DE6,0.0
2030,FM05_Oak,DE7,0.0
2030,FM05_Oak,DE8,0.0
2030,FM05_Oak,DE9,0.0
2030,FM05_Oak,DEA,0.0
2030,FM05_Oak,DEB,0.0
2030,FM05_Oak,DEC,0.0
2030,FM05_Oak,DEE,0.0
2030,FM05_Oak,DED,0.0
2030,FM05_Oak,DEF,0.0
2030,FM05_Oak,DEG,0.0
2030,FM06_ScotPine,DE1,0.0
2030,FM06_ScotPine,DE2,0.0
2030,FM06_ScotPine,DE3,0.0
2030,FM06_ScotPine,DE4,0.0
2030,FM06_ScotPine,DE5,0.0
2030,FM06_ScotPine,DE6,0.0
2030,FM06_ScotPine,DE7,0.0
2030,FM06_ScotPine,DE8,0.0
2030,FM06_ScotPine,DE9,0.0
2030,FM06_ScotPine,DEA,0.0
2030,FM06_ScotPine,DEB,0.0
2030,FM06_ScotPine,DEC,0.0
2030,FM06_ScotPine,DEE,0.0
2030,FM06_ScotPine,DED,0.0
2030,FM06_ScotPine,DEF,0.0
2030,FM06_ScotPine,DEG,0.0
2030,PC_Rewetting,DE1,585600.0
2030,PC_Rewetting,DE2,0.0
2030,PC_Rewetting,DE3,0.0
2030,PC_Rewetting,DE4,0.0
2030,PC_Rewetting,DE5,0.0
2030,PC_Rewetting,DE6,0.0
2030,PC_Rewetting,DE7,0.0
2030,PC_Rewetting,DE8,0.0
2030,PC_Rewetting,DE9,0.0
2030,PC_Rewetting,DEA,0.0
2030,PC_Rewetting,DEB,0.0
2030,PC_Rewetting,DEC,0.0
2030,PC_Rewetting,DEE,0.0
2030,PC_Rewetting,DED,0.0
2030,PC_Rewetting,DEF,0.0
2030,PC_Rewetting,DEG,0.0
2031,FM01_PSA,DE1,0.0
2031,FM01_PSA,DE2,0.0
2031,FM01_PSA,DE3,0.0
2031,FM01_PSA,DE4,0.0
2031,FM01_PSA,DE5,0.0
2031,FM01_PSA,DE6,0.0
2031,FM01_PSA,DE7,0.0
2031,FM01_PSA,DE8,0.0
2031,FM01_PSA,DE9,0.0
2031,FM01_PSA,DEA,0.0
2031,FM01_PSA,DEB,0.0
2031,FM01_PSA,DEC,0.0
2031,FM01_PSA,DEE,0.0
2031,FM01_PSA,DED,0.0
2031,FM01_PSA,DEF,0.0
2031,FM01_PSA,DEG,0.0
2031,FM02_TSA,DE1,2776135.0037401197
2031,FM02_TSA,DE2,2745145.9330877997
2031,FM02_TSA,DE3,974.7757773599999
2031,FM02_TSA,DE4,174897.69356399996
2031,FM02_TSA,DE5,698.8640075999999
2031,FM02_TSA,DE6,3591.2006288399994
2031,FM02_TSA,DE7,2504040.18650148
2031,FM02_TSA,DE8,530585.92536444
2031,FM02_TSA,DE9,1252834.4936896798
2031,FM02_TSA,DEA,1518526.1722395597
2031,FM02_TSA,DEB,1992493.7954974798
2031,FM02_TSA,DEC,231981.51566963995
2031,FM02_TSA,DEE,301554.10896995995
2031,FM02_TSA,DED,189525.17031359996
2031,FM02_TSA,DEF,350101.6024717199
2031,FM02_TSA,DEG,958203.4860169198
2031,FM03_Beech,DE1,0.0
2031,FM03_Beech,DE2,0.0
2031,FM03_Beech,DE3,0.0
2031,FM03_Beech,DE4,0.0
2031,FM03_Beech,DE5,0.0
2031,FM03_Beech,DE6,0.0
2031,FM03_Beech,DE7,0.0
2031,FM03_Beech,DE8,0.0
2031,FM03_Beech,DE9,0.0
2031,FM03_Beech,DEA,0.0
2031,FM03_Beech,DEB,0.0
2031,FM03_Beech,DEC,0.0
2031,FM03_Beech,DEE,0.0
2031,FM03_Beech,DED,0.0
2031,FM03_Beech,DEF,0.0
2031,FM03_Beech,DEG,0.0
2031,FM04_DouglasFir,DE1,0.0
2031,FM04_DouglasFir,DE2,0.0
2031,FM04_DouglasFir,DE3,0.0
2031,FM04_DouglasFir,DE4,0.0
2031,FM04_DouglasFir,DE5,0.0
2031,FM04_DouglasFir,DE6,0.0
2031,FM04_DouglasFir,DE7,0.0
2031,FM04_DouglasFir,DE8,0.0
2031,FM04_DouglasFir,DE9,0.0
2031,FM04_DouglasFir,DEA,0.0
2031,FM04_DouglasFir,DEB,0.0
2031,FM04_DouglasFir,DEC,0.0
2031,FM04_DouglasFir,DEE,0.0
2031,FM04_DouglasFir,DED,0.0
2031,FM04_DouglasFir,DEF,0.0
2031,FM04_DouglasFir,DEG,0.0
2031,FM05_Oak,DE1,0.0
2031,FM05_Oak,DE2,0.0
2031,FM05_Oak,DE3,0.0
2031,FM05_Oak,DE4,0.0
2031,FM05_Oak,DE5,0.0
2031,FM05_Oak,DE6,0.0
2031,FM05_Oak,DE7,0.0
2031,FM05_Oak,DE8,0.0
2031,FM05_Oak,DE9,0.0
2031,FM05_Oak,DEA,0.0
2031,FM05_Oak,DEB,0.0
2031,FM05_Oak,DEC,0.0
2031,FM05_Oak,DEE,0.0
2031,FM05_Oak,DED,0.0
2031,FM05_Oak,DEF,0.0
2031,FM05_Oak,DEG,0.0
2031,FM06_ScotPine,DE1,0.0
2031,FM06_ScotPine,DE2,0.0
2031,FM06_ScotPine,DE3,0.0
2031,FM06_ScotPine,DE4,0.0
2031,FM06_ScotPine,DE5,0.0
2031,FM06_ScotPine,DE6,0.0
2031,FM06_ScotPine,DE7,0.0
2031,FM06_ScotPine,DE8,0.0
2031,FM06_ScotPine,DE9,0.0
2031,FM06_ScotPine,DEA,0.0
2031,FM06_ScotPine,DEB,0.0
2031,FM06_ScotPine,DEC,0.0
2031,FM06_ScotPine,DEE,0.0
2031,FM06_ScotPine,DED,0.0
2031,FM06_ScotPine,DEF,0.0
2031,FM06_ScotPine,DEG,0.0
2031,PC_Rewetting,DE1,585600.0
2031,PC_Rewetting,DE2,0.0
2031,PC_Rewetting,DE3,0.0
2031,PC_Rewetting,DE4,0.0
2031,PC_Rewetting,DE5,0.0
2031,PC_Rewetting,DE6,0.0
2031,PC_Rewetting,DE7,0.0
2031,PC_Rewetting,DE8,0.0
2031,PC_Rewetting,DE9,0.0
2031,PC_Rewetting,DEA,0.0
2031,PC_Rewetting,DEB,0.0
2031,PC_Rewetting,DEC,0.0
2031,PC_Rewetting,DEE,0.0
2031,PC_Rewetting,DED,0.0
2031,PC_Rewetting,DEF,0.0
2031,PC_Rewetting,DEG,0.0
2032,FM01_PSA,DE1,0.0
2032,FM01_PSA,DE2,0.0
2032,FM01_PSA,DE3,0.0
2032,FM01_PSA,DE4,0.0
2032,FM01_PSA,DE5,0.0
2032,FM01_PSA,DE6,0.0
2032,FM01_PSA,DE7,0.0
2032,FM01_PSA,DE8,0.0
2032,FM01_PSA,DE9,0.0
2032,FM01_PSA,DEA,0.0
2032,FM01_PSA,DEB,0.0
2032,FM01_PSA,DEC,0.0
2032,FM01_PSA,DEE,0.0
2032,FM01_PSA,DED,0.0
2032,FM01_PSA,DEF,0.0
2032,FM01_PSA,DEG,0.0
2032,FM02_TSA,DE1,3091154.804156391
2032,FM02_TSA,DE2,3056649.272366976
2032,FM02_TSA,DE3,1085.3877146112
2032,FM02_TSA,DE4,194744.07583487997
2032,FM02_TSA,DE5,778.167067392
2032,FM02_TSA,DE6,3998.7093788928
2032,FM02_TSA,DE7,2788184.2352322824
2032,FM02_TSA,DE8,590793.758228045
2032,FM02_TSA,DE9,1394998.9315232255
2032,FM02_TSA,DEA,1690839.7704836354
2032,FM02_TSA,DEB,2218590.507992602
2032,FM02_TSA,DEC,258305.44107962883
2032,FM02_TSA,DEE,335772.7312972032
2032,FM02_TSA,DED,211031.394342912
2032,FM02_TSA,DEF,389829.1145658624
2032,FM02_TSA,DEG,1066934.8951582464
2032,FM03_Beech,DE1,0.0
2032,FM03_Beech,DE2,0.0
2032,FM03_Beech,DE3,0.0
2032,FM03_Beech,DE4,0.0
2032,FM03_Beech,DE5,0.0
2032,FM03_Beech,DE6,0.0
2032,FM03_Beech,DE7,0.0
2032,FM03_Beech,DE8,0.0
2032,FM03_Beech,DE9,0.0
2032,FM03_Beech,DEA,0.0
2032,FM03_Beech,DEB,0.0
2032,FM03_Beech,DEC,0.0
2032,FM03_Beech,DEE,0.0
2032,FM03_Beech,DED,0.0
2032,FM03_Beech,DEF,0.0
2032,FM03_Beech,DEG,0.0
2032,FM04_DouglasFir,DE1,0.0
2032,FM04_DouglasFir,DE2,0.0
2032,FM04_DouglasFir,DE3,0.0
2032,FM04_DouglasFir,DE4,0.0
2032,FM04_DouglasFir,DE5,0.0
2032,FM04_DouglasFir,DE6,0.0
2032,FM04_DouglasFir,DE7,0.0
2032,FM04_DouglasFir,DE8,0.0
2032,FM04_DouglasFir,DE9,0.0
2032,FM04_DouglasFir,DEA,0.0
2032,FM04_DouglasFir,DEB,0.0
2032,FM04_DouglasFir,DEC,0.0
2032,FM04_DouglasFir,DEE,0.0
2032,FM04_DouglasFir,DED,0.0
2032,FM04_DouglasFir,DEF,0.0
2032,FM04_DouglasFir,DEG,0.0
2032,FM05_Oak,DE1,0.0
2032,FM05_Oak,DE2,0.0
2032,FM05_Oak,DE3,0.0
2032,FM05_Oak,DE4,0.0
2032,FM05_Oak,DE5,0.0
2032,FM05_Oak,DE6,0.0
2032,FM05_Oak,DE7,0.0
2032,FM05_Oak,DE8,0.0
2032,FM05_Oak,DE9,0.0
2032,FM05_Oak,DEA,0.0
2032,FM05_Oak,DEB,0.0
2032,FM05_Oak,DEC,0.0
2032,FM05_Oak,DEE,0.0
2032,FM05_Oak,DED,0.0
2032,FM05_Oak,DEF,0.0
2032,FM05_Oak,DEG,0.0
2032,FM06_ScotPine,DE1,0.0
2032,FM06_ScotPine,DE2,0.0
2032,FM06_ScotPine,DE3,0.0
2032,FM06_ScotPine,DE4,0.0
2032,FM06_ScotPine,DE5,0.0
2032,FM06_ScotPine,DE6,0.0
2032,FM06_ScotPine,DE7,0.0
2032,FM06_ScotPine,DE8,0.0
2032,FM06_ScotPine,DE9,0.0
2032,FM06_ScotPine,DEA,0.0
2032,FM06_ScotPine,DEB,0.0
2032,FM06_ScotPine,DEC,0.0
2032,FM06_ScotPine,DEE,0.0
2032,FM06_ScotPine,DED,0.0
2032,FM06_ScotPine,DEF,0.0
2032,FM06_ScotPine,DEG,0.0
2032,PC_Rewetting,DE1,585600.0
2032,PC_Rewetting,DE2,0.0
2032,PC_Rewetting,DE3,0.0
2032,PC_Rewetting,DE4,0.0
2032,PC_Rewetting,DE5,0.0
2032,PC_Rewetting,DE6,0.0
2032,PC_Rewetting,DE7,0.0
2032,PC_Rewetting,DE8,0.0
2032,PC_Rewetting,DE9,0.0
2032,PC_Rewetting,DEA,0.0
2032,PC_Rewetting,DEB,0.0
2032,PC_Rewetting,DEC,0.0
2032,PC_Rewetting,DEE,0.0
2032,PC_Rewetting,DED,0.0
2032,PC_Rewetting,DEF,0.0
2032,PC_Rewetting,DEG,0.0
2033,FM01_PSA,DE1,0.0
2033,FM01_PSA,DE2,0.0
2033,FM01_PSA,DE3,0.0
2033,FM01_PSA,DE4,0.0
2033,FM01_PSA,DE5,0.0
2033,FM01_PSA,DE6,0.0
2033,FM01_PSA,DE7,0.0
2033,FM01_PSA,DE8,0.0
2033,FM01_PSA,DE9,0.0
2033,FM01_PSA,DEA,0.0
2033,FM01_PSA,DEB,0.0
2033,FM01_PSA,DEC,0.0
2033,FM01_PSA,DEE,0.0
2033,FM01_PSA,DED,0.0
2033,FM01_PSA,DEF,0.0
2033,FM01_PSA,DEG,0.0
2033,FM02_TSA,DE1,3417071.756779949
2033,FM02_TSA,DE2,3378928.122571871
2033,FM02_TSA,DE3,1199.8259355263997
2033,FM02_TSA,DE4,215276.98335935996
2033,FM02_TSA,DE5,860.213375424
2033,FM02_TSA,DE6,4420.314655161599
2033,FM02_TSA,DE7,3082157.3834156357
2033,FM02_TSA,DE8,653084.2980133056
2033,FM02_TSA,DE9,1542081.1158460027
2033,FM02_TSA,DEA,1869114.0337556542
2033,FM02_TSA,DEB,2452508.348830675
2033,FM02_TSA,DEC,285539.9626537536
2033,FM02_TSA,DEE,371175.04282535036
2033,FM02_TSA,DED,233281.56080486396
2033,FM02_TSA,DEF,430930.87915313273
2033,FM02_TSA,DEG,1179427.5368111806
2033,FM03_Beech,DE1,0.0
2033,FM03_Beech,DE2,0.0
2033,FM03_Beech,DE3,0.0
2033,FM03_Beech,DE4,0.0
2033,FM03_Beech,DE5,0.0
2033,FM03_Beech,DE6,0.0
2033,FM03_Beech,DE7,0.0
2033,FM03_Beech,DE8,0.0
2033,FM03_Beech,DE9,0.0
2033,FM03_Beech,DEA,0.0
2033,FM03_Beech,DEB,0.0
2033,FM03_Beech,DEC,0.0
2033,FM03_Beech,DEE,0.0
2033,FM03_Beech,DED,0.0
2033,FM03_Beech,DEF,0.0
2033,FM03_Beech,DEG,0.0
2033,FM04_DouglasFir,DE1,0.0
2033,FM04_DouglasFir,DE2,0.0
2033,FM04_DouglasFir,DE3,0.0
2033,FM04_DouglasFir,DE4,0.0
2033,FM04_DouglasFir,DE5,0.0
2033,FM04_DouglasFir,DE6,0.0
2033,FM04_DouglasFir,DE7,0.0
2033,FM04_DouglasFir,DE8,0.0
2033,FM04_DouglasFir,DE9,0.0
2033,FM04_DouglasFir,DEA,0.0
2033,FM04_DouglasFir,DEB,0.0
2033,FM04_DouglasFir,DEC,0.0
2033,FM04_DouglasFir,DEE,0.0
2033,FM04_DouglasFir,DED,0.0
2033,FM04_DouglasFir,DEF,0.0
2033,FM04_DouglasFir,DEG,0.0
2033,FM05_Oak,DE1,0.0
2033,FM05_Oak,DE2,0.0
2033,FM05_Oak,DE3,0.0
2033,FM05_Oak,DE4,0.0
2033,FM05_Oak,DE5,0.0
2033,FM05_Oak,DE6,0.0
2033,FM05_Oak,DE7,0.0
2033,FM05_Oak,DE8,0.0
2033,FM05_Oak,DE9,0.0
2033,FM05_Oak,DEA,0.0
2033,FM05_Oak,DEB,0.0
2033,FM05_Oak,DEC,0.0
2033,FM05_Oak,DEE,0.0
2033,FM05_Oak,DED,0.0
2033,FM05_Oak,DEF,0.0
2033,FM05_Oak,DEG,0.0
2033,FM06_ScotPine,DE1,0.0
2033,FM06_ScotPine,DE2,0.0
2033,FM06_ScotPine,DE3,0.0
2033,FM06_ScotPine,DE4,0.0
2033,FM06_ScotPine,DE5,0.0
2033,FM06_ScotPine,DE6,0.0
2033,FM06_ScotPine,DE7,0.0
2033,FM06_ScotPine,DE8,0.0
2033,FM06_ScotPine,DE9,0.0
2033,FM06_ScotPine,DEA,0.0
2033,FM06_ScotPine,DEB,0.0
2033,FM06_ScotPine,DEC,0.0
2033,FM06_ScotPine,DEE,0.0
2033,FM06_ScotPine,DED,0.0
2033,FM06_ScotPine,DEF,0.0
2033,FM06_ScotPine,DEG,0.0
2033,PC_Rewetting,DE1,585600.0
2033,PC_Rewetting,DE2,0.0
2033,PC_Rewetting,DE3,0.0
2033,PC_Rewetting,DE4,0.0
2033,PC_Rewetting,DE5,0.0
2033,PC_Rewetting,DE6,0.0
2033,PC_Rewetting,DE7,0.0
2033,PC_Rewetting,DE8,0.0
2033,PC_Rewetting,DE9,0.0
2033,PC_Rewetting,DEA,0.0
2033,PC_Rewetting,DEB,0.0
2033,PC_Rewetting,DEC,0.0
2033,PC_Rewetting,DEE,0.0
2033,PC_Rewetting,DED,0.0
2033,PC_Rewetting,DEF,0.0
2033,PC_Rewetting,DEG,0.0
2034,FM01_PSA,DE1,0.0
2034,FM01_PSA,DE2,0.0
2034,FM01_PSA,DE3,0.0
2034,FM01_PSA,DE4,0.0
2034,FM01_PSA,DE5,0.0
2034,FM01_PSA,DE6,0.0
2034,FM01_PSA,DE7,0.0
2034,FM01_PSA,DE8,0.0
2034,FM01_PSA,DE9,0.0
2034,FM01_PSA,DEA,0.0
2034,FM01_PSA,DEB,0.0
2034,FM01_PSA,DEC,0.0
2034,FM01_PSA,DEE,0.0
2034,FM01_PSA,DED,0.0
2034,FM01_PSA,DEF,0.0
2034,FM01_PSA,DEG,0.0
2034,FM02_TSA,DE1,3753991.208620733
2034,FM02_TSA,DE2,3712086.654758831
2034,FM02_TSA,DE3,1318.1274302783997
2034,FM02_TSA,DE4,236503.05304415998
2034,FM02_TSA,DE5,945.0294517440001
2034,FM02_TSA,DE6,4856.152734249599
2034,FM02_TSA,DE7,3386054.6527799717
2034,FM02_TSA,DE8,717477.6790583137
2034,FM02_TSA,DE9,1694128.5884265788
2034,FM02_TSA,DEA,2053406.586123446
2034,FM02_TSA,DEB,2694322.9279022105
2034,FM02_TSA,DEC,313693.8834794015
2034,FM02_TSA,DEE,407772.48673842236
2034,FM02_TSA,DED,256282.86168038397
2034,FM02_TSA,DEF,473420.1816670367
2034,FM02_TSA,DEG,1295717.7722737247
2034,FM03_Beech,DE1,0.0
2034,FM03_Beech,DE2,0.0
2034,FM03_Beech,DE3,0.0
2034,FM03_Beech,DE4,0.0
2034,FM03_Beech,DE5,0.0
2034,FM03_Beech,DE6,0.0
2034,FM03_Beech,DE7,0.0
2034,FM03_Beech,DE8,0.0
2034,FM03_Beech,DE9,0.0
2034,FM03_Beech,DEA,0.0
2034,FM03_Beech,DEB,0.0
2034,FM03_Beech,DEC,0.0
2034,FM03_Beech,DEE,0.0
2034,FM03_Beech,DED,0.0
2034,FM03_Beech,DEF,0.0
2034,FM03_Beech,DEG,0.0
2034,FM04_DouglasFir,DE1,0.0
2034,FM04_DouglasFir,DE2,0.0
2034,FM04_DouglasFir,DE3,0.0
2034,FM04_DouglasFir,DE4,0.0
2034,FM04_DouglasFir,DE5,0.0
2034,FM04_DouglasFir,DE6,0.0
2034,FM04_DouglasFir,DE7,0.0
2034,FM04_DouglasFir,DE8,0.0
2034,FM04_DouglasFir,DE9,0.0
2034,FM04_DouglasFir,DEA,0.0
2034,FM04_DouglasFir,DEB,0.0
2034,FM04_DouglasFir,DEC,0.0
2034,FM04_DouglasFir,DEE,0.0
2034,FM04_DouglasFir,DED,0.0
2034,FM04_DouglasFir,DEF,0.0
2034,FM04_DouglasFir,DEG,0.0
2034,FM05_Oak,DE1,0.0
2034,FM05_Oak,DE2,0.0
2034,FM05_Oak,DE3,0.0
2034,FM05_Oak,DE4,0.0
2034,FM05_Oak,DE5,0.0
2034,FM05_Oak,DE6,0.0
2034,FM05_Oak,DE7,0.0
2034,FM05_Oak,DE8,0.0
2034,FM05_Oak,DE9,0.0
2034,FM05_Oak,DEA,0.0
2034,FM05_Oak,DEB,0.0
2034,FM05_Oak,DEC,0.0
2034,FM05_Oak,DEE,0.0
2034,FM05_Oak,DED,0.0
2034,FM05_Oak,DEF,0.0
2034,FM05_Oak,DEG,0.0
2034,FM06_ScotPine,DE1,0.0
2034,FM06_ScotPine,DE2,0.0
2034,FM06_ScotPine,DE3,0.0
2034,FM06_ScotPine,DE4,0.0
2034,FM06_ScotPine,DE5,0.0
2034,FM06_ScotPine,DE6,0.0
2034,FM06_ScotPine,DE7,0.0
2034,FM06_ScotPine,DE8,0.0
2034,FM06_ScotPine,DE9,0.0
2034,FM06_ScotPine,DEA,0.0
2034,FM06_ScotPine,DEB,0.0
2034,FM06_ScotPine,DEC,0.0
2034,FM06_ScotPine,DEE,0.0
2034,FM06_ScotPine,DED,0.0
2034,FM06_ScotPine,DEF,0.0
2034,FM06_ScotPine,DEG,0.0
2034,PC_Rewetting,DE1,585600.0
2034,PC_Rewetting,DE2,0.0
2034,PC_Rewetting,DE3,0.0
2034,PC_Rewetting,DE4,0.0
2034,PC_Rewetting,DE5,0.0
2034,PC_Rewetting,DE6,0.0
2034,PC_Rewetting,DE7,0.0
2034,PC_Rewetting,DE8,0.0
2034,PC_Rewetting,DE9,0.0
2034,PC_Rewetting,DEA,0.0
2034,PC_Rewetting,DEB,0.0
2034,PC_Rewetting,DEC,0.0
2034,PC_Rewetting,DEE,0.0
2034,PC_Rewetting,DED,0.0
2034,PC_Rewetting,DEF,0.0
2034,PC_Rewetting,DEG,0.0
2035,FM01_PSA,DE1,0.0
2035,FM01_PSA,DE2,0.0
2035,FM01_PSA,DE3,0.0
2035,FM01_PSA,DE4,0.0
2035,FM01_PSA,DE5,0.0
2035,FM01_PSA,DE6,0.0
2035,FM01_PSA,DE7,0.0
2035,FM01_PSA,DE8,0.0
2035,FM01_PSA,DE9,0.0
2035,FM01_PSA,DEA,0.0
2035,FM01_PSA,DEB,0.0
2035,FM01_PSA,DEC,0.0
2035,FM01_PSA,DEE,0.0
2035,FM01_PSA,DED,0.0
2035,FM01_PSA,DEF,0.0
2035,FM01_PSA,DEG,0.0
2035,FM02_TSA,DE1,4102018.5066886805
2035,FM02_TSA,DE2,4056229.039984199
2035,FM02_TSA,DE3,1440.3291890399996
2035,FM02_TSA,DE4,258428.92179599998
2035,FM02_TSA,DE5,1032.6418164
2035,FM02_TSA,DE6,5306.359892759999
2035,FM02_TSA,DE7,3699971.0650537205
2035,FM02_TSA,DE8,783994.0357011601
2035,FM02_TSA,DE9,1851188.8910335198
2035,FM02_TSA,DEA,2243775.05165484
2035,FM02_TSA,DEB,2944109.85509772
2035,FM02_TSA,DEC,342776.00664395996
2035,FM02_TSA,DEE,445576.50622044
2035,FM02_TSA,DED,280042.4889504
2035,FM02_TSA,DEF,517310.30754107994
2035,FM02_TSA,DEG,1415841.9628438798
2035,FM03_Beech,DE1,0.0
2035,FM03_Beech,DE2,0.0
2035,FM03_Beech,DE3,0.0
2035,FM03_Beech,DE4,0.0
2035,FM03_Beech,DE5,0.0
2035,FM03_Beech,DE6,0.0
2035,FM03_Beech,DE7,0.0
2035,FM03_Beech,DE8,0.0
2035,FM03_Beech,DE9,0.0
2035,FM03_Beech,DEA,0.0
2035,FM03_Beech,DEB,0.0
2035,FM03_Beech,DEC,0.0
2035,FM03_Beech,DEE,0.0
2035,FM03_Beech,DED,0.0
2035,FM03_Beech,DEF,0.0
2035,FM03_Beech,DEG,0.0
2035,FM04_DouglasFir,DE1,0.0
2035,FM04_DouglasFir,DE2,0.0
2035,FM04_DouglasFir,DE3,0.0
2035,FM04_DouglasFir,DE4,0.0
2035,FM04_DouglasFir,DE5,0.0
2035,FM04_DouglasFir,DE6,0.0
2035,FM04_DouglasFir,DE7,0.0
2035,FM04_DouglasFir,DE8,0.0
2035,FM04_DouglasFir,DE9,0.0
2035,FM04_DouglasFir,DEA,0.0
2035,FM04_DouglasFir,DEB,0.0
2035,FM04_DouglasFir,DEC,0.0
2035,FM04_DouglasFir,DEE,0.0
2035,FM04_DouglasFir,DED,0.0
2035,FM04_DouglasFir,DEF,0.0
2035,FM04_DouglasFir,DEG,0.0
2035,FM05_Oak,DE1,0.0
2035,FM05_Oak,DE2,0.0
2035,FM05_Oak,DE3,0.0
2035,FM05_Oak,DE4,0.0
2035,FM05_Oak,DE5,0.0
2035,FM05_Oak,DE6,0.0
2035,FM05_Oak,DE7,0.0
2035,FM05_Oak,DE8,0.0
2035,FM05_Oak,DE9,0.0
2035,FM05_Oak,DEA,0.0
2035,FM05_Oak,DEB,0.0
2035,FM05_Oak,DEC,0.0
2035,FM05_Oak,DEE,0.0
2035,FM05_Oak,DED,0.0
2035,FM05_Oak,DEF,0.0
2035,FM05_Oak,DEG,0.0
2035,FM06_ScotPine,DE1,0.0
2035,FM06_ScotPine,DE2,0.0
2035,FM06_ScotPine,DE3,0.0
2035,FM06_ScotPine,DE4,0.0
2035,FM06_ScotPine,DE5,0.0
2035,FM06_ScotPine,DE6,0.0
2035,FM06_ScotPine,DE7,0.0
2035,FM06_ScotPine,DE8,0.0
2035,FM06_ScotPine,DE9,0.0
2035,FM06_ScotPine,DEA,0.0
2035,FM06_ScotPine,DEB,0.0
2035,FM06_ScotPine,DEC,0.0
2035,FM06_ScotPine,DEE,0.0
2035,FM06_ScotPine,DED,0.0
2035,FM06_ScotPine,DEF,0.0
2035,FM06_ScotPine,DEG,0.0
2035,PC_Rewetting,DE1,585600.0
2035,PC_Rewetting,DE2,0.0
2035,PC_Rewetting,DE3,0.0
2035,PC_Rewetting,DE4,0.0
2035,PC_Rewetting,DE5,0.0
2035,PC_Rewetting,DE6,0.0
2035,PC_Rewetting,DE7,0.0
2035,PC_Rewetting,DE8,0.0
2035,PC_Rewetting,DE9,0.0
2035,PC_Rewetting,DEA,0.0
2035,PC_Rewetting,DEB,0.0
2035,PC_Rewetting,DEC,0.0
2035,PC_Rewetting,DEE,0.0
2035,PC_Rewetting,DED,0.0
2035,PC_Rewetting,DEF,0.0
2035,PC_Rewetting,DEG,0.0
2036,FM01_PSA,DE1,0.0
2036,FM01_PSA,DE2,0.0
2036,FM01_PSA,DE3,0.0
2036,FM01_PSA,DE4,0.0
2036,FM01_PSA,DE5,0.0
2036,FM01_PSA,DE6,0.0
2036,FM01_PSA,DE7,0.0
2036,FM01_PSA,DE8,0.0
2036,FM01_PSA,DE9,0.0
2036,FM01_PSA,DEA,0.0
2036,FM01_PSA,DEB,0.0
2036,FM01_PSA,DEC,0.0
2036,FM01_PSA,DEE,0.0
2036,FM01_PSA,DED,0.0
2036,FM01_PSA,DEF,0.0
2036,FM01_PSA,DEG,0.0
2036,FM02_TSA,DE1,4461258.997993729
2036,FM02_TSA,DE2,4411459.449304319
2036,FM02_TSA,DE3,1566.4682019839997
2036,FM02_TSA,DE4,281061.2265216
2036,FM02_TSA,DE5,1123.07698944
2036,FM02_TSA,DE6,5771.072407295999
2036,FM02_TSA,DE7,4024001.6419653124
2036,FM02_TSA,DE8,852653.5022799361
2036,FM02_TSA,DE9,2013309.5654353919
2036,FM02_TSA,DEA,2440277.054417664
2036,FM02_TSA,DEB,3201944.740307712
2036,FM02_TSA,DEC,372795.13523481594
2036,FM02_TSA,DEE,484598.544455424
2036,FM02_TSA,DED,304567.63459584
2036,FM02_TSA,DEF,562614.542208768
2036,FM02_TSA,DEG,1539836.4698196477
2036,FM03_Beech,DE1,0.0
2036,FM03_Beech,DE2,0.0
2036,FM03_Beech,DE3,0.0
2036,FM03_Beech,DE4,0.0
2036,FM03_Beech,DE5,0.0
2036,FM03_Beech,DE6,0.0
2036,FM03_Beech,DE7,0.0
2036,FM03_Beech,DE8,0.0
2036,FM03_Beech,DE9,0.0
2036,FM03_Beech,DEA,0.0
2036,FM03_Beech,DEB,0.0
2036,FM03_Beech,DEC,0.0
2036,FM03_Beech,DEE,0.0
2036,FM03_Beech,DED,0.0
2036,FM03_Beech,DEF,0.0
2036,FM03_Beech,DEG,0.0
2036,FM04_DouglasFir,DE1,0.0
2036,FM04_DouglasFir,DE2,0.0
2036,FM04_DouglasFir,DE3,0.0
2036,FM04_DouglasFir,DE4,0.0
2036,FM04_DouglasFir,DE5,0.0
2036,FM04_DouglasFir,DE6,0.0
2036,FM04_DouglasFir,DE7,0.0
2036,FM04_DouglasFir,DE8,0.0
2036,FM04_DouglasFir,DE9,0.0
2036,FM04_DouglasFir,DEA,0.0
2036,FM04_DouglasFir,DEB,0.0
2036,FM04_DouglasFir,DEC,0.0
2036,FM04_DouglasFir,DEE,0.0
2036,FM04_DouglasFir,DED,0.0
2036,FM04_DouglasFir,DEF,0.0
2036,FM04_DouglasFir,DEG,0.0
2036,FM05_Oak,DE1,0.0
2036,FM05_Oak,DE2,0.0
2036,FM05_Oak,DE3,0.0
2036,FM05_Oak,DE4,0.0
2036,FM05_Oak,DE5,0.0
2036,FM05_Oak,DE6,0.0
2036,FM05_Oak,DE7,0.0
2036,FM05_Oak,DE8,0.0
2036,FM05_Oak,DE9,0.0
2036,FM05_Oak,DEA,0.0
2036,FM05_Oak,DEB,0.0
2036,FM05_Oak,DEC,0.0
2036,FM05_Oak,DEE,0.0
2036,FM05_Oak,DED,0.0
2036,FM05_Oak,DEF,0.0
2036,FM05_Oak,DEG,0.0
2036,FM06_ScotPine,DE1,0.0
2036,FM06_ScotPine,DE2,0.0
2036,FM06_ScotPine,DE3,0.0
2036,FM06_ScotPine,DE4,0.0
2036,FM06_ScotPine,DE5,0.0
2036,FM06_ScotPine,DE6,0.0
2036,FM06_ScotPine,DE7,0.0
2036,FM06_ScotPine,DE8,0.0
2036,FM06_ScotPine,DE9,0.0
2036,FM06_ScotPine,DEA,0.0
2036,FM06_ScotPine,DEB,0.0
2036,FM06_ScotPine,DEC,0.0
2036,FM06_ScotPine,DEE,0.0
2036,FM06_ScotPine,DED,0.0
2036,FM06_ScotPine,DEF,0.0
2036,FM06_ScotPine,DEG,0.0
2036,PC_Rewetting,DE1,585600.0
2036,PC_Rewetting,DE2,0.0
2036,PC_Rewetting,DE3,0.0
2036,PC_Rewetting,DE4,0.0
2036,PC_Rewetting,DE5,0.0
2036,PC_Rewetting,DE6,0.0
2036,PC_Rewetting,DE7,0.0
2036,PC_Rewetting,DE8,0.0
2036,PC_Rewetting,DE9,0.0
2036,PC_Rewetting,DEA,0.0
2036,PC_Rewetting,DEB,0.0
2036,PC_Rewetting,DEC,0.0
2036,PC_Rewetting,DEE,0.0
2036,PC_Rewetting,DED,0.0
2036,PC_Rewetting,DEF,0.0
2036,PC_Rewetting,DEG,0.0
2037,FM01_PSA,DE1,0.0
2037,FM01_PSA,DE2,0.0
2037,FM01_PSA,DE3,0.0
2037,FM01_PSA,DE4,0.0
2037,FM01_PSA,DE5,0.0
2037,FM01_PSA,DE6,0.0
2037,FM01_PSA,DE7,0.0
2037,FM01_PSA,DE8,0.0
2037,FM01_PSA,DE9,0.0
2037,FM01_PSA,DEA,0.0
2037,FM01_PSA,DEB,0.0
2037,FM01_PSA,DEC,0.0
2037,FM01_PSA,DEE,0.0
2037,FM01_PSA,DED,0.0
2037,FM01_PSA,DEF,0.0
2037,FM01_PSA,DEG,0.0
2037,FM02_TSA,DE1,4831818.029545816
2037,FM02_TSA,DE2,4777882.053775535
2037,FM02_TSA,DE3,1696.5814592831998
2037,FM02_TSA,DE4,304406.60412768
2037,FM02_TSA,DE5,1216.3614909120001
2037,FM02_TSA,DE6,6250.426554460799
2037,FM02_TSA,DE7,4358241.405243178
2037,FM02_TSA,DE8,923476.2131327329
2037,FM02_TSA,DE9,2180538.1534007615
2037,FM02_TSA,DEA,2642970.218479747
2037,FM02_TSA,DEB,3467903.193422698
2037,FM02_TSA,DEC,403760.07233935676
2037,FM02_TSA,DEE,524850.0446273952
2037,FM02_TSA,DED,329865.49059763196
2037,FM02_TSA,DEF,609346.1711036065
2037,FM02_TSA,DEG,1667737.6544990302
2037,FM03_Beech,DE1,0.0
2037,FM03_Beech,DE2,0.0
2037,FM03_Beech,DE3,0.0
2037,FM03_Beech,DE4,0.0
2037,FM03_Beech,DE5,0.0
2037,FM03_Beech,DE6,0.0
2037,FM03_Beech,DE7,0.0
2037,FM03_Beech,DE8,0.0
2037,FM03_Beech,DE9,0.0
2037,FM03_Beech,DEA,0.0
2037,FM03_Beech,DEB,0.0
2037,FM03_Beech,DEC,0.0
2037,FM03_Beech,DEE,0.0
2037,FM03_Beech,DED,0.0
2037,FM03_Beech,DEF,0.0
2037,FM03_Beech,DEG,0.0
2037,FM04_DouglasFir,DE1,0.0
2037,FM04_DouglasFir,DE2,0.0
2037,FM04_DouglasFir,DE3,0.0
2037,FM04_DouglasFir,DE4,0.0
2037,FM04_DouglasFir,DE5,0.0
2037,FM04_DouglasFir,DE6,0.0
2037,FM04_DouglasFir,DE7,0.0
2037,FM04_DouglasFir,DE8,0.0
2037,FM04_DouglasFir,DE9,0.0
2037,FM04_DouglasFir,DEA,0.0
2037,FM04_DouglasFir,DEB,0.0
2037,FM04_DouglasFir,DEC,0.0
2037,FM04_DouglasFir,DEE,0.0
2037,FM04_DouglasFir,DED,0.0
2037,FM04_DouglasFir,DEF,0.0
2037,FM04_DouglasFir,DEG,0.0
2037,FM05_Oak,DE1,0.0
2037,FM05_Oak,DE2,0.0
2037,FM05_Oak,DE3,0.0
2037,FM05_Oak,DE4,0.0
2037,FM05_Oak,DE5,0.0
2037,FM05_Oak,DE6,0.0
2037,FM05_Oak,DE7,0.0
2037,FM05_Oak,DE8,0.0
2037,FM05_Oak,DE9,0.0
2037,FM05_Oak,DEA,0.0
2037,FM05_Oak,DEB,0.0
2037,FM05_Oak,DEC,0.0
2037,FM05_Oak,DEE,0.0
2037,FM05_Oak,DED,0.0
2037,FM05_Oak,DEF,0.0
2037,FM05_Oak,DEG,0.0
2037,FM06_ScotPine,DE1,0.0
2037,FM06_ScotPine,DE2,0.0
2037,FM06_ScotPine,DE3,0.0
2037,FM06_ScotPine,DE4,0.0
2037,FM06_ScotPine,DE5,0.0
2037,FM06_ScotPine,DE6,0.0
2037,FM06_ScotPine,DE7,0.0
2037,FM06_ScotPine,DE8,0.0
2037,FM06_ScotPine,DE9,0.0
2037,FM06_ScotPine,DEA,0.0
2037,FM06_ScotPine,DEB,0.0
2037,FM06_ScotPine,DEC,0.0
2037,FM06_ScotPine,DEE,0.0
2037,FM06_ScotPine,DED,0.0
2037,FM06_ScotPine,DEF,0.0
2037,FM06_ScotPine,DEG,0.0
2037,PC_Rewetting,DE1,585600.0
2037,PC_Rewetting,DE2,0.0
2037,PC_Rewetting,DE3,0.0
2037,PC_Rewetting,DE4,0.0
2037,PC_Rewetting,DE5,0.0
2037,PC_Rewetting,DE6,0.0
2037,PC_Rewetting,DE7,0.0
2037,PC_Rewetting,DE8,0.0
2037,PC_Rewetting,DE9,0.0
2037,PC_Rewetting,DEA,0.0
2037,PC_Rewetting,DEB,0.0
2037,PC_Rewetting,DEC,0.0
2037,PC_Rewetting,DEE,0.0
2037,PC_Rewetting,DED,0.0
2037,PC_Rewetting,DEF,0.0
2037,PC_Rewetting,DEG,0.0
2038,FM01_PSA,DE1,0.0
2038,FM01_PSA,DE2,0.0
2038,FM01_PSA,DE3,0.0
2038,FM01_PSA,DE4,0.0
2038,FM01_PSA,DE5,0.0
2038,FM01_PSA,DE6,0.0
2038,FM01_PSA,DE7,0.0
2038,FM01_PSA,DE8,0.0
2038,FM01_PSA,DE9,0.0
2038,FM01_PSA,DEA,0.0
2038,FM01_PSA,DEB,0.0
2038,FM01_PSA,DEC,0.0
2038,FM01_PSA,DEE,0.0
2038,FM01_PSA,DED,0.0
2038,FM01_PSA,DEF,0.0
2038,FM01_PSA,DEG,0.0
2038,FM02_TSA,DE1,5213800.9483548775
2038,FM02_TSA,DE2,5155601.02445419
2038,FM02_TSA,DE3,1830.7059511103996
2038,FM02_TSA,DE4,328471.69152095995
2038,FM02_TSA,DE5,1312.5218408639998
2038,FM02_TSA,DE6,6744.558610857597
2038,FM02_TSA,DE7,4702785.376615747
2038,FM02_TSA,DE8,996482.3025976416
2038,FM02_TSA,DE9,2352922.196698195
2038,FM02_TSA,DEA,2851912.167908918
2038,FM02_TSA,DEB,3742060.8243331867
2038,FM02_TSA,DEC,435679.6210449695
2038,FM02_TSA,DEE,566342.4499203743
2038,FM02_TSA,DED,355943.24893670395
2038,FM02_TSA,DEF,657518.4796591008
2038,FM02_TSA,DEG,1799581.8781800284
2038,FM03_Beech,DE1,0.0
2038,FM03_Beech,DE2,0.0
2038,FM03_Beech,DE3,0.0
2038,FM03_Beech,DE4,0.0
2038,FM03_Beech,DE5,0.0
2038,FM03_Beech,DE6,0.0
2038,FM03_Beech,DE7,0.0
2038,FM03_Beech,DE8,0.0
2038,FM03_Beech,DE9,0.0
2038,FM03_Beech,DEA,0.0
2038,FM03_Beech,DEB,0.0
2038,FM03_Beech,DEC,0.0
2038,FM03_Beech,DEE,0.0
2038,FM03_Beech,DED,0.0
2038,FM03_Beech,DEF,0.0
2038,FM03_Beech,DEG,0.0
2038,FM04_DouglasFir,DE1,0.0
2038,FM04_DouglasFir,DE2,0.0
2038,FM04_DouglasFir,DE3,0.0
2038,FM04_DouglasFir,DE4,0.0
2038,FM04_DouglasFir,DE5,0.0
2038,FM04_DouglasFir,DE6,0.0
2038,FM04_DouglasFir,DE7,0.0
2038,FM04_DouglasFir,DE8,0.0
2038,FM04_DouglasFir,DE9,0.0
2038,FM04_DouglasFir,DEA,0.0
2038,FM04_DouglasFir,DEB,0.0
2038,FM04_DouglasFir,DEC,0.0
2038,FM04_DouglasFir,DEE,0.0
2038,FM04_DouglasFir,DED,0.0
2038,FM04_DouglasFir,DEF,0.0
2038,FM04_DouglasFir,DEG,0.0
2038,FM05_Oak,DE1,0.0
2038,FM05_Oak,DE2,0.0
2038,FM05_Oak,DE3,0.0
2038,FM05_Oak,DE4,0.0
2038,FM05_Oak,DE5,0.0
2038,FM05_Oak,DE6,0.0
2038,FM05_Oak,DE7,0.0
2038,FM05_Oak,DE8,0.0
2038,FM05_Oak,DE9,0.0
2038,FM05_Oak,DEA,0.0
2038,FM05_Oak,DEB,0.0
2038,FM05_Oak,DEC,0.0
2038,FM05_Oak,DEE,0.0
2038,FM05_Oak,DED,0.0
2038,FM05_Oak,DEF,0.0
2038,FM05_Oak,DEG,0.0
2038,FM06_ScotPine,DE1,0.0
2038,FM06_ScotPine,DE2,0.0
2038,FM06_ScotPine,DE3,0.0
2038,FM06_ScotPine,DE4,0.0
2038,FM06_ScotPine,DE5,0.0
2038,FM06_ScotPine,DE6,0.0
2038,FM06_ScotPine,DE7,0.0
2038,FM06_ScotPine,DE8,0.0
2038,FM06_ScotPine,DE9,0.0
2038,FM06_ScotPine,DEA,0.0
2038,FM06_ScotPine,DEB,0.0
2038,FM06_ScotPine,DEC,0.0
2038,FM06_ScotPine,DEE,0.0
2038,FM06_ScotPine,DED,0.0
2038,FM06_ScotPine,DEF,0.0
2038,FM06_ScotPine,DEG,0.0
2038,PC_Rewetting,DE1,585600.0
2038,PC_Rewetting,DE2,0.0
2038,PC_Rewetting,DE3,0.0
2038,PC_Rewetting,DE4,0.0
2038,PC_Rewetting,DE5,0.0
2038,PC_Rewetting,DE6,0.0
2038,PC_Rewetting,DE7,0.0
2038,PC_Rewetting,DE8,0.0
2038,PC_Rewetting,DE9,0.0
2038,PC_Rewetting,DEA,0.0
2038,PC_Rewetting,DEB,0.0
2038,PC_Rewetting,DEC,0.0
2038,PC_Rewetting,DEE,0.0
2038,PC_Rewetting,DED,0.0
2038,PC_Rewetting,DEF,0.0
2038,PC_Rewetting,DEG,0.0
2039,FM01_PSA,DE1,0.0
2039,FM01_PSA,DE2,0.0
2039,FM01_PSA,DE3,0.0
2039,FM01_PSA,DE4,0.0
2039,FM01_PSA,DE5,0.0
2039,FM01_PSA,DE6,0.0
2039,FM01_PSA,DE7,0.0
2039,FM01_PSA,DE8,0.0
2039,FM01_PSA,DE9,0.0
2039,FM01_PSA,DEA,0.0
2039,FM01_PSA,DEB,0.0
2039,FM01_PSA,DEC,0.0
2039,FM01_PSA,DEE,0.0
2039,FM01_PSA,DED,0.0
2039,FM01_PSA,DEF,0.0
2039,FM01_PSA,DEG,0.0
2039,FM02_TSA,DE1,5607313.101430855
2039,FM02_TSA,DE2,5544720.532396631
2039,FM02_TSA,DE3,1968.8786676384
2039,FM02_TSA,DE4,353263.12560816004
2039,FM02_TSA,DE5,1411.5845593440004
2039,FM02_TSA,DE6,7253.604853089599
2039,FM02_TSA,DE7,5057728.577811452
2039,FM02_TSA,DE8,1071691.9050127538
2039,FM02_TSA,DE9,2530509.2370962594
2039,FM02_TSA,DEA,3067160.5267730067
2039,FM02_TSA,DEB,4024493.2429296914
2039,FM02_TSA,DEC,468562.58443904156
2039,FM02_TSA,DEE,609087.2035183824
2039,FM02_TSA,DED,382808.101593984
2039,FM02_TSA,DEF,707144.7533087569
2039,FM02_TSA,DEG,1935405.5021606449
2039,FM03_Beech,DE1,0.0
2039,FM03_Beech,DE2,0.0
2039,FM03_Beech,DE3,0.0
2039,FM03_Beech,DE4,0.0
2039,FM03_Beech,DE5,0.0
2039,FM03_Beech,DE6,0.0
2039,FM03_Beech,DE7,0.0
2039,FM03_Beech,DE8,0.0
2039,FM03_Beech,DE9,0.0
2039,FM03_Beech,DEA,0.0
2039,FM03_Beech,DEB,0.0
2039,FM03_Beech,DEC,0.0
2039,FM03_Beech,DEE,0.0
2039,FM03_Beech,DED,0.0
2039,FM03_Beech,DEF,0.0
2039,FM03_Beech,DEG,0.0
2039,FM04_DouglasFir,DE1,0.0
2039,FM04_DouglasFir,DE2,0.0
2039,FM04_DouglasFir,DE3,0.0
2039,FM04_DouglasFir,DE4,0.0
2039,FM04_DouglasFir,DE5,0.0
2039,FM04_DouglasFir,DE6,0.0
2039,FM04_DouglasFir,DE7,0.0
2039,FM04_DouglasFir,DE8,0.0
2039,FM04_DouglasFir,DE9,0.0
2039,FM04_DouglasFir,DEA,0.0
2039,FM04_DouglasFir,DEB,0.0
2039,FM04_DouglasFir,DEC,0.0
2039,FM04_DouglasFir,DEE,0.0
2039,FM04_DouglasFir,DED,0.0
2039,FM04_DouglasFir,DEF,0.0
2039,FM04_DouglasFir,DEG,0.0
2039,FM05_Oak,DE1,0.0
2039,FM05_Oak,DE2,0.0
2039,FM05_Oak,DE3,0.0
2039,FM05_Oak,DE4,0.0
2039,FM05_Oak,DE5,0.0
2039,FM05_Oak,DE6,0.0
2039,FM05_Oak,DE7,0.0
2039,FM05_Oak,DE8,0.0
2039,FM05_Oak,DE9,0.0
2039,FM05_Oak,DEA,0.0
2039,FM05_Oak,DEB,0.0
2039,FM05_Oak,DEC,0.0
2039,FM05_Oak,DEE,0.0
2039,FM05_Oak,DED,0.0
2039,FM05_Oak,DEF,0.0
2039,FM05_Oak,DEG,0.0
2039,FM06_ScotPine,DE1,0.0
2039,FM06_ScotPine,DE2,0.0
2039,FM06_ScotPine,DE3,0.0
2039,FM06_ScotPine,DE4,0.0
2039,FM06_ScotPine,DE5,0.0
2039,FM06_ScotPine,DE6,0.0
2039,FM06_ScotPine,DE7,0.0
2039,FM06_ScotPine,DE8,0.0
2039,FM06_ScotPine,DE9,0.0
2039,FM06_ScotPine,DEA,0.0
2039,FM06_ScotPine,DEB,0.0
2039,FM06_ScotPine,DEC,0.0
2039,FM06_ScotPine,DEE,0.0
2039,FM06_ScotPine,DED,0.0
2039,FM06_ScotPine,DEF,0.0
2039,FM06_ScotPine,DEG,0.0
2039,PC_Rewetting,DE1,585600.0
2039,PC_Rewetting,DE2,0.0
2039,PC_Rewetting,DE3,0.0
2039,PC_Rewetting,DE4,0.0
2039,PC_Rewetting,DE5,0.0
2039,PC_Rewetting,DE6,0.0
2039,PC_Rewetting,DE7,0.0
2039,PC_Rewetting,DE8,0.0
2039,PC_Rewetting,DE9,0.0
2039,PC_Rewetting,DEA,0.0
2039,PC_Rewetting,DEB,0.0
2039,PC_Rewetting,DEC,0.0
2039,PC_Rewetting,DEE,0.0
2039,PC_Rewetting,DED,0.0
2039,PC_Rewetting,DEF,0.0
2039,PC_Rewetting,DEG,0.0
2040,FM01_PSA,DE1,0.0
2040,FM01_PSA,DE2,0.0
2040,FM01_PSA,DE3,0.0
2040,FM01_PSA,DE4,0.0
2040,FM01_PSA,DE5,0.0
2040,FM01_PSA,DE6,0.0
2040,FM01_PSA,DE7,0.0
2040,FM01_PSA,DE8,0.0
2040,FM01_PSA,DE9,0.0
2040,FM01_PSA,DEA,0.0
2040,FM01_PSA,DEB,0.0
2040,FM01_PSA,DEC,0.0
2040,FM01_PSA,DEE,0.0
2040,FM01_PSA,DED,0.0
2040,FM01_PSA,DEF,0.0
2040,FM01_PSA,DEG,0.0
2040,FM02_TSA,DE1,6012459.835783681
2040,FM02_TSA,DE2,5945344.748659198
2040,FM02_TSA,DE3,2111.1365990399995
2040,FM02_TSA,DE4,378787.543296
2040,FM02_TSA,DE5,1513.5761664000001
2040,FM02_TSA,DE6,7777.701557759997
2040,FM02_TSA,DE7,5423166.03055872
2040,FM02_TSA,DE8,1149125.1547161601
2040,FM02_TSA,DE9,2713346.8163635195
2040,FM02_TSA,DEA,3288772.9191398397
2040,FM02_TSA,DEB,4315276.05910272
2040,FM02_TSA,DEC,502417.76560895983
2040,FM02_TSA,DEE,653095.7486054398
2040,FM02_TSA,DED,410467.2405504
2040,FM02_TSA,DEF,758238.27748608
2040,FM02_TSA,DEG,2075244.8877388798
2040,FM03_Beech,DE1,0.0
2040,FM03_Beech,DE2,0.0
2040,FM03_Beech,DE3,0.0
2040,FM03_Beech,DE4,0.0
2040,FM03_Beech,DE5,0.0
2040,FM03_Beech,DE6,0.0
2040,FM03_Beech,DE7,0.0
2040,FM03_Beech,DE8,0.0
2040,FM03_Beech,DE9,0.0
2040,FM03_Beech,DEA,0.0
2040,FM03_Beech,DEB,0.0
2040,FM03_Beech,DEC,0.0
2040,FM03_Beech,DEE,0.0
2040,FM03_Beech,DED,0.0
2040,FM03_Beech,DEF,0.0
2040,FM03_Beech,DEG,0.0
2040,FM04_DouglasFir,DE1,0.0
2040,FM04_DouglasFir,DE2,0.0
2040,FM04_DouglasFir,DE3,0.0
2040,FM04_DouglasFir,DE4,0.0
2040,FM04_DouglasFir,DE5,0.0
2040,FM04_DouglasFir,DE6,0.0
2040,FM04_DouglasFir,DE7,0.0
2040,FM04_DouglasFir,DE8,0.0
2040,FM04_DouglasFir,DE9,0.0
2040,FM04_DouglasFir,DEA,0.0
2040,FM04_DouglasFir,DEB,0.0
2040,FM04_DouglasFir,DEC,0.0
2040,FM04_DouglasFir,DEE,0.0
2040,FM04_DouglasFir,DED,0.0
2040,FM04_DouglasFir,DEF,0.0
2040,FM04_DouglasFir,DEG,0.0
2040,FM05_Oak,DE1,0.0
2040,FM05_Oak,DE2,0.0
2040,FM05_Oak,DE3,0.0
2040,FM05_Oak,DE4,0.0
2040,FM05_Oak,DE5,0.0
2040,FM05_Oak,DE6,0.0
2040,FM05_Oak,DE7,0.0
2040,FM05_Oak,DE8,0.0
2040,FM05_Oak,DE9,0.0
2040,FM05_Oak,DEA,0.0
2040,FM05_Oak,DEB,0.0
2040,FM05_Oak,DEC,0.0
2040,FM05_Oak,DEE,0.0
2040,FM05_Oak,DED,0.0
2040,FM05_Oak,DEF,0.0
2040,FM05_Oak,DEG,0.0
2040,FM06_ScotPine,DE1,0.0
2040,FM06_ScotPine,DE2,0.0
2040,FM06_ScotPine,DE3,0.0
2040,FM06_ScotPine,DE4,0.0
2040,FM06_ScotPine,DE5,0.0
2040,FM06_ScotPine,DE6,0.0
2040,FM06_ScotPine,DE7,0.0
2040,FM06_ScotPine,DE8,0.0
2040,FM06_ScotPine,DE9,0.0
2040,FM06_ScotPine,DEA,0.0
2040,FM06_ScotPine,DEB,0.0
2040,FM06_ScotPine,DEC,0.0
2040,FM06_ScotPine,DEE,0.0
2040,FM06_ScotPine,DED,0.0
2040,FM06_ScotPine,DEF,0.0
2040,FM06_ScotPine,DEG,0.0
2040,PC_Rewetting,DE1,585600.0
2040,PC_Rewetting,DE2,0.0
2040,PC_Rewetting,DE3,0.0
2040,PC_Rewetting,DE4,0.0
2040,PC_Rewetting,DE5,0.0
2040,PC_Rewetting,DE6,0.0
2040,PC_Rewetting,DE7,0.0
2040,PC_Rewetting,DE8,0.0
2040,PC_Rewetting,DE9,0.0
2040,PC_Rewetting,DEA,0.0
2040,PC_Rewetting,DEB,0.0
2040,PC_Rewetting,DEC,0.0
2040,PC_Rewetting,DEE,0.0
2040,PC_Rewetting,DED,0.0
2040,PC_Rewetting,DEF,0.0
2040,PC_Rewetting,DEG,0.0
2041,FM01_PSA,DE1,0.0
2041,FM01_PSA,DE2,0.0
2041,FM01_PSA,DE3,0.0
2041,FM01_PSA,DE4,0.0
2041,FM01_PSA,DE5,0.0
2041,FM01_PSA,DE6,0.0
2041,FM01_PSA,DE7,0.0
2041,FM01_PSA,DE8,0.0
2041,FM01_PSA,DE9,0.0
2041,FM01_PSA,DEA,0.0
2041,FM01_PSA,DEB,0.0
2041,FM01_PSA,DEC,0.0
2041,FM01_PSA,DEE,0.0
2041,FM01_PSA,DED,0.0
2041,FM01_PSA,DEF,0.0
2041,FM01_PSA,DEG,0.0
2041,FM02_TSA,DE1,6429346.498423297
2041,FM02_TSA,DE2,6357577.844298238
2041,FM02_TSA,DE3,2257.5167354879995
2041,FM02_TSA,DE4,405051.58149119996
2041,FM02_TSA,DE5,1618.52318208
2041,FM02_TSA,DE6,8316.985001471996
2041,FM02_TSA,DE7,5799192.756585984
2041,FM02_TSA,DE8,1228802.186045952
2041,FM02_TSA,DE9,2901482.4762685434
2041,FM02_TSA,DEA,3516806.9690772477
2041,FM02_TSA,DEB,4614484.882742784
2041,FM02_TSA,DEC,537253.9676421118
2041,FM02_TSA,DEE,698379.5283655679
2041,FM02_TSA,DED,438927.85778688
2041,FM02_TSA,DEF,810812.337624576
2041,FM02_TSA,DEG,2219136.3962127357
2041,FM03_Beech,DE1,0.0
2041,FM03_Beech,DE2,0.0
2041,FM03_Beech,DE3,0.0
2041,FM03_Beech,DE4,0.0
2041,FM03_Beech,DE5,0.0
2041,FM03_Beech,DE6,0.0
2041,FM03_Beech,DE7,0.0
2041,FM03_Beech,DE8,0.0
2041,FM03_Beech,DE9,0.0
2041,FM03_Beech,DEA,0.0
2041,FM03_Beech,DEB,0.0
2041,FM03_Beech,DEC,0.0
2041,FM03_Beech,DEE,0.0
2041,FM03_Beech,DED,0.0
2041,FM03_Beech,DEF,0.0
2041,FM03_Beech,DEG,0.0
2041,FM04_DouglasFir,DE1,0.0
2041,FM04_DouglasFir,DE2,0.0
2041,FM04_DouglasFir,DE3,0.0
2041,FM04_DouglasFir,DE4,0.0
2041,FM04_DouglasFir,DE5,0.0
2041,FM04_DouglasFir,DE6,0.0
2041,FM04_DouglasFir,DE7,0.0
2041,FM04_DouglasFir,DE8,0.0
2041,FM04_DouglasFir,DE9,0.0
2041,FM04_DouglasFir,DEA,0.0
2041,FM04_DouglasFir,DEB,0.0
2041,FM04_DouglasFir,DEC,0.0
2041,FM04_DouglasFir,DEE,0.0
2041,FM04_DouglasFir,DED,0.0
2041,FM04_DouglasFir,DEF,0.0
2041,FM04_DouglasFir,DEG,0.0
2041,FM05_Oak,DE1,0.0
2041,FM05_Oak,DE2,0.0
2041,FM05_Oak,DE3,0.0
2041,FM05_Oak,DE4,0.0
2041,FM05_Oak,DE5,0.0
2041,FM05_Oak,DE6,0.0
2041,FM05_Oak,DE7,0.0
2041,FM05_Oak,DE8,0.0
2041,FM05_Oak,DE9,0.0
2041,FM05_Oak,DEA,0.0
2041,FM05_Oak,DEB,0.0
2041,FM05_Oak,DEC,0.0
2041,FM05_Oak,DEE,0.0
2041,FM05_Oak,DED,0.0
2041,FM05_Oak,DEF,0.0
2041,FM05_Oak,DEG,0.0
2041,FM06_ScotPine,DE1,0.0
2041,FM06_ScotPine,DE2,0.0
2041,FM06_ScotPine,DE3,0.0
2041,FM06_ScotPine,DE4,0.0
2041,FM06_ScotPine,DE5,0.0
2041,FM06_ScotPine,DE6,0.0
2041,FM06_ScotPine,DE7,0.0
2041,FM06_ScotPine,DE8,0.0
2041,FM06_ScotPine,DE9,0.0
2041,FM06_ScotPine,DEA,0.0
2041,FM06_ScotPine,DEB,0.0
2041,FM06_ScotPine,DEC,0.0
2041,FM06_ScotPine,DEE,0.0
2041,FM06_ScotPine,DED,0.0
2041,FM06_ScotPine,DEF,0.0
2041,FM06_ScotPine,DEG,0.0
2041,PC_Rewetting,DE1,585600.0
2041,PC_Rewetting,DE2,0.0
2041,PC_Rewetting,DE3,0.0
2041,PC_Rewetting,DE4,0.0
2041,PC_Rewetting,DE5,0.0
2041,PC_Rewetting,DE6,0.0
2041,PC_Rewetting,DE7,0.0
2041,PC_Rewetting,DE8,0.0
2041,PC_Rewetting,DE9,0.0
2041,PC_Rewetting,DEA,0.0
2041,PC_Rewetting,DEB,0.0
2041,PC_Rewetting,DEC,0.0
2041,PC_Rewetting,DEE,0.0
2041,PC_Rewetting,DED,0.0
2041,PC_Rewetting,DEF,0.0
2041,PC_Rewetting,DEG,0.0
2042,FM01_PSA,DE1,0.0
2042,FM01_PSA,DE2,0.0
2042,FM01_PSA,DE3,0.0
2042,FM01_PSA,DE4,0.0
2042,FM01_PSA,DE5,0.0
2042,FM01_PSA,DE6,0.0
2042,FM01_PSA,DE7,0.0
2042,FM01_PSA,DE8,0.0
2042,FM01_PSA,DE9,0.0
2042,FM01_PSA,DEA,0.0
2042,FM01_PSA,DEB,0.0
2042,FM01_PSA,DEC,0.0
2042,FM01_PSA,DEE,0.0
2042,FM01_PSA,DED,0.0
2042,FM01_PSA,DEF,0.0
2042,FM01_PSA,DEG,0.0
2042,FM02_TSA,DE1,6559706.712609682
2042,FM02_TSA,DE2,6383504.862766079
2042,FM02_TSA,DE3,2408.0560671551993
2042,FM02_TSA,DE4,406703.4338304
2042,FM02_TSA,DE5,1726.4521264320001
2042,FM02_TSA,DE6,8871.591460828797
2042,FM02_TSA,DE7,5822842.608995328
2042,FM02_TSA,DE8,1310743.133340221
2042,FM02_TSA,DE9,3094963.758579897
2042,FM02_TSA,DEA,3751320.300653059
2042,FM02_TSA,DEB,4922195.323740393
2042,FM02_TSA,DEC,573079.9936258846
2042,FM02_TSA,DEE,701227.6097218558
2042,FM02_TSA,DED,440717.86192895996
2042,FM02_TSA,DEF,864880.2191577504
2042,FM02_TSA,DEG,2367116.388880214
2042,FM03_Beech,DE1,0.0
2042,FM03_Beech,DE2,0.0
2042,FM03_Beech,DE3,0.0
2042,FM03_Beech,DE4,0.0
2042,FM03_Beech,DE5,0.0
2042,FM03_Beech,DE6,0.0
2042,FM03_Beech,DE7,0.0
2042,FM03_Beech,DE8,0.0
2042,FM03_Beech,DE9,0.0
2042,FM03_Beech,DEA,0.0
2042,FM03_Beech,DEB,0.0
2042,FM03_Beech,DEC,0.0
2042,FM03_Beech,DEE,0.0
2042,FM03_Beech,DED,0.0
2042,FM03_Beech,DEF,0.0
2042,FM03_Beech,DEG,0.0
2042,FM04_DouglasFir,DE1,0.0
2042,FM04_DouglasFir,DE2,0.0
2042,FM04_DouglasFir,DE3,0.0
2042,FM04_DouglasFir,DE4,0.0
2042,FM04_DouglasFir,DE5,0.0
2042,FM04_DouglasFir,DE6,0.0
2042,FM04_DouglasFir,DE7,0.0
2042,FM04_DouglasFir,DE8,0.0
2042,FM04_DouglasFir,DE9,0.0
2042,FM04_DouglasFir,DEA,0.0
2042,FM04_DouglasFir,DEB,0.0
2042,FM04_DouglasFir,DEC,0.0
2042,FM04_DouglasFir,DEE,0.0
2042,FM04_DouglasFir,DED,0.0
2042,FM04_DouglasFir,DEF,0.0
2042,FM04_DouglasFir,DEG,0.0
2042,FM05_Oak,DE1,0.0
2042,FM05_Oak,DE2,0.0
2042,FM05_Oak,DE3,0.0
2042,FM05_Oak,DE4,0.0
2042,FM05_Oak,DE5,0.0
2042,FM05_Oak,DE6,0.0
2042,FM05_Oak,DE7,0.0
2042,FM05_Oak,DE8,0.0
2042,FM05_Oak,DE9,0.0
2042,FM05_Oak,DEA,0.0
2042,FM05_Oak,DEB,0.0
2042,FM05_Oak,DEC,0.0
2042,FM05_Oak,DEE,0.0
2042,FM05_Oak,DED,0.0
2042,FM05_Oak,DEF,0.0
2042,FM05_Oak,DEG,0.0
2042,FM06_ScotPine,DE1,0.0
2042,FM06_ScotPine,DE2,0.0
2042,FM06_ScotPine,DE3,0.0
2042,FM06_ScotPine,DE4,0.0
2042,FM06_ScotPine,DE5,0.0
2042,FM06_ScotPine,DE6,0.0
2042,FM06_ScotPine,DE7,0.0
2042,FM06_ScotPine,DE8,0.0
2042,FM06_ScotPine,DE9,0.0
2042,FM06_ScotPine,DEA,0.0
2042,FM06_ScotPine,DEB,0.0
2042,FM06_ScotPine,DEC,0.0
2042,FM06_ScotPine,DEE,0.0
2042,FM06_ScotPine,DED,0.0
2042,FM06_ScotPine,DEF,0.0
2042,FM06_ScotPine,DEG,0.0
2042,PC_Rewetting,DE1,585600.0
2042,PC_Rewetting,DE2,0.0
2042,PC_Rewetting,DE3,0.0
2042,PC_Rewetting,DE4,0.0
2042,PC_Rewetting,DE5,0.0
2042,PC_Rewetting,DE6,0.0
2042,PC_Rewetting,DE7,0.0
2042,PC_Rewetting,DE8,0.0
2042,PC_Rewetting,DE9,0.0
2042,PC_Rewetting,DEA,0.0
2042,PC_Rewetting,DEB,0.0
2042,PC_Rewetting,DEC,0.0
2042,PC_Rewetting,DEE,0.0
2042,PC_Rewetting,DED,0.0
2042,PC_Rewetting,DEF,0.0
2042,PC_Rewetting,DEG,0.0
2043,FM01_PSA,DE1,0.0
2043,FM01_PSA,DE2,0.0
2043,FM01_PSA,DE3,0.0
2043,FM01_PSA,DE4,0.0
2043,FM01_PSA,DE5,0.0
2043,FM01_PSA,DE6,0.0
2043,FM01_PSA,DE7,0.0
2043,FM01_PSA,DE8,0.0
2043,FM01_PSA,DE9,0.0
2043,FM01_PSA,DEA,0.0
2043,FM01_PSA,DEB,0.0
2043,FM01_PSA,DEC,0.0
2043,FM01_PSA,DEE,0.0
2043,FM01_PSA,DED,0.0
2043,FM01_PSA,DEF,0.0
2043,FM01_PSA,DEG,0.0
2043,FM02_TSA,DE1,6656910.357121371
2043,FM02_TSA,DE2,6409431.8812339185
2043,FM02_TSA,DE3,2434.7705430048004
2043,FM02_TSA,DE4,408355.2861696
2043,FM02_TSA,DE5,1837.389519504
2043,FM02_TSA,DE6,9441.657212433596
2043,FM02_TSA,DE7,5846492.461404672
2043,FM02_TSA,DE8,1394968.1309370578
2043,FM02_TSA,DE9,3293838.2050661473
2043,FM02_TSA,DEA,3992370.537935103
2043,FM02_TSA,DEB,5238482.991986059
2043,FM02_TSA,DEC,609904.6466476654
2043,FM02_TSA,DEE,704075.6910781439
2043,FM02_TSA,DED,442507.86607104
2043,FM02_TSA,DEF,920455.2075191088
2043,FM02_TSA,DEG,2519221.2270393167
2043,FM03_Beech,DE1,0.0
2043,FM03_Beech,DE2,0.0
2043,FM03_Beech,DE3,0.0
2043,FM03_Beech,DE4,0.0
2043,FM03_Beech,DE5,0.0
2043,FM03_Beech,DE6,0.0
2043,FM03_Beech,DE7,0.0
2043,FM03_Beech,DE8,0.0
2043,FM03_Beech,DE9,0.0
2043,FM03_Beech,DEA,0.0
2043,FM03_Beech,DEB,0.0
2043,FM03_Beech,DEC,0.0
2043,FM03_Beech,DEE,0.0
2043,FM03_Beech,DED,0.0
2043,FM03_Beech,DEF,0.0
2043,FM03_Beech,DEG,0.0
2043,FM04_DouglasFir,DE1,0.0
2043,FM04_DouglasFir,DE2,0.0
2043,FM04_DouglasFir,DE3,0.0
2043,FM04_DouglasFir,DE4,0.0
2043,FM04_DouglasFir,DE5,0.0
2043,FM04_DouglasFir,DE6,0.0
2043,FM04_DouglasFir,DE7,0.0
2043,FM04_DouglasFir,DE8,0.0
2043,FM04_DouglasFir,DE9,0.0
2043,FM04_DouglasFir,DEA,0.0
2043,FM04_DouglasFir,DEB,0.0
2043,FM04_DouglasFir,DEC,0.0
2043,FM04_DouglasFir,DEE,0.0
2043,FM04_DouglasFir,DED,0.0
2043,FM04_DouglasFir,DEF,0.0
2043,FM04_DouglasFir,DEG,0.0
2043,FM05_Oak,DE1,0.0
2043,FM05_Oak,DE2,0.0
2043,FM05_Oak,DE3,0.0
2043,FM05_Oak,DE4,0.0
2043,FM05_Oak,DE5,0.0
2043,FM05_Oak,DE6,0.0
2043,FM05_Oak,DE7,0.0
2043,FM05_Oak,DE8,0.0
2043,FM05_Oak,DE9,0.0
2043,FM05_Oak,DEA,0.0
2043,FM05_Oak,DEB,0.0
2043,FM05_Oak,DEC,0.0
2043,FM05_Oak,DEE,0.0
2043,FM05_Oak,DED,0.0
2043,FM05_Oak,DEF,0.0
2043,FM05_Oak,DEG,0.0
2043,FM06_ScotPine,DE1,0.0
2043,FM06_ScotPine,DE2,0.0
2043,FM06_ScotPine,DE3,0.0
2043,FM06_ScotPine,DE4,0.0
2043,FM06_ScotPine,DE5,0.0
2043,FM06_ScotPine,DE6,0.0
2043,FM06_ScotPine,DE7,0.0
2043,FM06_ScotPine,DE8,0.0
2043,FM06_ScotPine,DE9,0.0
2043,FM06_ScotPine,DEA,0.0
2043,FM06_ScotPine,DEB,0.0
2043,FM06_ScotPine,DEC,0.0
2043,FM06_ScotPine,DEE,0.0
2043,FM06_ScotPine,DED,0.0
2043,FM06_ScotPine,DEF,0.0
2043,FM06_ScotPine,DEG,0.0
2043,PC_Rewetting,DE1,585600.0
2043,PC_Rewetting,DE2,0.0
2043,PC_Rewetting,DE3,0.0
2043,PC_Rewetting,DE4,0.0
2043,PC_Rewetting,DE5,0.0
2043,PC_Rewetting,DE6,0.0
2043,PC_Rewetting,DE7,0.0
2043,PC_Rewetting,DE8,0.0
2043,PC_Rewetting,DE9,0.0
2043,PC_Rewetting,DEA,0.0
2043,PC_Rewetting,DEB,0.0
2043,PC_Rewetting,DEC,0.0
2043,PC_Rewetting,DEE,0.0
2043,PC_Rewetting,DED,0.0
2043,PC_Rewetting,DEF,0.0
2043,PC_Rewetting,DEG,0.0
2044,FM01_PSA,DE1,0.0
2044,FM01_PSA,DE2,0.0
2044,FM01_PSA,DE3,0.0
2044,FM01_PSA,DE4,0.0
2044,FM01_PSA,DE5,0.0
2044,FM01_PSA,DE6,0.0
2044,FM01_PSA,DE7,0.0
2044,FM01_PSA,DE8,0.0
2044,FM01_PSA,DE9,0.0
2044,FM01_PSA,DEA,0.0
2044,FM01_PSA,DEB,0.0
2044,FM01_PSA,DEC,0.0
2044,FM01_PSA,DEE,0.0
2044,FM01_PSA,DED,0.0
2044,FM01_PSA,DEF,0.0
2044,FM01_PSA,DEG,0.0
2044,FM02_TSA,DE1,6683838.4594814535
2044,FM02_TSA,DE2,6435358.899701759
2044,FM02_TSA,DE3,2444.619519014401
2044,FM02_TSA,DE4,436669.80510528
2044,FM02_TSA,DE5,1951.361881344
2044,FM02_TSA,DE6,10027.318532889596
2044,FM02_TSA,DE7,5876877.07405475
2044,FM02_TSA,DE8,1481497.313174554
2044,FM02_TSA,DE9,3498153.3574958593
2044,FM02_TSA,DEA,4240015.304991207
2044,FM02_TSA,DEB,5563423.4973702915
2044,FM02_TSA,DEC,612371.7933979967
2044,FM02_TSA,DEE,706923.772434432
2044,FM02_TSA,DED,444297.87021312
2044,FM02_TSA,DEF,977550.5881421568
2044,FM02_TSA,DEG,2675487.2719880445
2044,FM03_Beech,DE1,0.0
2044,FM03_Beech,DE2,0.0
2044,FM03_Beech,DE3,0.0
2044,FM03_Beech,DE4,0.0
2044,FM03_Beech,DE5,0.0
2044,FM03_Beech,DE6,0.0
2044,FM03_Beech,DE7,0.0
2044,FM03_Beech,DE8,0.0
2044,FM03_Beech,DE9,0.0
2044,FM03_Beech,DEA,0.0
2044,FM03_Beech,DEB,0.0
2044,FM03_Beech,DEC,0.0
2044,FM03_Beech,DEE,0.0
2044,FM03_Beech,DED,0.0
2044,FM03_Beech,DEF,0.0
2044,FM03_Beech,DEG,0.0
2044,FM04_DouglasFir,DE1,0.0
2044,FM04_DouglasFir,DE2,0.0
2044,FM04_DouglasFir,DE3,0.0
2044,FM04_DouglasFir,DE4,0.0
2044,FM04_DouglasFir,DE5,0.0
2044,FM04_DouglasFir,DE6,0.0
2044,FM04_DouglasFir,DE7,0.0
2044,FM04_DouglasFir,DE8,0.0
2044,FM04_DouglasFir,DE9,0.0
2044,FM04_DouglasFir,DEA,0.0
2044,FM04_DouglasFir,DEB,0.0
2044,FM04_DouglasFir,DEC,0.0
2044,FM04_DouglasFir,DEE,0.0
2044,FM04_DouglasFir,DED,0.0
2044,FM04_DouglasFir,DEF,0.0
2044,FM04_DouglasFir,DEG,0.0
2044,FM05_Oak,DE1,0.0
2044,FM05_Oak,DE2,0.0
2044,FM05_Oak,DE3,0.0
2044,FM05_Oak,DE4,0.0
2044,FM05_Oak,DE5,0.0
2044,FM05_Oak,DE6,0.0
2044,FM05_Oak,DE7,0.0
2044,FM05_Oak,DE8,0.0
2044,FM05_Oak,DE9,0.0
2044,FM05_Oak,DEA,0.0
2044,FM05_Oak,DEB,0.0
2044,FM05_Oak,DEC,0.0
2044,FM05_Oak,DEE,0.0
2044,FM05_Oak,DED,0.0
2044,FM05_Oak,DEF,0.0
2044,FM05_Oak,DEG,0.0
2044,FM06_ScotPine,DE1,0.0
2044,FM06_ScotPine,DE2,0.0
2044,FM06_ScotPine,DE3,0.0
2044,FM06_ScotPine,DE4,0.0
2044,FM06_ScotPine,DE5,0.0
2044,FM06_ScotPine,DE6,0.0
2044,FM06_ScotPine,DE7,0.0
2044,FM06_ScotPine,DE8,0.0
2044,FM06_ScotPine,DE9,0.0
2044,FM06_ScotPine,DEA,0.0
2044,FM06_ScotPine,DEB,0.0
2044,FM06_ScotPine,DEC,0.0
2044,FM06_ScotPine,DEE,0.0
2044,FM06_ScotPine,DED,0.0
2044,FM06_ScotPine,DEF,0.0
2044,FM06_ScotPine,DEG,0.0
2044,PC_Rewetting,DE1,585600.0
2044,PC_Rewetting,DE2,0.0
2044,PC_Rewetting,DE3,0.0
2044,PC_Rewetting,DE4,0.0
2044,PC_Rewetting,DE5,0.0
2044,PC_Rewetting,DE6,0.0
2044,PC_Rewetting,DE7,0.0
2044,PC_Rewetting,DE8,0.0
2044,PC_Rewetting,DE9,0.0
2044,PC_Rewetting,DEA,0.0
2044,PC_Rewetting,DEB,0.0
2044,PC_Rewetting,DEC,0.0
2044,PC_Rewetting,DEE,0.0
2044,PC_Rewetting,DED,0.0
2044,PC_Rewetting,DEF,0.0
2044,PC_Rewetting,DEG,0.0
2045,FM01_PSA,DE1,0.0
2045,FM01_PSA,DE2,0.0
2045,FM01_PSA,DE3,0.0
2045,FM01_PSA,DE4,0.0
2045,FM01_PSA,DE5,0.0
2045,FM01_PSA,DE6,0.0
2045,FM01_PSA,DE7,0.0
2045,FM01_PSA,DE8,0.0
2045,FM01_PSA,DE9,0.0
2045,FM01_PSA,DEA,0.0
2045,FM01_PSA,DEB,0.0
2045,FM01_PSA,DEC,0.0
2045,FM01_PSA,DEE,0.0
2045,FM01_PSA,DED,0.0
2045,FM01_PSA,DEF,0.0
2045,FM01_PSA,DEG,0.0
2045,FM02_TSA,DE1,6710766.561841535
2045,FM02_TSA,DE2,6461285.918169599
2045,FM02_TSA,DE3,2606.7418221600005
2045,FM02_TSA,DE4,438429.0770088
2045,FM02_TSA,DE5,2068.3957320000004
2045,FM02_TSA,DE6,10628.711698799996
2045,FM02_TSA,DE7,5900554.05972206
2045,FM02_TSA,DE8,1570350.8143908002
2045,FM02_TSA,DE9,3583737.2696836507
2045,FM02_TSA,DEA,4494312.2258892
2045,FM02_TSA,DEB,5897092.4497836
2045,FM02_TSA,DEC,614838.9401483278
2045,FM02_TSA,DEE,756878.7357536159
2045,FM02_TSA,DED,446087.87435520004
2045,FM02_TSA,DEF,1036179.6464604001
2045,FM02_TSA,DEG,2835950.8850244
2045,FM03_Beech,DE1,0.0
2045,FM03_Beech,DE2,0.0
2045,FM03_Beech,DE3,0.0
2045,FM03_Beech,DE4,0.0
2045,FM03_Beech,DE5,0.0
2045,FM03_Beech,DE6,0.0
2045,FM03_Beech,DE7,0.0
2045,FM03_Beech,DE8,0.0
2045,FM03_Beech,DE9,0.0
2045,FM03_Beech,DEA,0.0
2045,FM03_Beech,DEB,0.0
2045,FM03_Beech,DEC,0.0
2045,FM03_Beech,DEE,0.0
2045,FM03_Beech,DED,0.0
2045,FM03_Beech,DEF,0.0
2045,FM03_Beech,DEG,0.0
2045,FM04_DouglasFir,DE1,0.0
2045,FM04_DouglasFir,DE2,0.0
2045,FM04_DouglasFir,DE3,0.0
2045,FM04_DouglasFir,DE4,0.0
2045,FM04_DouglasFir,DE5,0.0
2045,FM04_DouglasFir,DE6,0.0
2045,FM04_DouglasFir,DE7,0.0
2045,FM04_DouglasFir,DE8,0.0
2045,FM04_DouglasFir,DE9,0.0
2045,FM04_DouglasFir,DEA,0.0
2045,FM04_DouglasFir,DEB,0.0
2045,FM04_DouglasFir,DEC,0.0
2045,FM04_DouglasFir,DEE,0.0
2045,FM04_DouglasFir,DED,0.0
2045,FM04_DouglasFir,DEF,0.0
2045,FM04_DouglasFir,DEG,0.0
2045,FM05_Oak,DE1,0.0
2045,FM05_Oak,DE2,0.0
2045,FM05_Oak,DE3,0.0
2045,FM05_Oak,DE4,0.0
2045,FM05_Oak,DE5,0.0
2045,FM05_Oak,DE6,0.0
2045,FM05_Oak,DE7,0.0
2045,FM05_Oak,DE8,0.0
2045,FM05_Oak,DE9,0.0
2045,FM05_Oak,DEA,0.0
2045,FM05_Oak,DEB,0.0
2045,FM05_Oak,DEC,0.0
2045,FM05_Oak,DEE,0.0
2045,FM05_Oak,DED,0.0
2045,FM05_Oak,DEF,0.0
2045,FM05_Oak,DEG,0.0
2045,FM06_ScotPine,DE1,0.0
2045,FM06_ScotPine,DE2,0.0
2045,FM06_ScotPine,DE3,0.0
2045,FM06_ScotPine,DE4,0.0
2045,FM06_ScotPine,DE5,0.0
2045,FM06_ScotPine,DE6,0.0
2045,FM06_ScotPine,DE7,0.0
2045,FM06_ScotPine,DE8,0.0
2045,FM06_ScotPine,DE9,0.0
2045,FM06_ScotPine,DEA,0.0
2045,FM06_ScotPine,DEB,0.0
2045,FM06_ScotPine,DEC,0.0
2045,FM06_ScotPine,DEE,0.0
2045,FM06_ScotPine,DED,0.0
2045,FM06_ScotPine,DEF,0.0
2045,FM06_ScotPine,DEG,0.0
2045,PC_Rewetting,DE1,585600.0
2045,PC_Rewetting,DE2,0.0
2045,PC_Rewetting,DE3,0.0
2045,PC_Rewetting,DE4,0.0
2045,PC_Rewetting,DE5,0.0
2045,PC_Rewetting,DE6,0.0
2045,PC_Rewetting,DE7,0.0
2045,PC_Rewetting,DE8,0.0
2045,PC_Rewetting,DE9,0.0
2045,PC_Rewetting,DEA,0.0
2045,PC_Rewetting,DEB,0.0
2045,PC_Rewetting,DEC,0.0
2045,PC_Rewetting,DEE,0.0
2045,PC_Rewetting,DED,0.0
2045,PC_Rewetting,DEF,0.0
2045,PC_Rewetting,DEG,0.0
2046,FM01_PSA,DE1,0.0
2046,FM01_PSA,DE2,0.0
2046,FM01_PSA,DE3,0.0
2046,FM01_PSA,DE4,0.0
2046,FM01_PSA,DE5,0.0
2046,FM01_PSA,DE6,0.0
2046,FM01_PSA,DE7,0.0
2046,FM01_PSA,DE8,0.0
2046,FM01_PSA,DE9,0.0
2046,FM01_PSA,DEA,0.0
2046,FM01_PSA,DEB,0.0
2046,FM01_PSA,DEC,0.0
2046,FM01_PSA,DEE,0.0
2046,FM01_PSA,DED,0.0
2046,FM01_PSA,DEF,0.0
2046,FM01_PSA,DEG,0.0
2046,FM02_TSA,DE1,6737694.664201618
2046,FM02_TSA,DE2,6487212.936637439
2046,FM02_TSA,DE3,2773.171281216001
2046,FM02_TSA,DE4,440188.34891232004
2046,FM02_TSA,DE5,2076.6955248000004
2046,FM02_TSA,DE6,10802.7010588224
2046,FM02_TSA,DE7,5924231.045389372
2046,FM02_TSA,DE8,1576652.1164971204
2046,FM02_TSA,DE9,3798578.00729519
2046,FM02_TSA,DEA,4755318.924696913
2046,FM02_TSA,DEB,6239565.459116496
2046,FM02_TSA,DEC,617306.0868986591
2046,FM02_TSA,DEE,759915.8415570623
2046,FM02_TSA,DED,447877.87849728
2046,FM02_TSA,DEF,1040337.4950945601
2046,FM02_TSA,DEG,2916116.9348252723
2046,FM03_Beech,DE1,0.0
2046,FM03_Beech,DE2,0.0
2046,FM03_Beech,DE3,0.0
2046,FM03_Beech,DE4,0.0
2046,FM03_Beech,DE5,0.0
2046,FM03_Beech,DE6,0.0
2046,FM03_Beech,DE7,0.0
2046,FM03_Beech,DE8,0.0
2046,FM03_Beech,DE9,0.0
2046,FM03_Beech,DEA,0.0
2046,FM03_Beech,DEB,0.0
2046,FM03_Beech,DEC,0.0
2046,FM03_Beech,DEE,0.0
2046,FM03_Beech,DED,0.0
2046,FM03_Beech,DEF,0.0
2046,FM03_Beech,DEG,0.0
2046,FM04_DouglasFir,DE1,0.0
2046,FM04_DouglasFir,DE2,0.0
2046,FM04_DouglasFir,DE3,0.0
2046,FM04_DouglasFir,DE4,0.0
2046,FM04_DouglasFir,DE5,0.0
2046,FM04_DouglasFir,DE6,0.0
2046,FM04_DouglasFir,DE7,0.0
2046,FM04_DouglasFir,DE8,0.0
2046,FM04_DouglasFir,DE9,0.0
2046,FM04_DouglasFir,DEA,0.0
2046,FM04_DouglasFir,DEB,0.0
2046,FM04_DouglasFir,DEC,0.0
2046,FM04_DouglasFir,DEE,0.0
2046,FM04_DouglasFir,DED,0.0
2046,FM04_DouglasFir,DEF,0.0
2046,FM04_DouglasFir,DEG,0.0
2046,FM05_Oak,DE1,0.0
2046,FM05_Oak,DE2,0.0
2046,FM05_Oak,DE3,0.0
2046,FM05_Oak,DE4,0.0
2046,FM05_Oak,DE5,0.0
2046,FM05_Oak,DE6,0.0
2046,FM05_Oak,DE7,0.0
2046,FM05_Oak,DE8,0.0
2046,FM05_Oak,DE9,0.0
2046,FM05_Oak,DEA,0.0
2046,FM05_Oak,DEB,0.0
2046,FM05_Oak,DEC,0.0
2046,FM05_Oak,DEE,0.0
2046,FM05_Oak,DED,0.0
2046,FM05_Oak,DEF,0.0
2046,FM05_Oak,DEG,0.0
2046,FM06_ScotPine,DE1,0.0
2046,FM06_ScotPine,DE2,0.0
2046,FM06_ScotPine,DE3,0.0
2046,FM06_ScotPine,DE4,0.0
2046,FM06_ScotPine,DE5,0.0
2046,FM06_ScotPine,DE6,0.0
2046,FM06_ScotPine,DE7,0.0
2046,FM06_ScotPine,DE8,0.0
2046,FM06_ScotPine,DE9,0.0
2046,FM06_ScotPine,DEA,0.0
2046,FM06_ScotPine,DEB,0.0
2046,FM06_ScotPine,DEC,0.0
2046,FM06_ScotPine,DEE,0.0
2046,FM06_ScotPine,DED,0.0
2046,FM06_ScotPine,DEF,0.0
2046,FM06_ScotPine,DEG,0.0
2046,PC_Rewetting,DE1,585600.0
2046,PC_Rewetting,DE2,0.0
2046,PC_Rewetting,DE3,0.0
2046,PC_Rewetting,DE4,0.0
2046,PC_Rewetting,DE5,0.0
2046,PC_Rewetting,DE6,0.0
2046,PC_Rewetting,DE7,0.0
2046,PC_Rewetting,DE8,0.0
2046,PC_Rewetting,DE9,0.0
2046,PC_Rewetting,DEA,0.0
2046,PC_Rewetting,DEB,0.0
2046,PC_Rewetting,DEC,0.0
2046,PC_Rewetting,DEE,0.0
2046,PC_Rewetting,DED,0.0
2046,PC_Rewetting,DEF,0.0
2046,PC_Rewetting,DEG,0.0
2047,FM01_PSA,DE1,0.0
2047,FM01_PSA,DE2,0.0
2047,FM01_PSA,DE3,0.0
2047,FM01_PSA,DE4,0.0
2047,FM01_PSA,DE5,0.0
2047,FM01_PSA,DE6,0.0
2047,FM01_PSA,DE7,0.0
2047,FM01_PSA,DE8,0.0
2047,FM01_PSA,DE9,0.0
2047,FM01_PSA,DEA,0.0
2047,FM01_PSA,DEB,0.0
2047,FM01_PSA,DEC,0.0
2047,FM01_PSA,DEE,0.0
2047,FM01_PSA,DED,0.0
2047,FM01_PSA,DEF,0.0
2047,FM01_PSA,DEG,0.0
2047,FM02_TSA,DE1,6764622.766561699
2047,FM02_TSA,DE2,6962856.761529214
2047,FM02_TSA,DE3,2943.9448863552
2047,FM02_TSA,DE4,441947.62081583997
2047,FM02_TSA,DE5,2199.485001312
2047,FM02_TSA,DE6,10845.8755056288
2047,FM02_TSA,DE7,5947908.031056683
2047,FM02_TSA,DE8,1582953.41860344
2047,FM02_TSA,DE9,3813759.5348800877
2047,FM02_TSA,DEA,4839733.241650929
2047,FM02_TSA,DEB,6264502.7211533515
2047,FM02_TSA,DEC,619773.2336489902
2047,FM02_TSA,DEE,812354.3104047838
2047,FM02_TSA,DED,449667.88263936
2047,FM02_TSA,DEF,1101849.8809464863
2047,FM02_TSA,DEG,2974889.5981999775
2047,FM03_Beech,DE1,0.0
2047,FM03_Beech,DE2,0.0
2047,FM03_Beech,DE3,0.0
2047,FM03_Beech,DE4,0.0
2047,FM03_Beech,DE5,0.0
2047,FM03_Beech,DE6,0.0
2047,FM03_Beech,DE7,0.0
2047,FM03_Beech,DE8,0.0
2047,FM03_Beech,DE9,0.0
2047,FM03_Beech,DEA,0.0
2047,FM03_Beech,DEB,0.0
2047,FM03_Beech,DEC,0.0
2047,FM03_Beech,DEE,0.0
2047,FM03_Beech,DED,0.0
2047,FM03_Beech,DEF,0.0
2047,FM03_Beech,DEG,0.0
2047,FM04_DouglasFir,DE1,0.0
2047,FM04_DouglasFir,DE2,0.0
2047,FM04_DouglasFir,DE3,0.0
2047,FM04_DouglasFir,DE4,0.0
2047,FM04_DouglasFir,DE5,0.0
2047,FM04_DouglasFir,DE6,0.0
2047,FM04_DouglasFir,DE7,0.0
2047,FM04_DouglasFir,DE8,0.0
2047,FM04_DouglasFir,DE9,0.0
2047,FM04_DouglasFir,DEA,0.0
2047,FM04_DouglasFir,DEB,0.0
2047,FM04_DouglasFir,DEC,0.0
2047,FM04_DouglasFir,DEE,0.0
2047,FM04_DouglasFir,DED,0.0
2047,FM04_DouglasFir,DEF,0.0
2047,FM04_DouglasFir,DEG,0.0
2047,FM05_Oak,DE1,0.0
2047,FM05_Oak,DE2,0.0
2047,FM05_Oak,DE3,0.0
2047,FM05_Oak,DE4,0.0
2047,FM05_Oak,DE5,0.0
2047,FM05_Oak,DE6,0.0
2047,FM05_Oak,DE7,0.0
2047,FM05_Oak,DE8,0.0
2047,FM05_Oak,DE9,0.0
2047,FM05_Oak,DEA,0.0
2047,FM05_Oak,DEB,0.0
2047,FM05_Oak,DEC,0.0
2047,FM05_Oak,DEE,0.0
2047,FM05_Oak,DED,0.0
2047,FM05_Oak,DEF,0.0
2047,FM05_Oak,DEG,0.0
2047,FM06_ScotPine,DE1,0.0
2047,FM06_ScotPine,DE2,0.0
2047,FM06_ScotPine,DE3,0.0
2047,FM06_ScotPine,DE4,0.0
2047,FM06_ScotPine,DE5,0.0
2047,FM06_ScotPine,DE6,0.0
2047,FM06_ScotPine,DE7,0.0
2047,FM06_ScotPine,DE8,0.0
2047,FM06_ScotPine,DE9,0.0
2047,FM06_ScotPine,DEA,0.0
2047,FM06_ScotPine,DEB,0.0
2047,FM06_ScotPine,DEC,0.0
2047,FM06_ScotPine,DEE,0.0
2047,FM06_ScotPine,DED,0.0
2047,FM06_ScotPine,DEF,0.0
2047,FM06_ScotPine,DEG,0.0
2047,PC_Rewetting,DE1,585600.0
2047,PC_Rewetting,DE2,0.0
2047,PC_Rewetting,DE3,0.0
2047,PC_Rewetting,DE4,0.0
2047,PC_Rewetting,DE5,0.0
2047,PC_Rewetting,DE6,0.0
2047,PC_Rewetting,DE7,0.0
2047,PC_Rewetting,DE8,0.0
2047,PC_Rewetting,DE9,0.0
2047,PC_Rewetting,DEA,0.0
2047,PC_Rewetting,DEB,0.0
2047,PC_Rewetting,DEC,0.0
2047,PC_Rewetting,DEE,0.0
2047,PC_Rewetting,DED,0.0
2047,PC_Rewetting,DEF,0.0
2047,PC_Rewetting,DEG,0.0
2048,FM01_PSA,DE1,0.0
2048,FM01_PSA,DE2,0.0
2048,FM01_PSA,DE3,0.0
2048,FM01_PSA,DE4,0.0
2048,FM01_PSA,DE5,0.0
2048,FM01_PSA,DE6,0.0
2048,FM01_PSA,DE7,0.0
2048,FM01_PSA,DE8,0.0
2048,FM01_PSA,DE9,0.0
2048,FM01_PSA,DEA,0.0
2048,FM01_PSA,DEB,0.0
2048,FM01_PSA,DEC,0.0
2048,FM01_PSA,DEE,0.0
2048,FM01_PSA,DED,0.0
2048,FM01_PSA,DEF,0.0
2048,FM01_PSA,DEG,0.0
2048,FM02_TSA,DE1,6832403.567460187
2048,FM02_TSA,DE2,6990573.978891262
2048,FM02_TSA,DE3,3119.0996277504
2048,FM02_TSA,DE4,443706.89271935995
2048,FM02_TSA,DE5,2325.415526784
2048,FM02_TSA,DE6,11491.168333017598
2048,FM02_TSA,DE7,5971585.016723994
2048,FM02_TSA,DE8,1589254.72070976
2048,FM02_TSA,DE9,3828941.062464987
2048,FM02_TSA,DEA,4858998.888328358
2048,FM02_TSA,DEB,6623511.3040267
2048,FM02_TSA,DEC,622240.3803993214
2048,FM02_TSA,DEE,815588.0694447358
2048,FM02_TSA,DED,451457.88678144
2048,FM02_TSA,DEF,1120259.4517703808
2048,FM02_TSA,DEG,3066071.4042761084
2048,FM03_Beech,DE1,0.0
2048,FM03_Beech,DE2,0.0
2048,FM03_Beech,DE3,0.0
2048,FM03_Beech,DE4,0.0
2048,FM03_Beech,DE5,0.0
2048,FM03_Beech,DE6,0.0
2048,FM03_Beech,DE7,0.0
2048,FM03_Beech,DE8,0.0
2048,FM03_Beech,DE9,0.0
2048,FM03_Beech,DEA,0.0
2048,FM03_Beech,DEB,0.0
2048,FM03_Beech,DEC,0.0
2048,FM03_Beech,DEE,0.0
2048,FM03_Beech,DED,0.0
2048,FM03_Beech,DEF,0.0
2048,FM03_Beech,DEG,0.0
2048,FM04_DouglasFir,DE1,0.0
2048,FM04_DouglasFir,DE2,0.0
2048,FM04_DouglasFir,DE3,0.0
2048,FM04_DouglasFir,DE4,0.0
2048,FM04_DouglasFir,DE5,0.0
2048,FM04_DouglasFir,DE6,0.0
2048,FM04_DouglasFir,DE7,0.0
2048,FM04_DouglasFir,DE8,0.0
2048,FM04_DouglasFir,DE9,0.0
2048,FM04_DouglasFir,DEA,0.0
2048,FM04_DouglasFir,DEB,0.0
2048,FM04_DouglasFir,DEC,0.0
2048,FM04_DouglasFir,DEE,0.0
2048,FM04_DouglasFir,DED,0.0
2048,FM04_DouglasFir,DEF,0.0
2048,FM04_DouglasFir,DEG,0.0
2048,FM05_Oak,DE1,0.0
2048,FM05_Oak,DE2,0.0
2048,FM05_Oak,DE3,0.0
2048,FM05_Oak,DE4,0.0
2048,FM05_Oak,DE5,0.0
2048,FM05_Oak,DE6,0.0
2048,FM05_Oak,DE7,0.0
2048,FM05_Oak,DE8,0.0
2048,FM05_Oak,DE9,0.0
2048,FM05_Oak,DEA,0.0
2048,FM05_Oak,DEB,0.0
2048,FM05_Oak,DEC,0.0
2048,FM05_Oak,DEE,0.0
2048,FM05_Oak,DED,0.0
2048,FM05_Oak,DEF,0.0
2048,FM05_Oak,DEG,0.0
2048,FM06_ScotPine,DE1,0.0
2048,FM06_ScotPine,DE2,0.0
2048,FM06_ScotPine,DE3,0.0
2048,FM06_ScotPine,DE4,0.0
2048,FM06_ScotPine,DE5,0.0
2048,FM06_ScotPine,DE6,0.0
2048,FM06_ScotPine,DE7,0.0
2048,FM06_ScotPine,DE8,0.0
2048,FM06_ScotPine,DE9,0.0
2048,FM06_ScotPine,DEA,0.0
2048,FM06_ScotPine,DEB,0.0
2048,FM06_ScotPine,DEC,0.0
2048,FM06_ScotPine,DEE,0.0
2048,FM06_ScotPine,DED,0.0
2048,FM06_ScotPine,DEF,0.0
2048,FM06_ScotPine,DEG,0.0
2048,PC_Rewetting,DE1,585600.0
2048,PC_Rewetting,DE2,0.0
2048,PC_Rewetting,DE3,0.0
2048,PC_Rewetting,DE4,0.0
2048,PC_Rewetting,DE5,0.0
2048,PC_Rewetting,DE6,0.0
2048,PC_Rewetting,DE7,0.0
2048,PC_Rewetting,DE8,0.0
2048,PC_Rewetting,DE9,0.0
2048,PC_Rewetting,DEA,0.0
2048,PC_Rewetting,DEB,0.0
2048,PC_Rewetting,DEC,0.0
2048,PC_Rewetting,DEE,0.0
2048,PC_Rewetting,DED,0.0
2048,PC_Rewetting,DEF,0.0
2048,PC_Rewetting,DEG,0.0
2049,FM01_PSA,DE1,476197.64529887063
2049,FM01_PSA,DE2,470882.0095481759
2049,FM01_PSA,DE3,0.0
2049,FM01_PSA,DE4,0.0
2049,FM01_PSA,DE5,0.0
2049,FM01_PSA,DE6,0.0
2049,FM01_PSA,DE7,429524.514816202
2049,FM01_PSA,DE8,0.0
2049,FM01_PSA,DE9,0.0
2049,FM01_PSA,DEA,0.0
2049,FM01_PSA,DEB,92889.77193989401
2049,FM01_PSA,DEC,39792.39171218878
2049,FM01_PSA,DEE,0.0
2049,FM01_PSA,DED,0.0
2049,FM01_PSA,DEF,0.0
2049,FM01_PSA,DEG,0.0
2049,FM02_TSA,DE1,6859493.648382923
2049,FM02_TSA,DE2,7018291.196253312
2049,FM02_TSA,DE3,3298.6724955744003
2049,FM02_TSA,DE4,475466.82011376007
2049,FM02_TSA,DE5,2454.5136212640004
2049,FM02_TSA,DE6,12152.7381122736
2049,FM02_TSA,DE7,5995262.002391307
2049,FM02_TSA,DE8,1686568.8042358854
2049,FM02_TSA,DE9,4059024.5436798315
2049,FM02_TSA,DEA,5138741.272113663
2049,FM02_TSA,DEB,6649773.139330647
2049,FM02_TSA,DEC,624707.5271496527
2049,FM02_TSA,DEE,870548.1877677313
2049,FM02_TSA,DED,485757.6354808321
2049,FM02_TSA,DEF,1184755.051933829
2049,FM02_TSA,DEG,3242591.330129237
2049,FM03_Beech,DE1,0.0
2049,FM03_Beech,DE2,0.0
2049,FM03_Beech,DE3,0.0
2049,FM03_Beech,DE4,0.0
2049,FM03_Beech,DE5,0.0
2049,FM03_Beech,DE6,0.0
2049,FM03_Beech,DE7,0.0
2049,FM03_Beech,DE8,0.0
2049,FM03_Beech,DE9,0.0
2049,FM03_Beech,DEA,0.0
2049,FM03_Beech,DEB,0.0
2049,FM03_Beech,DEC,0.0
2049,FM03_Beech,DEE,0.0
2049,FM03_Beech,DED,0.0
2049,FM03_Beech,DEF,0.0
2049,FM03_Beech,DEG,0.0
2049,FM04_DouglasFir,DE1,0.0
2049,FM04_DouglasFir,DE2,0.0
2049,FM04_DouglasFir,DE3,0.0
2049,FM04_DouglasFir,DE4,0.0
2049,FM04_DouglasFir,DE5,0.0
2049,FM04_DouglasFir,DE6,0.0
2049,FM04_DouglasFir,DE7,0.0
2049,FM04_DouglasFir,DE8,0.0
2049,FM04_DouglasFir,DE9,0.0
2049,FM04_DouglasFir,DEA,0.0
2049,FM04_DouglasFir,DEB,0.0
2049,FM04_DouglasFir,DEC,0.0
2049,FM04_DouglasFir,DEE,0.0
2049,FM04_DouglasFir,DED,0.0
2049,FM04_DouglasFir,DEF,0.0
2049,FM04_DouglasFir,DEG,0.0
2049,FM05_Oak,DE1,0.0
2049,FM05_Oak,DE2,0.0
2049,FM05_Oak,DE3,0.0
2049,FM05_Oak,DE4,0.0
2049,FM05_Oak,DE5,0.0
2049,FM05_Oak,DE6,0.0
2049,FM05_Oak,DE7,0.0
2049,FM05_Oak,DE8,0.0
2049,FM05_Oak,DE9,0.0
2049,FM05_Oak,DEA,0.0
2049,FM05_Oak,DEB,0.0
2049,FM05_Oak,DEC,0.0
2049,FM05_Oak,DEE,0.0
2049,FM05_Oak,DED,0.0
2049,FM05_Oak,DEF,0.0
2049,FM05_Oak,DEG,0.0
2049,FM06_ScotPine,DE1,0.0
2049,FM06_ScotPine,DE2,0.0
2049,FM06_ScotPine,DE3,0.0
2049,FM06_ScotPine,DE4,0.0
2049,FM06_ScotPine,DE5,0.0
2049,FM06_ScotPine,DE6,0.0
2049,FM06_ScotPine,DE7,0.0
2049,FM06_ScotPine,DE8,0.0
2049,FM06_ScotPine,DE9,0.0
2049,FM06_ScotPine,DEA,0.0
2049,FM06_ScotPine,DEB,0.0
2049,FM06_ScotPine,DEC,0.0
2049,FM06_ScotPine,DEE,0.0
2049,FM06_ScotPine,DED,0.0
2049,FM06_ScotPine,DEF,0.0
2049,FM06_ScotPine,DEG,0.0
2049,PC_Rewetting,DE1,596408.5762063928
2049,PC_Rewetting,DE2,0.0
2049,PC_Rewetting,DE3,0.0
2049,PC_Rewetting,DE4,0.0
2049,PC_Rewetting,DE5,0.0
2049,PC_Rewetting,DE6,0.0
2049,PC_Rewetting,DE7,0.0
2049,PC_Rewetting,DE8,0.0
2049,PC_Rewetting,DE9,0.0
2049,PC_Rewetting,DEA,0.0
2049,PC_Rewetting,DEB,0.0
2049,PC_Rewetting,DEC,0.0
2049,PC_Rewetting,DEE,0.0
2049,PC_Rewetting,DED,0.0
2049,PC_Rewetting,DEF,0.0
2049,PC_Rewetting,DEG,0.0
2050,FM01_PSA,DE1,965083.3419739683
2050,FM01_PSA,DE2,954310.4379799202
2050,FM01_PSA,DE3,0.0
2050,FM01_PSA,DE4,0.0
2050,FM01_PSA,DE5,0.0
2050,FM01_PSA,DE6,0.0
2050,FM01_PSA,DE7,870493.498468272
2050,FM01_PSA,DE8,0.0
2050,FM01_PSA,DE9,0.0
2050,FM01_PSA,DEA,0.0
2050,FM01_PSA,DEB,93256.61992718521
2050,FM01_PSA,DEC,80645.03207409594
2050,FM01_PSA,DEE,0.0
2050,FM01_PSA,DED,0.0
2050,FM01_PSA,DEF,0.0
2050,FM01_PSA,DEG,0.0
2050,FM02_TSA,DE1,6886583.729305657
2050,FM02_TSA,DE2,7046008.413615359
2050,FM02_TSA,DE3,3482.7004799999995
2050,FM02_TSA,DE4,508026.100176
2050,FM02_TSA,DE5,2496.9168000000004
2050,FM02_TSA,DE6,12830.721119999998
2050,FM02_TSA,DE7,6018938.988058616
2050,FM02_TSA,DE8,1786307.878431216
2050,FM02_TSA,DE9,4294833.981449536
2050,FM02_TSA,DEA,5425423.93008
2050,FM02_TSA,DEB,7025569.328712815
2050,FM02_TSA,DEC,627174.6738999839
2050,FM02_TSA,DEE,926886.5294199839
2050,FM02_TSA,DED,520923.59028863994
2050,FM02_TSA,DEF,1250850.7569600001
2050,FM02_TSA,DEG,3423490.63056
2050,FM03_Beech,DE1,0.0
2050,FM03_Beech,DE2,0.0
2050,FM03_Beech,DE3,0.0
2050,FM03_Beech,DE4,0.0
2050,FM03_Beech,DE5,0.0
2050,FM03_Beech,DE6,0.0
2050,FM03_Beech,DE7,0.0
2050,FM03_Beech,DE8,0.0
2050,FM03_Beech,DE9,0.0
2050,FM03_Beech,DEA,0.0
2050,FM03_Beech,DEB,0.0
2050,FM03_Beech,DEC,0.0
2050,FM03_Beech,DEE,0.0
2050,FM03_Beech,DED,0.0
2050,FM03_Beech,DEF,0.0
2050,FM03_Beech,DEG,0.0
2050,FM04_DouglasFir,DE1,0.0
2050,FM04_DouglasFir,DE2,0.0
2050,FM04_DouglasFir,DE3,0.0
2050,FM04_DouglasFir,DE4,0.0
2050,FM04_DouglasFir,DE5,0.0
2050,FM04_DouglasFir,DE6,0.0
2050,FM04_DouglasFir,DE7,0.0
2050,FM04_DouglasFir,DE8,0.0
2050,FM04_DouglasFir,DE9,0.0
2050,FM04_DouglasFir,DEA,0.0
2050,FM04_DouglasFir,DEB,0.0
2050,FM04_DouglasFir,DEC,0.0
2050,FM04_DouglasFir,DEE,0.0
2050,FM04_DouglasFir,DED,0.0
2050,FM04_DouglasFir,DEF,0.0
2050,FM04_DouglasFir,DEG,0.0
2050,FM05_Oak,DE1,0.0
2050,FM05_Oak,DE2,0.0
2050,FM05_Oak,DE3,0.0
2050,FM05_Oak,DE4,0.0
2050,FM05_Oak,DE5,0.0
2050,FM05_Oak,DE6,0.0
2050,FM05_Oak,DE7,0.0
2050,FM05_Oak,DE8,0.0
2050,FM05_Oak,DE9,0.0
2050,FM05_Oak,DEA,0.0
2050,FM05_Oak,DEB,0.0
2050,FM05_Oak,DEC,0.0
2050,FM05_Oak,DEE,0.0
2050,FM05_Oak,DED,0.0
2050,FM05_Oak,DEF,0.0
2050,FM05_Oak,DEG,0.0
2050,FM06_ScotPine,DE1,0.0
2050,FM06_ScotPine,DE2,0.0
2050,FM06_ScotPine,DE3,0.0
2050,FM06_ScotPine,DE4,0.0
2050,FM06_ScotPine,DE5,0.0
2050,FM06_ScotPine,DE6,0.0
2050,FM06_ScotPine,DE7,0.0
2050,FM06_ScotPine,DE8,0.0
2050,FM06_ScotPine,DE9,0.0
2050,FM06_ScotPine,DEA,0.0
2050,FM06_ScotPine,DEB,0.0
2050,FM06_ScotPine,DEC,0.0
2050,FM06_ScotPine,DEE,0.0
2050,FM06_ScotPine,DED,0.0
2050,FM06_ScotPine,DEF,0.0
2050,FM06_ScotPine,DEG,0.0
2050,PC_Rewetting,DE1,607586.6763856538
2050,PC_Rewetting,DE2,0.0
2050,PC_Rewetting,DE3,0.0
2050,PC_Rewetting,DE4,0.0
2050,PC_Rewetting,DE5,0.0
2050,PC_Rewetting,DE6,0.0
2050,PC_Rewetting,DE7,0.0
2050,PC_Rewetting,DE8,0.0
2050,PC_Rewetting,DE9,0.0
2050,PC_Rewetting,DEA,0.0
2050,PC_Rewetting,DEB,0.0
2050,PC_Rewetting,DEC,0.0
2050,PC_Rewetting,DEE,0.0
2050,PC_Rewetting,DED,0.0
2050,PC_Rewetting,DEF,0.0
2050,PC_Rewetting,DEG,0.0
