year,techFMs,r,costTechFMs
2020,FM01_PSA,DE1,0.0
2020,FM01_PSA,DE2,0.0
2020,FM01_PSA,DE3,0.0
2020,FM01_PSA,DE4,0.0
2020,FM01_PSA,DE5,0.0
2020,FM01_PSA,DE6,0.0
2020,FM01_PSA,DE7,0.0
2020,FM01_PSA,DE8,0.0
2020,FM01_PSA,DE9,0.0
2020,FM01_PSA,DEA,0.0
2020,FM01_PSA,DEB,0.0
2020,FM01_PSA,DEC,0.0
2020,FM01_PSA,DEE,0.0
2020,FM01_PSA,DED,0.0
2020,FM01_PSA,DEF,0.0
2020,FM01_PSA,DEG,0.0
2020,FM02_TSA,DE1,0.0
2020,FM02_TSA,DE2,0.0
2020,FM02_TSA,DE3,0.0
2020,FM02_TSA,DE4,0.0
2020,FM02_TSA,DE5,0.0
2020,FM02_TSA,DE6,0.0
2020,FM02_TSA,DE7,0.0
2020,FM02_TSA,DE8,0.0
2020,FM02_TSA,DE9,0.0
2020,FM02_TSA,DEA,0.0
2020,FM02_TSA,DEB,0.0
2020,FM02_TSA,DEC,0.0
2020,FM02_TSA,DEE,0.0
2020,FM02_TSA,DED,0.0
2020,FM02_TSA,DEF,0.0
2020,FM02_TSA,DEG,0.0
2020,FM03_Beech,DE1,0.0
2020,FM03_Beech,DE2,0.0
2020,FM03_Beech,DE3,0.0
2020,FM03_Beech,DE4,0.0
2020,FM03_Beech,DE5,0.0
2020,FM03_Beech,DE6,0.0
2020,FM03_Beech,DE7,0.0
2020,FM03_Beech,DE8,0.0
2020,FM03_Beech,DE9,0.0
2020,FM03_Beech,DEA,0.0
2020,FM03_Beech,DEB,0.0
2020,FM03_Beech,DEC,0.0
2020,FM03_Beech,DEE,0.0
2020,FM03_Beech,DED,0.0
2020,FM03_Beech,DEF,0.0
2020,FM03_Beech,DEG,0.0
2020,FM04_DouglasFir,DE1,0.0
2020,FM04_DouglasFir,DE2,0.0
2020,FM04_DouglasFir,DE3,0.0
2020,FM04_DouglasFir,DE4,0.0
2020,FM04_DouglasFir,DE5,0.0
2020,FM04_DouglasFir,DE6,0.0
2020,FM04_DouglasFir,DE7,0.0
2020,FM04_DouglasFir,DE8,0.0
2020,FM04_DouglasFir,DE9,0.0
2020,FM04_DouglasFir,DEA,0.0
2020,FM04_DouglasFir,DEB,0.0
2020,FM04_DouglasFir,DEC,0.0
2020,FM04_DouglasFir,DEE,0.0
2020,FM04_DouglasFir,DED,0.0
2020,FM04_DouglasFir,DEF,0.0
2020,FM04_DouglasFir,DEG,0.0
2020,FM05_Oak,DE1,0.0
2020,FM05_Oak,DE2,0.0
2020,FM05_Oak,DE3,0.0
2020,FM05_Oak,DE4,0.0
2020,FM05_Oak,DE5,0.0
2020,FM05_Oak,DE6,0.0
2020,FM05_Oak,DE7,0.0
2020,FM05_Oak,DE8,0.0
2020,FM05_Oak,DE9,0.0
2020,FM05_Oak,DEA,0.0
2020,FM05_Oak,DEB,0.0
2020,FM05_Oak,DEC,0.0
2020,FM05_Oak,DEE,0.0
2020,FM05_Oak,DED,0.0
2020,FM05_Oak,DEF,0.0
2020,FM05_Oak,DEG,0.0
2020,FM06_ScotPine,DE1,0.0
2020,FM06_ScotPine,DE2,0.0
2020,FM06_ScotPine,DE3,0.0
2020,FM06_ScotPine,DE4,0.0
2020,FM06_ScotPine,DE5,0.0
2020,FM06_ScotPine,DE6,0.0
2020,FM06_ScotPine,DE7,0.0
2020,FM06_ScotPine,DE8,0.0
2020,FM06_ScotPine,DE9,0.0
2020,FM06_ScotPine,DEA,0.0
2020,FM06_ScotPine,DEB,0.0
2020,FM06_ScotPine,DEC,0.0
2020,FM06_ScotPine,DEE,0.0
2020,FM06_ScotPine,DED,0.0
2020,FM06_ScotPine,DEF,0.0
2020,FM06_ScotPine,DEG,0.0
2020,PC_Rewetting,DE1,0.0
2020,PC_Rewetting,DE2,0.0
2020,PC_Rewetting,DE3,0.0
2020,PC_Rewetting,DE4,0.0
2020,PC_Rewetting,DE5,0.0
2020,PC_Rewetting,DE6,0.0
2020,PC_Rewetting,DE7,0.0
2020,PC_Rewetting,DE8,13369405.712658312
2020,PC_Rewetting,DE9,0.0
2020,PC_Rewetting,DEA,0.0
2020,PC_Rewetting,DEB,0.0
2020,PC_Rewetting,DEC,0.0
2020,PC_Rewetting,DEE,0.0
2020,PC_Rewetting,DED,0.0
2020,PC_Rewetting,DEF,12207553.037844041
2020,PC_Rewetting,DEG,0.0
2021,FM01_PSA,DE1,0.0
2021,FM01_PSA,DE2,0.0
2021,FM01_PSA,DE3,0.0
2021,FM01_PSA,DE4,0.0
2021,FM01_PSA,DE5,0.0
2021,FM01_PSA,DE6,0.0
2021,FM01_PSA,DE7,0.0
2021,FM01_PSA,DE8,0.0
2021,FM01_PSA,DE9,0.0
2021,FM01_PSA,DEA,0.0
2021,FM01_PSA,DEB,0.0
2021,FM01_PSA,DEC,0.0
2021,FM01_PSA,DEE,0.0
2021,FM01_PSA,DED,0.0
2021,FM01_PSA,DEF,0.0
2021,FM01_PSA,DEG,0.0
2021,FM02_TSA,DE1,7064.912198400894
2021,FM02_TSA,DE2,6986.048935996968
2021,FM02_TSA,DE3,2.480680972250389
2021,FM02_TSA,DE4,445.0924926445529
2021,FM02_TSA,DE5,1.7785204414283513
2021,FM02_TSA,DE6,9.139151048279407
2021,FM02_TSA,DE7,6372.4653286193125
2021,FM02_TSA,DE8,1350.274021744934
2021,FM02_TSA,DE9,3188.3052103449527
2021,FM02_TSA,DEA,3864.4569026336085
2021,FM02_TSA,DEB,5070.644511914379
2021,FM02_TSA,DEC,590.3635945838142
2021,FM02_TSA,DEE,767.4170384615846
2021,FM02_TSA,DED,482.3175695161201
2021,FM02_TSA,DEF,890.9642645800158
2021,FM02_TSA,DEG,2438.5065884011015
2021,FM03_Beech,DE1,0.0
2021,FM03_Beech,DE2,0.0
2021,FM03_Beech,DE3,0.0
2021,FM03_Beech,DE4,0.0
2021,FM03_Beech,DE5,0.0
2021,FM03_Beech,DE6,0.0
2021,FM03_Beech,DE7,0.0
2021,FM03_Beech,DE8,0.0
2021,FM03_Beech,DE9,0.0
2021,FM03_Beech,DEA,0.0
2021,FM03_Beech,DEB,0.0
2021,FM03_Beech,DEC,0.0
2021,FM03_Beech,DEE,0.0
2021,FM03_Beech,DED,0.0
2021,FM03_Beech,DEF,0.0
2021,FM03_Beech,DEG,0.0
2021,FM04_DouglasFir,DE1,0.0
2021,FM04_DouglasFir,DE2,0.0
2021,FM04_DouglasFir,DE3,0.0
2021,FM04_DouglasFir,DE4,0.0
2021,FM04_DouglasFir,DE5,0.0
2021,FM04_DouglasFir,DE6,0.0
2021,FM04_DouglasFir,DE7,0.0
2021,FM04_DouglasFir,DE8,0.0
2021,FM04_DouglasFir,DE9,0.0
2021,FM04_DouglasFir,DEA,0.0
2021,FM04_DouglasFir,DEB,0.0
2021,FM04_DouglasFir,DEC,0.0
2021,FM04_DouglasFir,DEE,0.0
2021,FM04_DouglasFir,DED,0.0
2021,FM04_DouglasFir,DEF,0.0
2021,FM04_DouglasFir,DEG,0.0
2021,FM05_Oak,DE1,0.0
2021,FM05_Oak,DE2,0.0
2021,FM05_Oak,DE3,0.0
2021,FM05_Oak,DE4,0.0
2021,FM05_Oak,DE5,0.0
2021,FM05_Oak,DE6,0.0
2021,FM05_Oak,DE7,0.0
2021,FM05_Oak,DE8,0.0
2021,FM05_Oak,DE9,0.0
2021,FM05_Oak,DEA,0.0
2021,FM05_Oak,DEB,0.0
2021,FM05_Oak,DEC,0.0
2021,FM05_Oak,DEE,0.0
2021,FM05_Oak,DED,0.0
2021,FM05_Oak,DEF,0.0
2021,FM05_Oak,DEG,0.0
2021,FM06_ScotPine,DE1,0.0
2021,FM06_ScotPine,DE2,0.0
2021,FM06_ScotPine,DE3,0.0
2021,FM06_ScotPine,DE4,0.0
2021,FM06_ScotPine,DE5,0.0
2021,FM06_ScotPine,DE6,0.0
2021,FM06_ScotPine,DE7,0.0
2021,FM06_ScotPine,DE8,0.0
2021,FM06_ScotPine,DE9,0.0
2021,FM06_ScotPine,DEA,0.0
2021,FM06_ScotPine,DEB,0.0
2021,FM06_ScotPine,DEC,0.0
2021,FM06_ScotPine,DEE,0.0
2021,FM06_ScotPine,DED,0.0
2021,FM06_ScotPine,DEF,0.0
2021,FM06_ScotPine,DEG,0.0
2021,PC_Rewetting,DE1,17660.235277075877
2021,PC_Rewetting,DE2,83057.93943083734
2021,PC_Rewetting,DE3,255.0239588264056
2021,PC_Rewetting,DE4,94137.0411414715
2021,PC_Rewetting,DE5,2396.5004427106032
2021,PC_Rewetting,DE6,1167.6854150369365
2021,PC_Rewetting,DE7,2761.447890607727
2021,PC_Rewetting,DE8,14148756.244320512
2021,PC_Rewetting,DE9,244689.02778936704
2021,PC_Rewetting,DEA,16785.75237534445
2021,PC_Rewetting,DEB,2333.1745565659667
2021,PC_Rewetting,DEC,291.3356808237924
2021,PC_Rewetting,DEE,30776.01462070863
2021,PC_Rewetting,DED,11232.840856187611
2021,PC_Rewetting,DEF,12882415.844974222
2021,PC_Rewetting,DEG,402.2840975315339
2022,FM01_PSA,DE1,0.0
2022,FM01_PSA,DE2,0.0
2022,FM01_PSA,DE3,0.0
2022,FM01_PSA,DE4,0.0
2022,FM01_PSA,DE5,0.0
2022,FM01_PSA,DE6,0.0
2022,FM01_PSA,DE7,0.0
2022,FM01_PSA,DE8,0.0
2022,FM01_PSA,DE9,0.0
2022,FM01_PSA,DEA,0.0
2022,FM01_PSA,DEB,0.0
2022,FM01_PSA,DEC,0.0
2022,FM01_PSA,DEE,0.0
2022,FM01_PSA,DED,0.0
2022,FM01_PSA,DEF,0.0
2022,FM01_PSA,DEG,0.0
2022,FM02_TSA,DE1,14468.23309480001
2022,FM02_TSA,DE2,14306.729026379367
2022,FM02_TSA,DE3,5.080186353692762
2022,FM02_TSA,DE4,911.5048781192982
2022,FM02_TSA,DE5,3.6422318618873017
2022,FM02_TSA,DE6,18.716066660392656
2022,FM02_TSA,DE7,13050.171208619433
2022,FM02_TSA,DE8,2765.2260551632407
2022,FM02_TSA,DE9,6529.3299711604695
2022,FM02_TSA,DEA,7914.020964728658
2022,FM02_TSA,DEB,10384.172467967976
2022,FM02_TSA,DEC,1209.005555519284
2022,FM02_TSA,DEE,1571.5932882925927
2022,FM02_TSA,DED,987.7381099026442
2022,FM02_TSA,DEF,1824.605642232677
2022,FM02_TSA,DEG,4993.817436567481
2022,FM03_Beech,DE1,0.0
2022,FM03_Beech,DE2,0.0
2022,FM03_Beech,DE3,0.0
2022,FM03_Beech,DE4,0.0
2022,FM03_Beech,DE5,0.0
2022,FM03_Beech,DE6,0.0
2022,FM03_Beech,DE7,0.0
2022,FM03_Beech,DE8,0.0
2022,FM03_Beech,DE9,0.0
2022,FM03_Beech,DEA,0.0
2022,FM03_Beech,DEB,0.0
2022,FM03_Beech,DEC,0.0
2022,FM03_Beech,DEE,0.0
2022,FM03_Beech,DED,0.0
2022,FM03_Beech,DEF,0.0
2022,FM03_Beech,DEG,0.0
2022,FM04_DouglasFir,DE1,0.0
2022,FM04_DouglasFir,DE2,0.0
2022,FM04_DouglasFir,DE3,0.0
2022,FM04_DouglasFir,DE4,0.0
2022,FM04_DouglasFir,DE5,0.0
2022,FM04_DouglasFir,DE6,0.0
2022,FM04_DouglasFir,DE7,0.0
2022,FM04_DouglasFir,DE8,0.0
2022,FM04_DouglasFir,DE9,0.0
2022,FM04_DouglasFir,DEA,0.0
2022,FM04_DouglasFir,DEB,0.0
2022,FM04_DouglasFir,DEC,0.0
2022,FM04_DouglasFir,DEE,0.0
2022,FM04_DouglasFir,DED,0.0
2022,FM04_DouglasFir,DEF,0.0
2022,FM04_DouglasFir,DEG,0.0
2022,FM05_Oak,DE1,0.0
2022,FM05_Oak,DE2,0.0
2022,FM05_Oak,DE3,0.0
2022,FM05_Oak,DE4,0.0
2022,FM05_Oak,DE5,0.0
2022,FM05_Oak,DE6,0.0
2022,FM05_Oak,DE7,0.0
2022,FM05_Oak,DE8,0.0
2022,FM05_Oak,DE9,0.0
2022,FM05_Oak,DEA,0.0
2022,FM05_Oak,DEB,0.0
2022,FM05_Oak,DEC,0.0
2022,FM05_Oak,DEE,0.0
2022,FM05_Oak,DED,0.0
2022,FM05_Oak,DEF,0.0
2022,FM05_Oak,DEG,0.0
2022,FM06_ScotPine,DE1,0.0
2022,FM06_ScotPine,DE2,0.0
2022,FM06_ScotPine,DE3,0.0
2022,FM06_ScotPine,DE4,0.0
2022,FM06_ScotPine,DE5,0.0
2022,FM06_ScotPine,DE6,0.0
2022,FM06_ScotPine,DE7,0.0
2022,FM06_ScotPine,DE8,0.0
2022,FM06_ScotPine,DE9,0.0
2022,FM06_ScotPine,DEA,0.0
2022,FM06_ScotPine,DEB,0.0
2022,FM06_ScotPine,DEC,0.0
2022,FM06_ScotPine,DEE,0.0
2022,FM06_ScotPine,DED,0.0
2022,FM06_ScotPine,DEF,0.0
2022,FM06_ScotPine,DEG,0.0
2022,PC_Rewetting,DE1,51823.73498702629
2022,PC_Rewetting,DE2,243732.46302214044
2022,PC_Rewetting,DE3,748.3645517858729
2022,PC_Rewetting,DE4,276243.9455668555
2022,PC_Rewetting,DE5,7032.499957717969
2022,PC_Rewetting,DE6,3426.5579448786193
2022,PC_Rewetting,DE7,8103.433585004483
2022,PC_Rewetting,DE8,15026044.069153234
2022,PC_Rewetting,DE9,718036.8285834581
2022,PC_Rewetting,DEA,49257.57607470183
2022,PC_Rewetting,DEB,6846.670953183799
2022,PC_Rewetting,DEC,854.9208364667376
2022,PC_Rewetting,DEE,90311.82204751087
2022,PC_Rewetting,DED,32962.62810485586
2022,PC_Rewetting,DEF,13612353.841753453
2022,PC_Rewetting,DEG,1180.497549034985
2023,FM01_PSA,DE1,0.0
2023,FM01_PSA,DE2,0.0
2023,FM01_PSA,DE3,0.0
2023,FM01_PSA,DE4,0.0
2023,FM01_PSA,DE5,0.0
2023,FM01_PSA,DE6,0.0
2023,FM01_PSA,DE7,0.0
2023,FM01_PSA,DE8,0.0
2023,FM01_PSA,DE9,0.0
2023,FM01_PSA,DEA,0.0
2023,FM01_PSA,DEB,0.0
2023,FM01_PSA,DEC,0.0
2023,FM01_PSA,DEE,0.0
2023,FM01_PSA,DED,0.0
2023,FM01_PSA,DEF,0.0
2023,FM01_PSA,DEG,0.0
2023,FM02_TSA,DE1,22213.529430185186
2023,FM02_TSA,DE2,21965.567197793036
2023,FM02_TSA,DE3,7.799768523161133
2023,FM02_TSA,DE4,1399.4618626332183
2023,FM02_TSA,DE5,5.5920321524727346
2023,FM02_TSA,DE6,28.73536076270181
2023,FM02_TSA,DE7,20036.334797219424
2023,FM02_TSA,DE8,4245.5377899296
2023,FM02_TSA,DE9,10024.683907386834
2023,FM02_TSA,DEA,12150.64316832757
2023,FM02_TSA,DEB,15943.143797443348
2023,FM02_TSA,DEC,1856.223929543777
2023,FM02_TSA,DEE,2412.9161821643693
2023,FM02_TSA,DED,1516.5051205543327
2023,FM02_TSA,DEF,2801.373938797311
2023,FM02_TSA,DEG,7667.163631475695
2023,FM03_Beech,DE1,0.0
2023,FM03_Beech,DE2,0.0
2023,FM03_Beech,DE3,0.0
2023,FM03_Beech,DE4,0.0
2023,FM03_Beech,DE5,0.0
2023,FM03_Beech,DE6,0.0
2023,FM03_Beech,DE7,0.0
2023,FM03_Beech,DE8,0.0
2023,FM03_Beech,DE9,0.0
2023,FM03_Beech,DEA,0.0
2023,FM03_Beech,DEB,0.0
2023,FM03_Beech,DEC,0.0
2023,FM03_Beech,DEE,0.0
2023,FM03_Beech,DED,0.0
2023,FM03_Beech,DEF,0.0
2023,FM03_Beech,DEG,0.0
2023,FM04_DouglasFir,DE1,0.0
2023,FM04_DouglasFir,DE2,0.0
2023,FM04_DouglasFir,DE3,0.0
2023,FM04_DouglasFir,DE4,0.0
2023,FM04_DouglasFir,DE5,0.0
2023,FM04_DouglasFir,DE6,0.0
2023,FM04_DouglasFir,DE7,0.0
2023,FM04_DouglasFir,DE8,0.0
2023,FM04_DouglasFir,DE9,0.0
2023,FM04_DouglasFir,DEA,0.0
2023,FM04_DouglasFir,DEB,0.0
2023,FM04_DouglasFir,DEC,0.0
2023,FM04_DouglasFir,DEE,0.0
2023,FM04_DouglasFir,DED,0.0
2023,FM04_DouglasFir,DEF,0.0
2023,FM04_DouglasFir,DEG,0.0
2023,FM05_Oak,DE1,0.0
2023,FM05_Oak,DE2,0.0
2023,FM05_Oak,DE3,0.0
2023,FM05_Oak,DE4,0.0
2023,FM05_Oak,DE5,0.0
2023,FM05_Oak,DE6,0.0
2023,FM05_Oak,DE7,0.0
2023,FM05_Oak,DE8,0.0
2023,FM05_Oak,DE9,0.0
2023,FM05_Oak,DEA,0.0
2023,FM05_Oak,DEB,0.0
2023,FM05_Oak,DEC,0.0
2023,FM05_Oak,DEE,0.0
2023,FM05_Oak,DED,0.0
2023,FM05_Oak,DEF,0.0
2023,FM05_Oak,DEG,0.0
2023,FM06_ScotPine,DE1,0.0
2023,FM06_ScotPine,DE2,0.0
2023,FM06_ScotPine,DE3,0.0
2023,FM06_ScotPine,DE4,0.0
2023,FM06_ScotPine,DE5,0.0
2023,FM06_ScotPine,DE6,0.0
2023,FM06_ScotPine,DE7,0.0
2023,FM06_ScotPine,DE8,0.0
2023,FM06_ScotPine,DE9,0.0
2023,FM06_ScotPine,DEA,0.0
2023,FM06_ScotPine,DEB,0.0
2023,FM06_ScotPine,DEC,0.0
2023,FM06_ScotPine,DEE,0.0
2023,FM06_ScotPine,DED,0.0
2023,FM06_ScotPine,DEF,0.0
2023,FM06_ScotPine,DEG,0.0
2023,PC_Rewetting,DE1,104526.27873946312
2023,PC_Rewetting,DE2,491598.0558731629
2023,PC_Rewetting,DE3,1509.4196077972051
2023,PC_Rewetting,DE4,557172.339308211
2023,PC_Rewetting,DE5,14184.254589132053
2023,PC_Rewetting,DE6,6911.222260475218
2023,PC_Rewetting,DE7,16344.282361449856
2023,PC_Rewetting,DE8,16013350.357234567
2023,PC_Rewetting,DE9,1448249.8744736132
2023,PC_Rewetting,DEA,99350.44488984701
2023,PC_Rewetting,DEB,13809.44535682415
2023,PC_Rewetting,DEC,1724.3391213517948
2023,PC_Rewetting,DEE,182155.12037428678
2023,PC_Rewetting,DED,66484.22492388809
2023,PC_Rewetting,DEF,14404160.893028243
2023,PC_Rewetting,DEG,2381.013562464659
2024,FM01_PSA,DE1,0.0
2024,FM01_PSA,DE2,0.0
2024,FM01_PSA,DE3,0.0
2024,FM01_PSA,DE4,0.0
2024,FM01_PSA,DE5,0.0
2024,FM01_PSA,DE6,0.0
2024,FM01_PSA,DE7,0.0
2024,FM01_PSA,DE8,0.0
2024,FM01_PSA,DE9,0.0
2024,FM01_PSA,DEA,0.0
2024,FM01_PSA,DEB,0.0
2024,FM01_PSA,DEC,0.0
2024,FM01_PSA,DEE,0.0
2024,FM01_PSA,DED,0.0
2024,FM01_PSA,DEF,0.0
2024,FM01_PSA,DEG,0.0
2024,FM02_TSA,DE1,30304.367945544254
2024,FM02_TSA,DE2,29966.090376883807
2024,FM02_TSA,DE3,10.640679859489524
2024,FM02_TSA,DE4,1909.1881523952945
2024,FM02_TSA,DE5,7.628819204280534
2024,FM02_TSA,DE6,39.20164728156894
2024,FM02_TSA,DE7,27334.17325163835
2024,FM02_TSA,DE8,5791.89091571869
2024,FM02_TSA,DE9,13675.97664396433
2024,FM02_TSA,DEA,16576.274495472764
2024,FM02_TSA,DEB,21750.118429623053
2024,FM02_TSA,DEC,2532.3167633946628
2024,FM02_TSA,DEE,3291.7731527482592
2024,FM02_TSA,DED,2068.8621008659456
2024,FM02_TSA,DEF,3821.718960113244
2024,FM02_TSA,DEG,10459.776260102297
2024,FM03_Beech,DE1,0.0
2024,FM03_Beech,DE2,0.0
2024,FM03_Beech,DE3,0.0
2024,FM03_Beech,DE4,0.0
2024,FM03_Beech,DE5,0.0
2024,FM03_Beech,DE6,0.0
2024,FM03_Beech,DE7,0.0
2024,FM03_Beech,DE8,0.0
2024,FM03_Beech,DE9,0.0
2024,FM03_Beech,DEA,0.0
2024,FM03_Beech,DEB,0.0
2024,FM03_Beech,DEC,0.0
2024,FM03_Beech,DEE,0.0
2024,FM03_Beech,DED,0.0
2024,FM03_Beech,DEF,0.0
2024,FM03_Beech,DEG,0.0
2024,FM04_DouglasFir,DE1,0.0
2024,FM04_DouglasFir,DE2,0.0
2024,FM04_DouglasFir,DE3,0.0
2024,FM04_DouglasFir,DE4,0.0
2024,FM04_DouglasFir,DE5,0.0
2024,FM04_DouglasFir,DE6,0.0
2024,FM04_DouglasFir,DE7,0.0
2024,FM04_DouglasFir,DE8,0.0
2024,FM04_DouglasFir,DE9,0.0
2024,FM04_DouglasFir,DEA,0.0
2024,FM04_DouglasFir,DEB,0.0
2024,FM04_DouglasFir,DEC,0.0
2024,FM04_DouglasFir,DEE,0.0
2024,FM04_DouglasFir,DED,0.0
2024,FM04_DouglasFir,DEF,0.0
2024,FM04_DouglasFir,DEG,0.0
2024,FM05_Oak,DE1,0.0
2024,FM05_Oak,DE2,0.0
2024,FM05_Oak,DE3,0.0
2024,FM05_Oak,DE4,0.0
2024,FM05_Oak,DE5,0.0
2024,FM05_Oak,DE6,0.0
2024,FM05_Oak,DE7,0.0
2024,FM05_Oak,DE8,0.0
2024,FM05_Oak,DE9,0.0
2024,FM05_Oak,DEA,0.0
2024,FM05_Oak,DEB,0.0
2024,FM05_Oak,DEC,0.0
2024,FM05_Oak,DEE,0.0
2024,FM05_Oak,DED,0.0
2024,FM05_Oak,DEF,0.0
2024,FM05_Oak,DEG,0.0
2024,FM06_ScotPine,DE1,0.0
2024,FM06_ScotPine,DE2,0.0
2024,FM06_ScotPine,DE3,0.0
2024,FM06_ScotPine,DE4,0.0
2024,FM06_ScotPine,DE5,0.0
2024,FM06_ScotPine,DE6,0.0
2024,FM06_ScotPine,DE7,0.0
2024,FM06_ScotPine,DE8,0.0
2024,FM06_ScotPine,DE9,0.0
2024,FM06_ScotPine,DEA,0.0
2024,FM06_ScotPine,DEB,0.0
2024,FM06_ScotPine,DEC,0.0
2024,FM06_ScotPine,DEE,0.0
2024,FM06_ScotPine,DED,0.0
2024,FM06_ScotPine,DEF,0.0
2024,FM06_ScotPine,DEG,0.0
2024,PC_Rewetting,DE1,177803.6461439982
2024,PC_Rewetting,DE2,836229.2030831584
2024,PC_Rewetting,DE3,2567.5869557792057
2024,PC_Rewetting,DE4,947773.8483975967
2024,PC_Rewetting,DE5,24128.020381062808
2024,PC_Rewetting,DE6,11756.283032776899
2024,PC_Rewetting,DE7,27802.319498203422
2024,PC_Rewetting,DE8,17122756.27864259
2024,PC_Rewetting,DE9,2463534.637551173
2024,PC_Rewetting,DEA,168999.3326125549
2024,PC_Rewetting,DEB,23490.453934457666
2024,PC_Rewetting,DEC,2933.1741899019225
2024,PC_Rewetting,DEE,309853.60769491637
2024,PC_Rewetting,DED,113092.49449116763
2024,PC_Rewetting,DEF,15264630.863645092
2024,PC_Rewetting,DEG,4050.2053457748616
2025,FM01_PSA,DE1,0.0
2025,FM01_PSA,DE2,0.0
2025,FM01_PSA,DE3,0.0
2025,FM01_PSA,DE4,0.0
2025,FM01_PSA,DE5,0.0
2025,FM01_PSA,DE6,0.0
2025,FM01_PSA,DE7,0.0
2025,FM01_PSA,DE8,0.0
2025,FM01_PSA,DE9,0.0
2025,FM01_PSA,DEA,0.0
2025,FM01_PSA,DEB,0.0
2025,FM01_PSA,DEC,0.0
2025,FM01_PSA,DEE,0.0
2025,FM01_PSA,DED,0.0
2025,FM01_PSA,DEF,0.0
2025,FM01_PSA,DEG,0.0
2025,FM02_TSA,DE1,38744.31538186504
2025,FM02_TSA,DE2,38311.82549029751
2025,FM02_TSA,DE3,13.604172741511944
2025,FM02_TSA,DE4,2440.9084536145083
2025,FM02_TSA,DE5,9.75349090840658
2025,FM02_TSA,DE6,50.119540143356105
2025,FM02_TSA,DE7,34946.90372909527
2025,FM02_TSA,DE8,7404.967122205189
2025,FM02_TSA,DE9,17484.817805833238
2025,FM02_TSA,DEA,21192.865928206647
2025,FM02_TSA,DEB,27807.65629378964
2025,FM02_TSA,DEC,3237.5821038093077
2025,FM02_TSA,DEE,4208.5516327156065
2025,FM02_TSA,DED,2645.0525502322434
2025,FM02_TSA,DEF,4886.090512019803
2025,FM02_TSA,DEG,13372.88640942384
2025,FM03_Beech,DE1,0.0
2025,FM03_Beech,DE2,0.0
2025,FM03_Beech,DE3,0.0
2025,FM03_Beech,DE4,0.0
2025,FM03_Beech,DE5,0.0
2025,FM03_Beech,DE6,0.0
2025,FM03_Beech,DE7,0.0
2025,FM03_Beech,DE8,0.0
2025,FM03_Beech,DE9,0.0
2025,FM03_Beech,DEA,0.0
2025,FM03_Beech,DEB,0.0
2025,FM03_Beech,DEC,0.0
2025,FM03_Beech,DEE,0.0
2025,FM03_Beech,DED,0.0
2025,FM03_Beech,DEF,0.0
2025,FM03_Beech,DEG,0.0
2025,FM04_DouglasFir,DE1,0.0
2025,FM04_DouglasFir,DE2,0.0
2025,FM04_DouglasFir,DE3,0.0
2025,FM04_DouglasFir,DE4,0.0
2025,FM04_DouglasFir,DE5,0.0
2025,FM04_DouglasFir,DE6,0.0
2025,FM04_DouglasFir,DE7,0.0
2025,FM04_DouglasFir,DE8,0.0
2025,FM04_DouglasFir,DE9,0.0
2025,FM04_DouglasFir,DEA,0.0
2025,FM04_DouglasFir,DEB,0.0
2025,FM04_DouglasFir,DEC,0.0
2025,FM04_DouglasFir,DEE,0.0
2025,FM04_DouglasFir,DED,0.0
2025,FM04_DouglasFir,DEF,0.0
2025,FM04_DouglasFir,DEG,0.0
2025,FM05_Oak,DE1,0.0
2025,FM05_Oak,DE2,0.0
2025,FM05_Oak,DE3,0.0
2025,FM05_Oak,DE4,0.0
2025,FM05_Oak,DE5,0.0
2025,FM05_Oak,DE6,0.0
2025,FM05_Oak,DE7,0.0
2025,FM05_Oak,DE8,0.0
2025,FM05_Oak,DE9,0.0
2025,FM05_Oak,DEA,0.0
2025,FM05_Oak,DEB,0.0
2025,FM05_Oak,DEC,0.0
2025,FM05_Oak,DEE,0.0
2025,FM05_Oak,DED,0.0
2025,FM05_Oak,DEF,0.0
2025,FM05_Oak,DEG,0.0
2025,FM06_ScotPine,DE1,0.0
2025,FM06_ScotPine,DE2,0.0
2025,FM06_ScotPine,DE3,0.0
2025,FM06_ScotPine,DE4,0.0
2025,FM06_ScotPine,DE5,0.0
2025,FM06_ScotPine,DE6,0.0
2025,FM06_ScotPine,DE7,0.0
2025,FM06_ScotPine,DE8,0.0
2025,FM06_ScotPine,DE9,0.0
2025,FM06_ScotPine,DEA,0.0
2025,FM06_ScotPine,DEB,0.0
2025,FM06_ScotPine,DEC,0.0
2025,FM06_ScotPine,DEE,0.0
2025,FM06_ScotPine,DED,0.0
2025,FM06_ScotPine,DEF,0.0
2025,FM06_ScotPine,DEG,0.0
2025,PC_Rewetting,DE1,273691.61681024334
2025,PC_Rewetting,DE2,1287200.38975138
2025,PC_Rewetting,DE3,3952.2644246506784
2025,PC_Rewetting,DE4,1458900.0988670713
2025,PC_Rewetting,DE5,37140.053377620185
2025,PC_Rewetting,DE6,18096.34493273383
2025,PC_Rewetting,DE7,42795.870273524764
2025,PC_Rewetting,DE8,18366343.00345539
2025,PC_Rewetting,DE9,3792097.5899074776
2025,PC_Rewetting,DEA,260139.2130346003
2025,PC_Rewetting,DEB,36158.652853055
2025,PC_Rewetting,DEC,4515.00969654008
2025,PC_Rewetting,DEE,476954.9821032797
2025,PC_Rewetting,DED,174082.29998457778
2025,PC_Rewetting,DEF,16200557.618450502
2025,PC_Rewetting,DEG,6234.446106919899
2026,FM01_PSA,DE1,0.0
2026,FM01_PSA,DE2,0.0
2026,FM01_PSA,DE3,0.0
2026,FM01_PSA,DE4,0.0
2026,FM01_PSA,DE5,0.0
2026,FM01_PSA,DE6,0.0
2026,FM01_PSA,DE7,0.0
2026,FM01_PSA,DE8,0.0
2026,FM01_PSA,DE9,0.0
2026,FM01_PSA,DEA,0.0
2026,FM01_PSA,DEB,0.0
2026,FM01_PSA,DEC,0.0
2026,FM01_PSA,DEE,0.0
2026,FM01_PSA,DED,0.0
2026,FM01_PSA,DEF,0.0
2026,FM01_PSA,DEG,0.0
2026,FM02_TSA,DE1,47536.93848013539
2026,FM02_TSA,DE2,47006.29946468
2026,FM02_TSA,DE3,16.691499548062417
2026,FM02_TSA,DE4,2994.8474724998423
2026,FM02_TSA,DE5,11.96694515594676
2026,FM02_TSA,DE6,61.49365327442539
2026,FM02_TSA,DE7,42877.74338680925
2026,FM02_TSA,DE8,9085.44809906378
2026,FM02_TSA,DE9,21452.81701793385
2026,FM02_TSA,DEA,26002.368448571648
2026,FM02_TSA,DEB,34118.31731922567
2026,FM02_TSA,DEC,3972.317997525082
2026,FM02_TSA,DEE,5163.639054737757
2026,FM02_TSA,DED,3245.319968047987
2026,FM02_TSA,DEF,5994.9384003563155
2026,FM02_TSA,DEG,16407.72516641688
2026,FM03_Beech,DE1,0.0
2026,FM03_Beech,DE2,0.0
2026,FM03_Beech,DE3,0.0
2026,FM03_Beech,DE4,0.0
2026,FM03_Beech,DE5,0.0
2026,FM03_Beech,DE6,0.0
2026,FM03_Beech,DE7,0.0
2026,FM03_Beech,DE8,0.0
2026,FM03_Beech,DE9,0.0
2026,FM03_Beech,DEA,0.0
2026,FM03_Beech,DEB,0.0
2026,FM03_Beech,DEC,0.0
2026,FM03_Beech,DEE,0.0
2026,FM03_Beech,DED,0.0
2026,FM03_Beech,DEF,0.0
2026,FM03_Beech,DEG,0.0
2026,FM04_DouglasFir,DE1,0.0
2026,FM04_DouglasFir,DE2,0.0
2026,FM04_DouglasFir,DE3,0.0
2026,FM04_DouglasFir,DE4,0.0
2026,FM04_DouglasFir,DE5,0.0
2026,FM04_DouglasFir,DE6,0.0
2026,FM04_DouglasFir,DE7,0.0
2026,FM04_DouglasFir,DE8,0.0
2026,FM04_DouglasFir,DE9,0.0
2026,FM04_DouglasFir,DEA,0.0
2026,FM04_DouglasFir,DEB,0.0
2026,FM04_DouglasFir,DEC,0.0
2026,FM04_DouglasFir,DEE,0.0
2026,FM04_DouglasFir,DED,0.0
2026,FM04_DouglasFir,DEF,0.0
2026,FM04_DouglasFir,DEG,0.0
2026,FM05_Oak,DE1,0.0
2026,FM05_Oak,DE2,0.0
2026,FM05_Oak,DE3,0.0
2026,FM05_Oak,DE4,0.0
2026,FM05_Oak,DE5,0.0
2026,FM05_Oak,DE6,0.0
2026,FM05_Oak,DE7,0.0
2026,FM05_Oak,DE8,0.0
2026,FM05_Oak,DE9,0.0
2026,FM05_Oak,DEA,0.0
2026,FM05_Oak,DEB,0.0
2026,FM05_Oak,DEC,0.0
2026,FM05_Oak,DEE,0.0
2026,FM05_Oak,DED,0.0
2026,FM05_Oak,DEF,0.0
2026,FM05_Oak,DEG,0.0
2026,FM06_ScotPine,DE1,0.0
2026,FM06_ScotPine,DE2,0.0
2026,FM06_ScotPine,DE3,0.0
2026,FM06_ScotPine,DE4,0.0
2026,FM06_ScotPine,DE5,0.0
2026,FM06_ScotPine,DE6,0.0
2026,FM06_ScotPine,DE7,0.0
2026,FM06_ScotPine,DE8,0.0
2026,FM06_ScotPine,DE9,0.0
2026,FM06_ScotPine,DEA,0.0
2026,FM06_ScotPine,DEB,0.0
2026,FM06_ScotPine,DEC,0.0
2026,FM06_ScotPine,DEE,0.0
2026,FM06_ScotPine,DED,0.0
2026,FM06_ScotPine,DEF,0.0
2026,FM06_ScotPine,DEG,0.0
2026,PC_Rewetting,DE1,394225.97034781054
2026,PC_Rewetting,DE2,1854086.1009770825
2026,PC_Rewetting,DE3,5692.849843330426
2026,PC_Rewetting,DE4,2101402.716748694
2026,PC_Rewetting,DE5,53496.60962291415
2026,PC_Rewetting,DE6,26066.012631296187
2026,PC_Rewetting,DE7,61643.25996567348
2026,PC_Rewetting,DE8,19756191.701751046
2026,PC_Rewetting,DE9,5462145.203633867
2026,PC_Rewetting,DEA,374705.0599477583
2026,PC_Rewetting,DEB,52082.9982795868
2026,PC_Rewetting,DEC,6503.429295689226
2026,PC_Rewetting,DEE,687006.9416932568
2026,PC_Rewetting,DED,250748.50458200191
2026,PC_Rewetting,DEF,17218735.022290982
2026,PC_Rewetting,DEG,8980.109053854078
2027,FM01_PSA,DE1,0.0
2027,FM01_PSA,DE2,0.0
2027,FM01_PSA,DE3,0.0
2027,FM01_PSA,DE4,0.0
2027,FM01_PSA,DE5,0.0
2027,FM01_PSA,DE6,0.0
2027,FM01_PSA,DE7,0.0
2027,FM01_PSA,DE8,0.0
2027,FM01_PSA,DE9,0.0
2027,FM01_PSA,DEA,0.0
2027,FM01_PSA,DEB,0.0
2027,FM01_PSA,DEC,0.0
2027,FM01_PSA,DEE,0.0
2027,FM01_PSA,DED,0.0
2027,FM01_PSA,DEF,0.0
2027,FM01_PSA,DEG,0.0
2027,FM02_TSA,DE1,56685.803981343124
2027,FM02_TSA,DE2,56053.03922667709
2027,FM02_TSA,DE3,19.903912657974956
2027,FM02_TSA,DE4,3571.2299152602773
2027,FM02_TSA,DE5,14.270079837996953
2027,FM02_TSA,DE6,73.32860060113885
2027,FM02_TSA,DE7,51129.90938199935
2027,FM02_TSA,DE8,10834.015535969138
2027,FM02_TSA,DE9,25581.583905206433
2027,FM02_TSA,DEA,31006.73303861018
2027,FM02_TSA,DEB,40684.661435213704
2027,FM02_TSA,DEC,4736.822491279352
2027,FM02_TSA,DEE,6157.422851486053
2027,FM02_TSA,DED,3869.9078537079354
2027,FM02_TSA,DEF,7148.712430962107
2027,FM02_TSA,DEG,19565.52361805797
2027,FM03_Beech,DE1,0.0
2027,FM03_Beech,DE2,0.0
2027,FM03_Beech,DE3,0.0
2027,FM03_Beech,DE4,0.0
2027,FM03_Beech,DE5,0.0
2027,FM03_Beech,DE6,0.0
2027,FM03_Beech,DE7,0.0
2027,FM03_Beech,DE8,0.0
2027,FM03_Beech,DE9,0.0
2027,FM03_Beech,DEA,0.0
2027,FM03_Beech,DEB,0.0
2027,FM03_Beech,DEC,0.0
2027,FM03_Beech,DEE,0.0
2027,FM03_Beech,DED,0.0
2027,FM03_Beech,DEF,0.0
2027,FM03_Beech,DEG,0.0
2027,FM04_DouglasFir,DE1,0.0
2027,FM04_DouglasFir,DE2,0.0
2027,FM04_DouglasFir,DE3,0.0
2027,FM04_DouglasFir,DE4,0.0
2027,FM04_DouglasFir,DE5,0.0
2027,FM04_DouglasFir,DE6,0.0
2027,FM04_DouglasFir,DE7,0.0
2027,FM04_DouglasFir,DE8,0.0
2027,FM04_DouglasFir,DE9,0.0
2027,FM04_DouglasFir,DEA,0.0
2027,FM04_DouglasFir,DEB,0.0
2027,FM04_DouglasFir,DEC,0.0
2027,FM04_DouglasFir,DEE,0.0
2027,FM04_DouglasFir,DED,0.0
2027,FM04_DouglasFir,DEF,0.0
2027,FM04_DouglasFir,DEG,0.0
2027,FM05_Oak,DE1,0.0
2027,FM05_Oak,DE2,0.0
2027,FM05_Oak,DE3,0.0
2027,FM05_Oak,DE4,0.0
2027,FM05_Oak,DE5,0.0
2027,FM05_Oak,DE6,0.0
2027,FM05_Oak,DE7,0.0
2027,FM05_Oak,DE8,0.0
2027,FM05_Oak,DE9,0.0
2027,FM05_Oak,DEA,0.0
2027,FM05_Oak,DEB,0.0
2027,FM05_Oak,DEC,0.0
2027,FM05_Oak,DEE,0.0
2027,FM05_Oak,DED,0.0
2027,FM05_Oak,DEF,0.0
2027,FM05_Oak,DEG,0.0
2027,FM06_ScotPine,DE1,0.0
2027,FM06_ScotPine,DE2,0.0
2027,FM06_ScotPine,DE3,0.0
2027,FM06_ScotPine,DE4,0.0
2027,FM06_ScotPine,DE5,0.0
2027,FM06_ScotPine,DE6,0.0
2027,FM06_ScotPine,DE7,0.0
2027,FM06_ScotPine,DE8,0.0
2027,FM06_ScotPine,DE9,0.0
2027,FM06_ScotPine,DEA,0.0
2027,FM06_ScotPine,DEB,0.0
2027,FM06_ScotPine,DEC,0.0
2027,FM06_ScotPine,DEE,0.0
2027,FM06_ScotPine,DED,0.0
2027,FM06_ScotPine,DEF,0.0
2027,FM06_ScotPine,DEG,0.0
2027,PC_Rewetting,DE1,541442.4863663116
2027,PC_Rewetting,DE2,2546460.821859518
2027,PC_Rewetting,DE3,7818.741040737252
2027,PC_Rewetting,DE4,2886133.3280745232
2027,PC_Rewetting,DE5,73473.94516105464
2027,PC_Rewetting,DE6,35799.890799414134
2027,PC_Rewetting,DE7,84662.81385290914
2027,PC_Rewetting,DE8,21304383.543607637
2027,PC_Rewetting,DE9,7501883.950821682
2027,PC_Rewetting,DEA,514631.84714380355
2027,PC_Rewetting,DEB,71532.44638102372
2027,PC_Rewetting,DEC,8932.01664177232
2027,PC_Rewetting,DEE,943557.1845587278
2027,PC_Rewetting,DED,344385.9714613233
2027,PC_Rewetting,DEF,18325956.94001303
2027,PC_Rewetting,DEG,12333.5673945317
2028,FM01_PSA,DE1,0.0
2028,FM01_PSA,DE2,0.0
2028,FM01_PSA,DE3,0.0
2028,FM01_PSA,DE4,0.0
2028,FM01_PSA,DE5,0.0
2028,FM01_PSA,DE6,0.0
2028,FM01_PSA,DE7,0.0
2028,FM01_PSA,DE8,0.0
2028,FM01_PSA,DE9,0.0
2028,FM01_PSA,DEA,0.0
2028,FM01_PSA,DEB,0.0
2028,FM01_PSA,DEC,0.0
2028,FM01_PSA,DEE,0.0
2028,FM01_PSA,DED,0.0
2028,FM01_PSA,DEF,0.0
2028,FM01_PSA,DEG,0.0
2028,FM02_TSA,DE1,66194.47862647608
2028,FM02_TSA,DE2,65455.57170293463
2028,FM02_TSA,DE3,23.242664450083577
2028,FM02_TSA,DE4,4170.280488104797
2028,FM02_TSA,DE5,16.66379284565305
2028,FM02_TSA,DE6,85.62899604985854
2028,FM02_TSA,DE7,59706.61887188464
2028,FM02_TSA,DE8,12651.351122595943
2028,FM02_TSA,DE9,29872.728092591286
2028,FM02_TSA,DEA,36207.91068036466
2028,FM02_TSA,DEB,47509.248571036296
2028,FM02_TSA,DEC,5531.393631809488
2028,FM02_TSA,DEE,7190.290455631842
2028,FM02_TSA,DED,4519.05970660685
2028,FM02_TSA,DEF,8347.862409676505
2028,FM02_TSA,DEG,22847.51285132367
2028,FM03_Beech,DE1,0.0
2028,FM03_Beech,DE2,0.0
2028,FM03_Beech,DE3,0.0
2028,FM03_Beech,DE4,0.0
2028,FM03_Beech,DE5,0.0
2028,FM03_Beech,DE6,0.0
2028,FM03_Beech,DE7,0.0
2028,FM03_Beech,DE8,0.0
2028,FM03_Beech,DE9,0.0
2028,FM03_Beech,DEA,0.0
2028,FM03_Beech,DEB,0.0
2028,FM03_Beech,DEC,0.0
2028,FM03_Beech,DEE,0.0
2028,FM03_Beech,DED,0.0
2028,FM03_Beech,DEF,0.0
2028,FM03_Beech,DEG,0.0
2028,FM04_DouglasFir,DE1,0.0
2028,FM04_DouglasFir,DE2,0.0
2028,FM04_DouglasFir,DE3,0.0
2028,FM04_DouglasFir,DE4,0.0
2028,FM04_DouglasFir,DE5,0.0
2028,FM04_DouglasFir,DE6,0.0
2028,FM04_DouglasFir,DE7,0.0
2028,FM04_DouglasFir,DE8,0.0
2028,FM04_DouglasFir,DE9,0.0
2028,FM04_DouglasFir,DEA,0.0
2028,FM04_DouglasFir,DEB,0.0
2028,FM04_DouglasFir,DEC,0.0
2028,FM04_DouglasFir,DEE,0.0
2028,FM04_DouglasFir,DED,0.0
2028,FM04_DouglasFir,DEF,0.0
2028,FM04_DouglasFir,DEG,0.0
2028,FM05_Oak,DE1,0.0
2028,FM05_Oak,DE2,0.0
2028,FM05_Oak,DE3,0.0
2028,FM05_Oak,DE4,0.0
2028,FM05_Oak,DE5,0.0
2028,FM05_Oak,DE6,0.0
2028,FM05_Oak,DE7,0.0
2028,FM05_Oak,DE8,0.0
2028,FM05_Oak,DE9,0.0
2028,FM05_Oak,DEA,0.0
2028,FM05_Oak,DEB,0.0
2028,FM05_Oak,DEC,0.0
2028,FM05_Oak,DEE,0.0
2028,FM05_Oak,DED,0.0
2028,FM05_Oak,DEF,0.0
2028,FM05_Oak,DEG,0.0
2028,FM06_ScotPine,DE1,0.0
2028,FM06_ScotPine,DE2,0.0
2028,FM06_ScotPine,DE3,0.0
2028,FM06_ScotPine,DE4,0.0
2028,FM06_ScotPine,DE5,0.0
2028,FM06_ScotPine,DE6,0.0
2028,FM06_ScotPine,DE7,0.0
2028,FM06_ScotPine,DE8,0.0
2028,FM06_ScotPine,DE9,0.0
2028,FM06_ScotPine,DEA,0.0
2028,FM06_ScotPine,DEB,0.0
2028,FM06_ScotPine,DEC,0.0
2028,FM06_ScotPine,DEE,0.0
2028,FM06_ScotPine,DED,0.0
2028,FM06_ScotPine,DEF,0.0
2028,FM06_ScotPine,DEG,0.0
2028,PC_Rewetting,DE1,717376.9444753584
2028,PC_Rewetting,DE2,3373899.0374979414
2028,PC_Rewetting,DE3,10359.33584578996
2028,PC_Rewetting,DE4,3823943.5588766187
2028,PC_Rewetting,DE5,97348.31603615163
2028,PC_Rewetting,DE6,47432.58410803784
2028,PC_Rewetting,DE7,112172.85721349134
2028,PC_Rewetting,DE8,23022999.69910326
2028,PC_Rewetting,DE9,9939520.303562261
2028,PC_Rewetting,DEA,681854.5484145111
2028,PC_Rewetting,DEB,94775.95332433643
2028,PC_Rewetting,DEC,11834.355389212322
2028,PC_Rewetting,DEE,1250153.4087935728
2028,PC_Rewetting,DED,456289.56380042544
2028,PC_Rewetting,DEF,19529017.23646315
2028,PC_Rewetting,DEG,16341.194336907078
2029,FM01_PSA,DE1,0.0
2029,FM01_PSA,DE2,0.0
2029,FM01_PSA,DE3,0.0
2029,FM01_PSA,DE4,0.0
2029,FM01_PSA,DE5,0.0
2029,FM01_PSA,DE6,0.0
2029,FM01_PSA,DE7,0.0
2029,FM01_PSA,DE8,0.0
2029,FM01_PSA,DE9,0.0
2029,FM01_PSA,DEA,0.0
2029,FM01_PSA,DEB,0.0
2029,FM01_PSA,DEC,0.0
2029,FM01_PSA,DEE,0.0
2029,FM01_PSA,DED,0.0
2029,FM01_PSA,DEF,0.0
2029,FM01_PSA,DEG,0.0
2029,FM02_TSA,DE1,76066.5291565221
2029,FM02_TSA,DE2,75217.42382009844
2029,FM02_TSA,DE3,26.709007303222297
2029,FM02_TSA,DE4,4792.223897242381
2029,FM02_TSA,DE5,19.148982070010927
2029,FM02_TSA,DE6,98.39945354694656
2029,FM02_TSA,DE7,68611.08901368419
2029,FM02_TSA,DE8,14538.136548618875
2029,FM02_TSA,DE9,34327.85920502869
2029,FM02_TSA,DEA,41607.85235587751
2029,FM02_TSA,DEB,54594.638655976
2029,FM02_TSA,DEC,6356.3294658528575
2029,FM02_TSA,DEE,8262.629299846469
2029,FM02_TSA,DED,5193.019026139491
2029,FM02_TSA,DEF,9592.838142338838
2029,FM02_TSA,DEG,26254.923953190526
2029,FM03_Beech,DE1,0.0
2029,FM03_Beech,DE2,0.0
2029,FM03_Beech,DE3,0.0
2029,FM03_Beech,DE4,0.0
2029,FM03_Beech,DE5,0.0
2029,FM03_Beech,DE6,0.0
2029,FM03_Beech,DE7,0.0
2029,FM03_Beech,DE8,0.0
2029,FM03_Beech,DE9,0.0
2029,FM03_Beech,DEA,0.0
2029,FM03_Beech,DEB,0.0
2029,FM03_Beech,DEC,0.0
2029,FM03_Beech,DEE,0.0
2029,FM03_Beech,DED,0.0
2029,FM03_Beech,DEF,0.0
2029,FM03_Beech,DEG,0.0
2029,FM04_DouglasFir,DE1,0.0
2029,FM04_DouglasFir,DE2,0.0
2029,FM04_DouglasFir,DE3,0.0
2029,FM04_DouglasFir,DE4,0.0
2029,FM04_DouglasFir,DE5,0.0
2029,FM04_DouglasFir,DE6,0.0
2029,FM04_DouglasFir,DE7,0.0
2029,FM04_DouglasFir,DE8,0.0
2029,FM04_DouglasFir,DE9,0.0
2029,FM04_DouglasFir,DEA,0.0
2029,FM04_DouglasFir,DEB,0.0
2029,FM04_DouglasFir,DEC,0.0
2029,FM04_DouglasFir,DEE,0.0
2029,FM04_DouglasFir,DED,0.0
2029,FM04_DouglasFir,DEF,0.0
2029,FM04_DouglasFir,DEG,0.0
2029,FM05_Oak,DE1,0.0
2029,FM05_Oak,DE2,0.0
2029,FM05_Oak,DE3,0.0
2029,FM05_Oak,DE4,0.0
2029,FM05_Oak,DE5,0.0
2029,FM05_Oak,DE6,0.0
2029,FM05_Oak,DE7,0.0
2029,FM05_Oak,DE8,0.0
2029,FM05_Oak,DE9,0.0
2029,FM05_Oak,DEA,0.0
2029,FM05_Oak,DEB,0.0
2029,FM05_Oak,DEC,0.0
2029,FM05_Oak,DEE,0.0
2029,FM05_Oak,DED,0.0
2029,FM05_Oak,DEF,0.0
2029,FM05_Oak,DEG,0.0
2029,FM06_ScotPine,DE1,0.0
2029,FM06_ScotPine,DE2,0.0
2029,FM06_ScotPine,DE3,0.0
2029,FM06_ScotPine,DE4,0.0
2029,FM06_ScotPine,DE5,0.0
2029,FM06_ScotPine,DE6,0.0
2029,FM06_ScotPine,DE7,0.0
2029,FM06_ScotPine,DE8,0.0
2029,FM06_ScotPine,DE9,0.0
2029,FM06_ScotPine,DEA,0.0
2029,FM06_ScotPine,DEB,0.0
2029,FM06_ScotPine,DEC,0.0
2029,FM06_ScotPine,DEE,0.0
2029,FM06_ScotPine,DED,0.0
2029,FM06_ScotPine,DEF,0.0
2029,FM06_ScotPine,DEG,0.0
2029,PC_Rewetting,DE1,924065.1242845627
2029,PC_Rewetting,DE2,4345975.232991605
2029,PC_Rewetting,DE3,13344.032087407351
2029,PC_Rewetting,DE4,4925685.035187039
2029,PC_Rewetting,DE5,125395.97829231506
2029,PC_Rewetting,DE6,61098.69722811747
2029,PC_Rewetting,DE7,144491.71532567966
2029,PC_Rewetting,DE8,24924121.338315986
2029,PC_Rewetting,DE9,12803260.733946947
2029,PC_Rewetting,DEA,878308.1375516558
2029,PC_Rewetting,DEB,122082.47527649552
2029,PC_Rewetting,DEC,15244.029192432188
2029,PC_Rewetting,DEE,1610343.3124916712
2029,PC_Rewetting,DED,587754.1447771915
2029,PC_Rewetting,DEF,20834709.776487842
2029,PC_Rewetting,DEG,21049.363088934508
2030,FM01_PSA,DE1,0.0
2030,FM01_PSA,DE2,0.0
2030,FM01_PSA,DE3,0.0
2030,FM01_PSA,DE4,0.0
2030,FM01_PSA,DE5,0.0
2030,FM01_PSA,DE6,0.0
2030,FM01_PSA,DE7,0.0
2030,FM01_PSA,DE8,0.0
2030,FM01_PSA,DE9,0.0
2030,FM01_PSA,DEA,0.0
2030,FM01_PSA,DEB,0.0
2030,FM01_PSA,DEC,0.0
2030,FM01_PSA,DEE,0.0
2030,FM01_PSA,DED,0.0
2030,FM01_PSA,DEF,0.0
2030,FM01_PSA,DEG,0.0
2030,FM02_TSA,DE1,86305.522312469
2030,FM02_TSA,DE2,85342.12250481437
2030,FM02_TSA,DE3,30.304193596225133
2030,FM02_TSA,DE4,5437.284848882013
2030,FM02_TSA,DE5,21.726545402166465
2030,FM02_TSA,DE6,111.64458701876495
2030,FM02_TSA,DE7,77846.53696461704
2030,FM02_TSA,DE8,16495.05350371261
2030,FM02_TSA,DE9,38948.58686745892
2030,FM02_TSA,DEA,47208.50904719114
2030,FM02_TSA,DEB,61943.39161931537
2030,FM02_TSA,DEC,7211.928040146828
2030,FM02_TSA,DEE,9374.826816801276
2030,FM02_TSA,DED,5892.029311700618
2030,FM02_TSA,DEF,10884.089434788428
2030,FM02_TSA,DEG,29788.988010635094
2030,FM03_Beech,DE1,0.0
2030,FM03_Beech,DE2,0.0
2030,FM03_Beech,DE3,0.0
2030,FM03_Beech,DE4,0.0
2030,FM03_Beech,DE5,0.0
2030,FM03_Beech,DE6,0.0
2030,FM03_Beech,DE7,0.0
2030,FM03_Beech,DE8,0.0
2030,FM03_Beech,DE9,0.0
2030,FM03_Beech,DEA,0.0
2030,FM03_Beech,DEB,0.0
2030,FM03_Beech,DEC,0.0
2030,FM03_Beech,DEE,0.0
2030,FM03_Beech,DED,0.0
2030,FM03_Beech,DEF,0.0
2030,FM03_Beech,DEG,0.0
2030,FM04_DouglasFir,DE1,0.0
2030,FM04_DouglasFir,DE2,0.0
2030,FM04_DouglasFir,DE3,0.0
2030,FM04_DouglasFir,DE4,0.0
2030,FM04_DouglasFir,DE5,0.0
2030,FM04_DouglasFir,DE6,0.0
2030,FM04_DouglasFir,DE7,0.0
2030,FM04_DouglasFir,DE8,0.0
2030,FM04_DouglasFir,DE9,0.0
2030,FM04_DouglasFir,DEA,0.0
2030,FM04_DouglasFir,DEB,0.0
2030,FM04_DouglasFir,DEC,0.0
2030,FM04_DouglasFir,DEE,0.0
2030,FM04_DouglasFir,DED,0.0
2030,FM04_DouglasFir,DEF,0.0
2030,FM04_DouglasFir,DEG,0.0
2030,FM05_Oak,DE1,0.0
2030,FM05_Oak,DE2,0.0
2030,FM05_Oak,DE3,0.0
2030,FM05_Oak,DE4,0.0
2030,FM05_Oak,DE5,0.0
2030,FM05_Oak,DE6,0.0
2030,FM05_Oak,DE7,0.0
2030,FM05_Oak,DE8,0.0
2030,FM05_Oak,DE9,0.0
2030,FM05_Oak,DEA,0.0
2030,FM05_Oak,DEB,0.0
2030,FM05_Oak,DEC,0.0
2030,FM05_Oak,DEE,0.0
2030,FM05_Oak,DED,0.0
2030,FM05_Oak,DEF,0.0
2030,FM05_Oak,DEG,0.0
2030,FM06_ScotPine,DE1,0.0
2030,FM06_ScotPine,DE2,0.0
2030,FM06_ScotPine,DE3,0.0
2030,FM06_ScotPine,DE4,0.0
2030,FM06_ScotPine,DE5,0.0
2030,FM06_ScotPine,DE6,0.0
2030,FM06_ScotPine,DE7,0.0
2030,FM06_ScotPine,DE8,0.0
2030,FM06_ScotPine,DE9,0.0
2030,FM06_ScotPine,DEA,0.0
2030,FM06_ScotPine,DEB,0.0
2030,FM06_ScotPine,DEC,0.0
2030,FM06_ScotPine,DEE,0.0
2030,FM06_ScotPine,DED,0.0
2030,FM06_ScotPine,DEF,0.0
2030,FM06_ScotPine,DEG,0.0
2030,PC_Rewetting,DE1,1163542.8054035364
2030,PC_Rewetting,DE2,5472263.893439763
2030,PC_Rewetting,DE3,16802.22759450823
2030,PC_Rewetting,DE4,6202209.38303784
2030,PC_Rewetting,DE5,157893.1879736549
2030,PC_Rewetting,DE6,76932.83483060318
2030,PC_Rewetting,DE7,181937.71346773364
2030,PC_Rewetting,DE8,27019829.631323896
2030,PC_Rewetting,DE9,16121311.714067077
2030,PC_Rewetting,DEA,1105927.5883470124
2030,PC_Rewetting,DEB,153720.9684044717
2030,PC_Rewetting,DEC,19194.62170585488
2030,PC_Rewetting,DEE,2027674.5937469038
2030,PC_Rewetting,DED,740074.5775695047
2030,PC_Rewetting,DEF,22249828.424933616
2030,PC_Rewetting,DEG,26504.446858568303
2031,FM01_PSA,DE1,0.0
2031,FM01_PSA,DE2,0.0
2031,FM01_PSA,DE3,0.0
2031,FM01_PSA,DE4,0.0
2031,FM01_PSA,DE5,0.0
2031,FM01_PSA,DE6,0.0
2031,FM01_PSA,DE7,0.0
2031,FM01_PSA,DE8,0.0
2031,FM01_PSA,DE9,0.0
2031,FM01_PSA,DEA,0.0
2031,FM01_PSA,DEB,0.0
2031,FM01_PSA,DEC,0.0
2031,FM01_PSA,DEE,0.0
2031,FM01_PSA,DED,0.0
2031,FM01_PSA,DEF,0.0
2031,FM01_PSA,DEG,0.0
2031,FM02_TSA,DE1,96915.02483530462
2031,FM02_TSA,DE2,95833.19468372826
2031,FM02_TSA,DE3,34.0294757079261
2031,FM02_TSA,DE4,6105.688049232674
2031,FM02_TSA,DE5,24.39738073321556
2031,FM02_TSA,DE6,125.3690103916758
2031,FM02_TSA,DE7,87416.17988190227
2031,FM02_TSA,DE8,18522.78367755183
2031,FM02_TSA,DE9,43736.52070482227
2031,FM02_TSA,DEA,53011.83173634798
2031,FM02_TSA,DEB,69558.06739033696
2031,FM02_TSA,DEC,8098.487401428767
2031,FM02_TSA,DEE,10527.27043916761
2031,FM02_TSA,DED,6616.33406268499
2031,FM02_TSA,DEF,12222.066092864608
2031,FM02_TSA,DEG,33450.936110633935
2031,FM03_Beech,DE1,0.0
2031,FM03_Beech,DE2,0.0
2031,FM03_Beech,DE3,0.0
2031,FM03_Beech,DE4,0.0
2031,FM03_Beech,DE5,0.0
2031,FM03_Beech,DE6,0.0
2031,FM03_Beech,DE7,0.0
2031,FM03_Beech,DE8,0.0
2031,FM03_Beech,DE9,0.0
2031,FM03_Beech,DEA,0.0
2031,FM03_Beech,DEB,0.0
2031,FM03_Beech,DEC,0.0
2031,FM03_Beech,DEE,0.0
2031,FM03_Beech,DED,0.0
2031,FM03_Beech,DEF,0.0
2031,FM03_Beech,DEG,0.0
2031,FM04_DouglasFir,DE1,0.0
2031,FM04_DouglasFir,DE2,0.0
2031,FM04_DouglasFir,DE3,0.0
2031,FM04_DouglasFir,DE4,0.0
2031,FM04_DouglasFir,DE5,0.0
2031,FM04_DouglasFir,DE6,0.0
2031,FM04_DouglasFir,DE7,0.0
2031,FM04_DouglasFir,DE8,0.0
2031,FM04_DouglasFir,DE9,0.0
2031,FM04_DouglasFir,DEA,0.0
2031,FM04_DouglasFir,DEB,0.0
2031,FM04_DouglasFir,DEC,0.0
2031,FM04_DouglasFir,DEE,0.0
2031,FM04_DouglasFir,DED,0.0
2031,FM04_DouglasFir,DEF,0.0
2031,FM04_DouglasFir,DEG,0.0
2031,FM05_Oak,DE1,0.0
2031,FM05_Oak,DE2,0.0
2031,FM05_Oak,DE3,0.0
2031,FM05_Oak,DE4,0.0
2031,FM05_Oak,DE5,0.0
2031,FM05_Oak,DE6,0.0
2031,FM05_Oak,DE7,0.0
2031,FM05_Oak,DE8,0.0
2031,FM05_Oak,DE9,0.0
2031,FM05_Oak,DEA,0.0
2031,FM05_Oak,DEB,0.0
2031,FM05_Oak,DEC,0.0
2031,FM05_Oak,DEE,0.0
2031,FM05_Oak,DED,0.0
2031,FM05_Oak,DEF,0.0
2031,FM05_Oak,DEG,0.0
2031,FM06_ScotPine,DE1,0.0
2031,FM06_ScotPine,DE2,0.0
2031,FM06_ScotPine,DE3,0.0
2031,FM06_ScotPine,DE4,0.0
2031,FM06_ScotPine,DE5,0.0
2031,FM06_ScotPine,DE6,0.0
2031,FM06_ScotPine,DE7,0.0
2031,FM06_ScotPine,DE8,0.0
2031,FM06_ScotPine,DE9,0.0
2031,FM06_ScotPine,DEA,0.0
2031,FM06_ScotPine,DEB,0.0
2031,FM06_ScotPine,DEC,0.0
2031,FM06_ScotPine,DEE,0.0
2031,FM06_ScotPine,DED,0.0
2031,FM06_ScotPine,DEF,0.0
2031,FM06_ScotPine,DEG,0.0
2031,PC_Rewetting,DE1,1437845.7674418914
2031,PC_Rewetting,DE2,6762339.50394167
2031,PC_Rewetting,DE3,20763.320196011402
2031,PC_Rewetting,DE4,7664368.228461086
2031,PC_Rewetting,DE5,195116.20112428107
2031,PC_Rewetting,DE6,95069.60158644519
2031,PC_Rewetting,DE7,224829.17691791296
2031,PC_Rewetting,DE8,29322205.748205088
2031,PC_Rewetting,DE9,19921879.716013998
2031,PC_Rewetting,DEA,1366647.874592356
2031,PC_Rewetting,DEB,189960.38887523563
2031,PC_Rewetting,DEC,23719.71658390336
2031,PC_Rewetting,DEE,2505694.95065315
2031,PC_Rewetting,DED,914545.7253552488
2031,PC_Rewetting,DEF,23781167.046646975
2031,PC_Rewetting,DEG,32752.818853762772
2032,FM01_PSA,DE1,0.0
2032,FM01_PSA,DE2,0.0
2032,FM01_PSA,DE3,0.0
2032,FM01_PSA,DE4,0.0
2032,FM01_PSA,DE5,0.0
2032,FM01_PSA,DE6,0.0
2032,FM01_PSA,DE7,0.0
2032,FM01_PSA,DE8,0.0
2032,FM01_PSA,DE9,0.0
2032,FM01_PSA,DEA,0.0
2032,FM01_PSA,DEB,0.0
2032,FM01_PSA,DEC,0.0
2032,FM01_PSA,DEE,0.0
2032,FM01_PSA,DED,0.0
2032,FM01_PSA,DEF,0.0
2032,FM01_PSA,DEG,0.0
2032,FM02_TSA,DE1,107898.6034660168
2032,FM02_TSA,DE2,106694.16728348593
2032,FM02_TSA,DE3,37.88610601715922
2032,FM02_TSA,DE4,6797.658204503345
2032,FM02_TSA,DE5,27.162385954254084
2032,FM02_TSA,DE6,139.57733759204115
2032,FM02_TSA,DE7,97323.23492275894
2032,FM02_TSA,DE8,20622.008759811215
2032,FM02_TSA,DE9,48693.270342059026
2032,FM02_TSA,DEA,59019.771405390435
2032,FM02_TSA,DEB,77441.22589832335
2032,FM02_TSA,DEC,9016.305596436046
2032,FM02_TSA,DEE,11720.347599616816
2032,FM02_TSA,DED,7366.176778487372
2032,FM02_TSA,DEF,13607.217922406702
2032,FM02_TSA,DEG,37241.999340163595
2032,FM03_Beech,DE1,0.0
2032,FM03_Beech,DE2,0.0
2032,FM03_Beech,DE3,0.0
2032,FM03_Beech,DE4,0.0
2032,FM03_Beech,DE5,0.0
2032,FM03_Beech,DE6,0.0
2032,FM03_Beech,DE7,0.0
2032,FM03_Beech,DE8,0.0
2032,FM03_Beech,DE9,0.0
2032,FM03_Beech,DEA,0.0
2032,FM03_Beech,DEB,0.0
2032,FM03_Beech,DEC,0.0
2032,FM03_Beech,DEE,0.0
2032,FM03_Beech,DED,0.0
2032,FM03_Beech,DEF,0.0
2032,FM03_Beech,DEG,0.0
2032,FM04_DouglasFir,DE1,0.0
2032,FM04_DouglasFir,DE2,0.0
2032,FM04_DouglasFir,DE3,0.0
2032,FM04_DouglasFir,DE4,0.0
2032,FM04_DouglasFir,DE5,0.0
2032,FM04_DouglasFir,DE6,0.0
2032,FM04_DouglasFir,DE7,0.0
2032,FM04_DouglasFir,DE8,0.0
2032,FM04_DouglasFir,DE9,0.0
2032,FM04_DouglasFir,DEA,0.0
2032,FM04_DouglasFir,DEB,0.0
2032,FM04_DouglasFir,DEC,0.0
2032,FM04_DouglasFir,DEE,0.0
2032,FM04_DouglasFir,DED,0.0
2032,FM04_DouglasFir,DEF,0.0
2032,FM04_DouglasFir,DEG,0.0
2032,FM05_Oak,DE1,0.0
2032,FM05_Oak,DE2,0.0
2032,FM05_Oak,DE3,0.0
2032,FM05_Oak,DE4,0.0
2032,FM05_Oak,DE5,0.0
2032,FM05_Oak,DE6,0.0
2032,FM05_Oak,DE7,0.0
2032,FM05_Oak,DE8,0.0
2032,FM05_Oak,DE9,0.0
2032,FM05_Oak,DEA,0.0
2032,FM05_Oak,DEB,0.0
2032,FM05_Oak,DEC,0.0
2032,FM05_Oak,DEE,0.0
2032,FM05_Oak,DED,0.0
2032,FM05_Oak,DEF,0.0
2032,FM05_Oak,DEG,0.0
2032,FM06_ScotPine,DE1,0.0
2032,FM06_ScotPine,DE2,0.0
2032,FM06_ScotPine,DE3,0.0
2032,FM06_ScotPine,DE4,0.0
2032,FM06_ScotPine,DE5,0.0
2032,FM06_ScotPine,DE6,0.0
2032,FM06_ScotPine,DE7,0.0
2032,FM06_ScotPine,DE8,0.0
2032,FM06_ScotPine,DE9,0.0
2032,FM06_ScotPine,DEA,0.0
2032,FM06_ScotPine,DEB,0.0
2032,FM06_ScotPine,DEC,0.0
2032,FM06_ScotPine,DEE,0.0
2032,FM06_ScotPine,DED,0.0
2032,FM06_ScotPine,DEF,0.0
2032,FM06_ScotPine,DEG,0.0
2032,PC_Rewetting,DE1,1749009.7900092397
2032,PC_Rewetting,DE2,8225776.549596579
2032,PC_Rewetting,DE3,25256.70772083567
2032,PC_Rewetting,DE4,9323013.197488833
2032,PC_Rewetting,DE5,237341.2737883036
2032,PC_Rewetting,DE6,115643.60216659361
2032,PC_Rewetting,DE7,273484.43095447717
2032,PC_Rewetting,DE8,31843330.85903763
2032,PC_Rewetting,DE9,24233171.211879045
2032,PC_Rewetting,DEA,1662403.9700794616
2032,PC_Rewetting,DEB,231069.69285575792
2032,PC_Rewetting,DEC,28852.89748100058
2032,PC_Rewetting,DEE,3047952.0813042913
2032,PC_Rewetting,DED,1112462.4513123068
2032,PC_Rewetting,DEF,25435519.506474417
2032,PC_Rewetting,DEG,39840.85228247222
2033,FM01_PSA,DE1,0.0
2033,FM01_PSA,DE2,0.0
2033,FM01_PSA,DE3,0.0
2033,FM01_PSA,DE4,0.0
2033,FM01_PSA,DE5,0.0
2033,FM01_PSA,DE6,0.0
2033,FM01_PSA,DE7,0.0
2033,FM01_PSA,DE8,0.0
2033,FM01_PSA,DE9,0.0
2033,FM01_PSA,DEA,0.0
2033,FM01_PSA,DEB,0.0
2033,FM01_PSA,DEC,0.0
2033,FM01_PSA,DEE,0.0
2033,FM01_PSA,DED,0.0
2033,FM01_PSA,DEF,0.0
2033,FM01_PSA,DEG,0.0
2033,FM02_TSA,DE1,119259.82494559337
2033,FM02_TSA,DE2,117928.56723073323
2033,FM02_TSA,DE3,41.87533690275851
2033,FM02_TSA,DE4,7513.420020903009
2033,FM02_TSA,DE5,30.02245895637792
2033,FM02_TSA,DE6,154.2741825462231
2033,FM02_TSA,DE7,107570.9192444061
2033,FM02_TSA,DE8,22793.410440165444
2033,FM02_TSA,DE9,53820.44540410946
2033,FM02_TSA,DEA,65234.279036360924
2033,FM02_TSA,DEB,85595.42707255707
2033,FM02_TSA,DEC,9965.680671906031
2033,FM02_TSA,DEE,12954.445730820236
2033,FM02_TSA,DED,8141.800958502519
2033,FM02_TSA,DEF,15039.994729254036
2033,FM02_TSA,DEG,41163.408786200634
2033,FM03_Beech,DE1,0.0
2033,FM03_Beech,DE2,0.0
2033,FM03_Beech,DE3,0.0
2033,FM03_Beech,DE4,0.0
2033,FM03_Beech,DE5,0.0
2033,FM03_Beech,DE6,0.0
2033,FM03_Beech,DE7,0.0
2033,FM03_Beech,DE8,0.0
2033,FM03_Beech,DE9,0.0
2033,FM03_Beech,DEA,0.0
2033,FM03_Beech,DEB,0.0
2033,FM03_Beech,DEC,0.0
2033,FM03_Beech,DEE,0.0
2033,FM03_Beech,DED,0.0
2033,FM03_Beech,DEF,0.0
2033,FM03_Beech,DEG,0.0
2033,FM04_DouglasFir,DE1,0.0
2033,FM04_DouglasFir,DE2,0.0
2033,FM04_DouglasFir,DE3,0.0
2033,FM04_DouglasFir,DE4,0.0
2033,FM04_DouglasFir,DE5,0.0
2033,FM04_DouglasFir,DE6,0.0
2033,FM04_DouglasFir,DE7,0.0
2033,FM04_DouglasFir,DE8,0.0
2033,FM04_DouglasFir,DE9,0.0
2033,FM04_DouglasFir,DEA,0.0
2033,FM04_DouglasFir,DEB,0.0
2033,FM04_DouglasFir,DEC,0.0
2033,FM04_DouglasFir,DEE,0.0
2033,FM04_DouglasFir,DED,0.0
2033,FM04_DouglasFir,DEF,0.0
2033,FM04_DouglasFir,DEG,0.0
2033,FM05_Oak,DE1,0.0
2033,FM05_Oak,DE2,0.0
2033,FM05_Oak,DE3,0.0
2033,FM05_Oak,DE4,0.0
2033,FM05_Oak,DE5,0.0
2033,FM05_Oak,DE6,0.0
2033,FM05_Oak,DE7,0.0
2033,FM05_Oak,DE8,0.0
2033,FM05_Oak,DE9,0.0
2033,FM05_Oak,DEA,0.0
2033,FM05_Oak,DEB,0.0
2033,FM05_Oak,DEC,0.0
2033,FM05_Oak,DEE,0.0
2033,FM05_Oak,DED,0.0
2033,FM05_Oak,DEF,0.0
2033,FM05_Oak,DEG,0.0
2033,FM06_ScotPine,DE1,0.0
2033,FM06_ScotPine,DE2,0.0
2033,FM06_ScotPine,DE3,0.0
2033,FM06_ScotPine,DE4,0.0
2033,FM06_ScotPine,DE5,0.0
2033,FM06_ScotPine,DE6,0.0
2033,FM06_ScotPine,DE7,0.0
2033,FM06_ScotPine,DE8,0.0
2033,FM06_ScotPine,DE9,0.0
2033,FM06_ScotPine,DEA,0.0
2033,FM06_ScotPine,DEB,0.0
2033,FM06_ScotPine,DEC,0.0
2033,FM06_ScotPine,DEE,0.0
2033,FM06_ScotPine,DED,0.0
2033,FM06_ScotPine,DEF,0.0
2033,FM06_ScotPine,DEG,0.0
2033,PC_Rewetting,DE1,2099070.652715193
2033,PC_Rewetting,DE2,9872149.515503744
2033,PC_Rewetting,DE3,30311.787997899835
2033,PC_Rewetting,DE4,11188995.916153139
2033,PC_Rewetting,DE5,284844.66200983233
2033,PC_Rewetting,DE6,138789.44124199866
2033,PC_Rewetting,DE7,328221.8008556857
2033,PC_Rewetting,DE8,34595286.13389961
2033,PC_Rewetting,DE9,29083392.673753556
2033,PC_Rewetting,DEA,1995130.8486001035
2033,PC_Rewetting,DEB,277317.8365130092
2033,PC_Rewetting,DEC,34627.74805156949
2033,PC_Rewetting,DEE,3657993.683794206
2033,PC_Rewetting,DED,1335119.6186185621
2033,PC_Rewetting,DEF,27219679.669262446
2033,PC_Rewetting,DEG,47814.92035265094
2034,FM01_PSA,DE1,0.0
2034,FM01_PSA,DE2,0.0
2034,FM01_PSA,DE3,0.0
2034,FM01_PSA,DE4,0.0
2034,FM01_PSA,DE5,0.0
2034,FM01_PSA,DE6,0.0
2034,FM01_PSA,DE7,0.0
2034,FM01_PSA,DE8,0.0
2034,FM01_PSA,DE9,0.0
2034,FM01_PSA,DEA,0.0
2034,FM01_PSA,DEB,0.0
2034,FM01_PSA,DEC,0.0
2034,FM01_PSA,DEE,0.0
2034,FM01_PSA,DED,0.0
2034,FM01_PSA,DEF,0.0
2034,FM01_PSA,DEG,0.0
2034,FM02_TSA,DE1,131002.25601502215
2034,FM02_TSA,DE2,129539.92145211599
2034,FM02_TSA,DE3,45.99842074355798
2034,FM02_TSA,DE4,8253.198204640648
2034,FM02_TSA,DE5,32.97849763068296
2034,FM02_TSA,DE6,169.46415918058372
2034,FM02_TSA,DE7,118162.45000406285
2034,FM02_TSA,DE8,25037.670408289196
2034,FM02_TSA,DE9,59119.65551591385
2034,FM02_TSA,DEA,71657.30561130188
2034,FM02_TSA,DEB,94023.23084232069
2034,FM02_TSA,DEC,10946.91067457609
2034,FM02_TSA,DEE,14229.952265449218
2034,FM02_TSA,DED,8943.450102125194
2034,FM02_TSA,DEF,16520.84631924594
2034,FM02_TSA,DEG,45216.395535721604
2034,FM03_Beech,DE1,0.0
2034,FM03_Beech,DE2,0.0
2034,FM03_Beech,DE3,0.0
2034,FM03_Beech,DE4,0.0
2034,FM03_Beech,DE5,0.0
2034,FM03_Beech,DE6,0.0
2034,FM03_Beech,DE7,0.0
2034,FM03_Beech,DE8,0.0
2034,FM03_Beech,DE9,0.0
2034,FM03_Beech,DEA,0.0
2034,FM03_Beech,DEB,0.0
2034,FM03_Beech,DEC,0.0
2034,FM03_Beech,DEE,0.0
2034,FM03_Beech,DED,0.0
2034,FM03_Beech,DEF,0.0
2034,FM03_Beech,DEG,0.0
2034,FM04_DouglasFir,DE1,0.0
2034,FM04_DouglasFir,DE2,0.0
2034,FM04_DouglasFir,DE3,0.0
2034,FM04_DouglasFir,DE4,0.0
2034,FM04_DouglasFir,DE5,0.0
2034,FM04_DouglasFir,DE6,0.0
2034,FM04_DouglasFir,DE7,0.0
2034,FM04_DouglasFir,DE8,0.0
2034,FM04_DouglasFir,DE9,0.0
2034,FM04_DouglasFir,DEA,0.0
2034,FM04_DouglasFir,DEB,0.0
2034,FM04_DouglasFir,DEC,0.0
2034,FM04_DouglasFir,DEE,0.0
2034,FM04_DouglasFir,DED,0.0
2034,FM04_DouglasFir,DEF,0.0
2034,FM04_DouglasFir,DEG,0.0
2034,FM05_Oak,DE1,0.0
2034,FM05_Oak,DE2,0.0
2034,FM05_Oak,DE3,0.0
2034,FM05_Oak,DE4,0.0
2034,FM05_Oak,DE5,0.0
2034,FM05_Oak,DE6,0.0
2034,FM05_Oak,DE7,0.0
2034,FM05_Oak,DE8,0.0
2034,FM05_Oak,DE9,0.0
2034,FM05_Oak,DEA,0.0
2034,FM05_Oak,DEB,0.0
2034,FM05_Oak,DEC,0.0
2034,FM05_Oak,DEE,0.0
2034,FM05_Oak,DED,0.0
2034,FM05_Oak,DEF,0.0
2034,FM05_Oak,DEG,0.0
2034,FM06_ScotPine,DE1,0.0
2034,FM06_ScotPine,DE2,0.0
2034,FM06_ScotPine,DE3,0.0
2034,FM06_ScotPine,DE4,0.0
2034,FM06_ScotPine,DE5,0.0
2034,FM06_ScotPine,DE6,0.0
2034,FM06_ScotPine,DE7,0.0
2034,FM06_ScotPine,DE8,0.0
2034,FM06_ScotPine,DE9,0.0
2034,FM06_ScotPine,DEA,0.0
2034,FM06_ScotPine,DEB,0.0
2034,FM06_ScotPine,DEC,0.0
2034,FM06_ScotPine,DEE,0.0
2034,FM06_ScotPine,DED,0.0
2034,FM06_ScotPine,DEF,0.0
2034,FM06_ScotPine,DEG,0.0
2034,PC_Rewetting,DE1,2490064.1351693626
2034,PC_Rewetting,DE2,11711032.886762414
2034,PC_Rewetting,DE3,35957.9588561227
2034,PC_Rewetting,DE4,13273168.010486063
2034,PC_Rewetting,DE5,337902.6218329773
2034,PC_Rewetting,DE6,164641.72348361046
2034,PC_Rewetting,DE7,389359.6118997984
2034,PC_Rewetting,DE8,37590152.74286912
2034,PC_Rewetting,DE9,34500750.573728874
2034,PC_Rewetting,DEA,2366763.4839460566
2034,PC_Rewetting,DEB,328973.7760139602
2034,PC_Rewetting,DEC,41077.85195003308
2034,PC_Rewetting,DEE,4339367.456216775
2034,PC_Rewetting,DED,1583812.090451898
2034,PC_Rewetting,DEF,29140441.399857566
2034,PC_Rewetting,DEG,56721.396272253245
2035,FM01_PSA,DE1,0.0
2035,FM01_PSA,DE2,0.0
2035,FM01_PSA,DE3,0.0
2035,FM01_PSA,DE4,0.0
2035,FM01_PSA,DE5,0.0
2035,FM01_PSA,DE6,0.0
2035,FM01_PSA,DE7,0.0
2035,FM01_PSA,DE8,0.0
2035,FM01_PSA,DE9,0.0
2035,FM01_PSA,DEA,0.0
2035,FM01_PSA,DEB,0.0
2035,FM01_PSA,DEC,0.0
2035,FM01_PSA,DEE,0.0
2035,FM01_PSA,DED,0.0
2035,FM01_PSA,DEF,0.0
2035,FM01_PSA,DEG,0.0
2035,FM02_TSA,DE1,143129.463415291
2035,FM02_TSA,DE2,141531.75687428005
2035,FM02_TSA,DE3,50.256609918391646
2035,FM02_TSA,DE4,9017.217461925242
2035,FM02_TSA,DE5,36.03139986826508
2035,FM02_TSA,DE6,185.15188142148506
2035,FM02_TSA,DE7,129101.04435894822
2035,FM02_TSA,DE8,27355.47035385715
2035,FM02_TSA,DE9,64592.510302412506
2035,FM02_TSA,DEA,78290.8021122557
2035,FM02_TSA,DEB,102727.19713689676
2035,FM02_TSA,DEC,11960.293651183592
2035,FM02_TSA,DEE,15547.254636175105
2035,FM02_TSA,DED,9771.367708750158
2035,FM02_TSA,DEF,18050.222498221738
2035,FM02_TSA,DEG,49402.19067570306
2035,FM03_Beech,DE1,0.0
2035,FM03_Beech,DE2,0.0
2035,FM03_Beech,DE3,0.0
2035,FM03_Beech,DE4,0.0
2035,FM03_Beech,DE5,0.0
2035,FM03_Beech,DE6,0.0
2035,FM03_Beech,DE7,0.0
2035,FM03_Beech,DE8,0.0
2035,FM03_Beech,DE9,0.0
2035,FM03_Beech,DEA,0.0
2035,FM03_Beech,DEB,0.0
2035,FM03_Beech,DEC,0.0
2035,FM03_Beech,DEE,0.0
2035,FM03_Beech,DED,0.0
2035,FM03_Beech,DEF,0.0
2035,FM03_Beech,DEG,0.0
2035,FM04_DouglasFir,DE1,0.0
2035,FM04_DouglasFir,DE2,0.0
2035,FM04_DouglasFir,DE3,0.0
2035,FM04_DouglasFir,DE4,0.0
2035,FM04_DouglasFir,DE5,0.0
2035,FM04_DouglasFir,DE6,0.0
2035,FM04_DouglasFir,DE7,0.0
2035,FM04_DouglasFir,DE8,0.0
2035,FM04_DouglasFir,DE9,0.0
2035,FM04_DouglasFir,DEA,0.0
2035,FM04_DouglasFir,DEB,0.0
2035,FM04_DouglasFir,DEC,0.0
2035,FM04_DouglasFir,DEE,0.0
2035,FM04_DouglasFir,DED,0.0
2035,FM04_DouglasFir,DEF,0.0
2035,FM04_DouglasFir,DEG,0.0
2035,FM05_Oak,DE1,0.0
2035,FM05_Oak,DE2,0.0
2035,FM05_Oak,DE3,0.0
2035,FM05_Oak,DE4,0.0
2035,FM05_Oak,DE5,0.0
2035,FM05_Oak,DE6,0.0
2035,FM05_Oak,DE7,0.0
2035,FM05_Oak,DE8,0.0
2035,FM05_Oak,DE9,0.0
2035,FM05_Oak,DEA,0.0
2035,FM05_Oak,DEB,0.0
2035,FM05_Oak,DEC,0.0
2035,FM05_Oak,DEE,0.0
2035,FM05_Oak,DED,0.0
2035,FM05_Oak,DEF,0.0
2035,FM05_Oak,DEG,0.0
2035,FM06_ScotPine,DE1,0.0
2035,FM06_ScotPine,DE2,0.0
2035,FM06_ScotPine,DE3,0.0
2035,FM06_ScotPine,DE4,0.0
2035,FM06_ScotPine,DE5,0.0
2035,FM06_ScotPine,DE6,0.0
2035,FM06_ScotPine,DE7,0.0
2035,FM06_ScotPine,DE8,0.0
2035,FM06_ScotPine,DE9,0.0
2035,FM06_ScotPine,DEA,0.0
2035,FM06_ScotPine,DEB,0.0
2035,FM06_ScotPine,DEC,0.0
2035,FM06_ScotPine,DEE,0.0
2035,FM06_ScotPine,DED,0.0
2035,FM06_ScotPine,DEF,0.0
2035,FM06_ScotPine,DEG,0.0
2035,PC_Rewetting,DE1,2924026.0169813614
2035,PC_Rewetting,DE2,13752001.148471849
2035,PC_Rewetting,DE3,42224.618124423076
2035,PC_Rewetting,DE4,15586381.106519664
2035,PC_Rewetting,DE5,396791.40930184844
2035,PC_Rewetting,DE6,193335.05356237918
2035,PC_Rewetting,DE7,457216.1893650747
2035,PC_Rewetting,DE8,40840011.85602421
2035,PC_Rewetting,DE9,40513451.383896336
2035,PC_Rewetting,DEA,2779236.8499090965
2035,PC_Rewetting,DEB,386306.4675255814
2035,PC_Rewetting,DEC,48236.79283081427
2035,PC_Rewetting,DEE,5095621.096665878
2035,PC_Rewetting,DED,1859834.7299901976
2035,PC_Rewetting,DEF,31204598.563106276
2035,PC_Rewetting,DEG,66606.65324923344
2036,FM01_PSA,DE1,0.0
2036,FM01_PSA,DE2,0.0
2036,FM01_PSA,DE3,0.0
2036,FM01_PSA,DE4,0.0
2036,FM01_PSA,DE5,0.0
2036,FM01_PSA,DE6,0.0
2036,FM01_PSA,DE7,0.0
2036,FM01_PSA,DE8,0.0
2036,FM01_PSA,DE9,0.0
2036,FM01_PSA,DEA,0.0
2036,FM01_PSA,DEB,0.0
2036,FM01_PSA,DEC,0.0
2036,FM01_PSA,DEE,0.0
2036,FM01_PSA,DED,0.0
2036,FM01_PSA,DEF,0.0
2036,FM01_PSA,DEG,0.0
2036,FM02_TSA,DE1,155645.01388738773
2036,FM02_TSA,DE2,153907.6004238712
2036,FM02_TSA,DE3,54.651156806093525
2036,FM02_TSA,DE4,9805.702498965775
2036,FM02_TSA,DE5,39.182063560220165
2036,FM02_TSA,DE6,201.34196319528917
2036,FM02_TSA,DE7,140389.91946628125
2036,FM02_TSA,DE8,29747.491966543977
2036,FM02_TSA,DE9,70240.61938854567
2036,FM02_TSA,DEA,85136.71952126481
2036,FM02_TSA,DEB,111709.88588556781
2036,FM02_TSA,DEC,13006.127648465903
2036,FM02_TSA,DEE,16906.74027566924
2036,FM02_TSA,DED,10625.797277772168
2036,FM02_TSA,DEF,19628.57307202075
2036,FM02_TSA,DEG,53722.025293121544
2036,FM03_Beech,DE1,0.0
2036,FM03_Beech,DE2,0.0
2036,FM03_Beech,DE3,0.0
2036,FM03_Beech,DE4,0.0
2036,FM03_Beech,DE5,0.0
2036,FM03_Beech,DE6,0.0
2036,FM03_Beech,DE7,0.0
2036,FM03_Beech,DE8,0.0
2036,FM03_Beech,DE9,0.0
2036,FM03_Beech,DEA,0.0
2036,FM03_Beech,DEB,0.0
2036,FM03_Beech,DEC,0.0
2036,FM03_Beech,DEE,0.0
2036,FM03_Beech,DED,0.0
2036,FM03_Beech,DEF,0.0
2036,FM03_Beech,DEG,0.0
2036,FM04_DouglasFir,DE1,0.0
2036,FM04_DouglasFir,DE2,0.0
2036,FM04_DouglasFir,DE3,0.0
2036,FM04_DouglasFir,DE4,0.0
2036,FM04_DouglasFir,DE5,0.0
2036,FM04_DouglasFir,DE6,0.0
2036,FM04_DouglasFir,DE7,0.0
2036,FM04_DouglasFir,DE8,0.0
2036,FM04_DouglasFir,DE9,0.0
2036,FM04_DouglasFir,DEA,0.0
2036,FM04_DouglasFir,DEB,0.0
2036,FM04_DouglasFir,DEC,0.0
2036,FM04_DouglasFir,DEE,0.0
2036,FM04_DouglasFir,DED,0.0
2036,FM04_DouglasFir,DEF,0.0
2036,FM04_DouglasFir,DEG,0.0
2036,FM05_Oak,DE1,0.0
2036,FM05_Oak,DE2,0.0
2036,FM05_Oak,DE3,0.0
2036,FM05_Oak,DE4,0.0
2036,FM05_Oak,DE5,0.0
2036,FM05_Oak,DE6,0.0
2036,FM05_Oak,DE7,0.0
2036,FM05_Oak,DE8,0.0
2036,FM05_Oak,DE9,0.0
2036,FM05_Oak,DEA,0.0
2036,FM05_Oak,DEB,0.0
2036,FM05_Oak,DEC,0.0
2036,FM05_Oak,DEE,0.0
2036,FM05_Oak,DED,0.0
2036,FM05_Oak,DEF,0.0
2036,FM05_Oak,DEG,0.0
2036,FM06_ScotPine,DE1,0.0
2036,FM06_ScotPine,DE2,0.0
2036,FM06_ScotPine,DE3,0.0
2036,FM06_ScotPine,DE4,0.0
2036,FM06_ScotPine,DE5,0.0
2036,FM06_ScotPine,DE6,0.0
2036,FM06_ScotPine,DE7,0.0
2036,FM06_ScotPine,DE8,0.0
2036,FM06_ScotPine,DE9,0.0
2036,FM06_ScotPine,DEA,0.0
2036,FM06_ScotPine,DEB,0.0
2036,FM06_ScotPine,DEC,0.0
2036,FM06_ScotPine,DEE,0.0
2036,FM06_ScotPine,DED,0.0
2036,FM06_ScotPine,DEF,0.0
2036,FM06_ScotPine,DEG,0.0
2036,PC_Rewetting,DE1,3402992.077760801
2036,PC_Rewetting,DE2,16004628.785731303
2036,PC_Rewetting,DE3,49141.163631719755
2036,PC_Rewetting,DE4,18139486.830286004
2036,PC_Rewetting,DE5,461787.28046055575
2036,PC_Rewetting,DE6,225004.03614925506
2036,PC_Rewetting,DE7,532109.8585297742
2036,PC_Rewetting,DE8,44356944.64344301
2036,PC_Rewetting,DE9,47149701.5763473
2036,PC_Rewetting,DEA,3234485.9202809986
2036,PC_Rewetting,DEB,449584.8672148438
2036,PC_Rewetting,DEC,56138.154348336066
2036,PC_Rewetting,DEE,5930302.303235397
2036,PC_Rewetting,DED,2164482.400411345
2036,PC_Rewetting,DEF,33418945.02385509
2036,PC_Rewetting,DEG,77517.06449154585
2037,FM01_PSA,DE1,0.0
2037,FM01_PSA,DE2,0.0
2037,FM01_PSA,DE3,0.0
2037,FM01_PSA,DE4,0.0
2037,FM01_PSA,DE5,0.0
2037,FM01_PSA,DE6,0.0
2037,FM01_PSA,DE7,0.0
2037,FM01_PSA,DE8,0.0
2037,FM01_PSA,DE9,0.0
2037,FM01_PSA,DEA,0.0
2037,FM01_PSA,DEB,0.0
2037,FM01_PSA,DEC,0.0
2037,FM01_PSA,DEE,0.0
2037,FM01_PSA,DED,0.0
2037,FM01_PSA,DEF,0.0
2037,FM01_PSA,DEG,0.0
2037,FM02_TSA,DE1,168552.47417230016
2037,FM02_TSA,DE2,166670.97902753536
2037,FM02_TSA,DE3,59.183313785497646
2037,FM02_TSA,DE4,10618.878021971228
2037,FM02_TSA,DE5,42.4313865976441
2037,FM02_TSA,DE6,218.03901842835816
2037,FM02_TSA,DE7,152032.29248328105
2037,FM02_TSA,DE8,32214.41693602437
2037,FM02_TSA,DE9,76065.59239925368
2037,FM02_TSA,DEA,92197.00882037164
2037,FM02_TSA,DEB,120973.85701761645
2037,FM02_TSA,DEC,14084.710713160395
2037,FM02_TSA,DEE,18308.79661660297
2037,FM02_TSA,DED,11506.982308585988
2037,FM02_TSA,DEF,21256.347846482317
2037,FM02_TSA,DEG,58177.13047495363
2037,FM03_Beech,DE1,0.0
2037,FM03_Beech,DE2,0.0
2037,FM03_Beech,DE3,0.0
2037,FM03_Beech,DE4,0.0
2037,FM03_Beech,DE5,0.0
2037,FM03_Beech,DE6,0.0
2037,FM03_Beech,DE7,0.0
2037,FM03_Beech,DE8,0.0
2037,FM03_Beech,DE9,0.0
2037,FM03_Beech,DEA,0.0
2037,FM03_Beech,DEB,0.0
2037,FM03_Beech,DEC,0.0
2037,FM03_Beech,DEE,0.0
2037,FM03_Beech,DED,0.0
2037,FM03_Beech,DEF,0.0
2037,FM03_Beech,DEG,0.0
2037,FM04_DouglasFir,DE1,0.0
2037,FM04_DouglasFir,DE2,0.0
2037,FM04_DouglasFir,DE3,0.0
2037,FM04_DouglasFir,DE4,0.0
2037,FM04_DouglasFir,DE5,0.0
2037,FM04_DouglasFir,DE6,0.0
2037,FM04_DouglasFir,DE7,0.0
2037,FM04_DouglasFir,DE8,0.0
2037,FM04_DouglasFir,DE9,0.0
2037,FM04_DouglasFir,DEA,0.0
2037,FM04_DouglasFir,DEB,0.0
2037,FM04_DouglasFir,DEC,0.0
2037,FM04_DouglasFir,DEE,0.0
2037,FM04_DouglasFir,DED,0.0
2037,FM04_DouglasFir,DEF,0.0
2037,FM04_DouglasFir,DEG,0.0
2037,FM05_Oak,DE1,0.0
2037,FM05_Oak,DE2,0.0
2037,FM05_Oak,DE3,0.0
2037,FM05_Oak,DE4,0.0
2037,FM05_Oak,DE5,0.0
2037,FM05_Oak,DE6,0.0
2037,FM05_Oak,DE7,0.0
2037,FM05_Oak,DE8,0.0
2037,FM05_Oak,DE9,0.0
2037,FM05_Oak,DEA,0.0
2037,FM05_Oak,DEB,0.0
2037,FM05_Oak,DEC,0.0
2037,FM05_Oak,DEE,0.0
2037,FM05_Oak,DED,0.0
2037,FM05_Oak,DEF,0.0
2037,FM05_Oak,DEG,0.0
2037,FM06_ScotPine,DE1,0.0
2037,FM06_ScotPine,DE2,0.0
2037,FM06_ScotPine,DE3,0.0
2037,FM06_ScotPine,DE4,0.0
2037,FM06_ScotPine,DE5,0.0
2037,FM06_ScotPine,DE6,0.0
2037,FM06_ScotPine,DE7,0.0
2037,FM06_ScotPine,DE8,0.0
2037,FM06_ScotPine,DE9,0.0
2037,FM06_ScotPine,DEA,0.0
2037,FM06_ScotPine,DEB,0.0
2037,FM06_ScotPine,DEC,0.0
2037,FM06_ScotPine,DEE,0.0
2037,FM06_ScotPine,DED,0.0
2037,FM06_ScotPine,DEF,0.0
2037,FM06_ScotPine,DEG,0.0
2037,PC_Rewetting,DE1,3497995.1262093545
2037,PC_Rewetting,DE2,16451438.090363137
2037,PC_Rewetting,DE3,50513.06231459724
2037,PC_Rewetting,DE4,18645896.04511542
2037,PC_Rewetting,DE5,474679.22918568697
2037,PC_Rewetting,DE6,231285.58746026293
2037,PC_Rewetting,DE7,546965.0381818882
2037,PC_Rewetting,DE8,45595279.868649796
2037,PC_Rewetting,DE9,48466003.607276514
2037,PC_Rewetting,DEA,3324784.697230493
2037,PC_Rewetting,DEB,462136.1550068075
2037,PC_Rewetting,DEC,57705.39155474082
2037,PC_Rewetting,DEE,6095861.547616465
2037,PC_Rewetting,DED,2224909.3487125672
2037,PC_Rewetting,DEF,34351918.58966191
2037,PC_Rewetting,DEG,79681.14752941346
2038,FM01_PSA,DE1,0.0
2038,FM01_PSA,DE2,0.0
2038,FM01_PSA,DE3,0.0
2038,FM01_PSA,DE4,0.0
2038,FM01_PSA,DE5,0.0
2038,FM01_PSA,DE6,0.0
2038,FM01_PSA,DE7,0.0
2038,FM01_PSA,DE8,0.0
2038,FM01_PSA,DE9,0.0
2038,FM01_PSA,DEA,0.0
2038,FM01_PSA,DEB,0.0
2038,FM01_PSA,DEC,0.0
2038,FM01_PSA,DEE,0.0
2038,FM01_PSA,DED,0.0
2038,FM01_PSA,DEF,0.0
2038,FM01_PSA,DEG,0.0
2038,FM02_TSA,DE1,181855.41101101614
2038,FM02_TSA,DE2,179825.41961191827
2038,FM02_TSA,DE3,63.85433323543801
2038,FM02_TSA,DE4,11456.968737150582
2038,FM02_TSA,DE5,45.78026687163276
2038,FM02_TSA,DE6,235.247661047054
2038,FM02_TSA,DE7,164031.38056716663
2038,FM02_TSA,DE8,34756.92695197299
2038,FM02_TSA,DE9,82069.03895947676
2038,FM02_TSA,DEA,99473.62099161858
2038,FM02_TSA,DEB,130521.6704623252
2038,FM02_TSA,DEC,15196.340892004433
2038,FM02_TSA,DEE,19753.811091647636
2038,FM02_TSA,DED,12415.166300586374
2038,FM02_TSA,DEF,22933.99662744576
2038,FM02_TSA,DEG,62768.737308175856
2038,FM03_Beech,DE1,0.0
2038,FM03_Beech,DE2,0.0
2038,FM03_Beech,DE3,0.0
2038,FM03_Beech,DE4,0.0
2038,FM03_Beech,DE5,0.0
2038,FM03_Beech,DE6,0.0
2038,FM03_Beech,DE7,0.0
2038,FM03_Beech,DE8,0.0
2038,FM03_Beech,DE9,0.0
2038,FM03_Beech,DEA,0.0
2038,FM03_Beech,DEB,0.0
2038,FM03_Beech,DEC,0.0
2038,FM03_Beech,DEE,0.0
2038,FM03_Beech,DED,0.0
2038,FM03_Beech,DEF,0.0
2038,FM03_Beech,DEG,0.0
2038,FM04_DouglasFir,DE1,0.0
2038,FM04_DouglasFir,DE2,0.0
2038,FM04_DouglasFir,DE3,0.0
2038,FM04_DouglasFir,DE4,0.0
2038,FM04_DouglasFir,DE5,0.0
2038,FM04_DouglasFir,DE6,0.0
2038,FM04_DouglasFir,DE7,0.0
2038,FM04_DouglasFir,DE8,0.0
2038,FM04_DouglasFir,DE9,0.0
2038,FM04_DouglasFir,DEA,0.0
2038,FM04_DouglasFir,DEB,0.0
2038,FM04_DouglasFir,DEC,0.0
2038,FM04_DouglasFir,DEE,0.0
2038,FM04_DouglasFir,DED,0.0
2038,FM04_DouglasFir,DEF,0.0
2038,FM04_DouglasFir,DEG,0.0
2038,FM05_Oak,DE1,0.0
2038,FM05_Oak,DE2,0.0
2038,FM05_Oak,DE3,0.0
2038,FM05_Oak,DE4,0.0
2038,FM05_Oak,DE5,0.0
2038,FM05_Oak,DE6,0.0
2038,FM05_Oak,DE7,0.0
2038,FM05_Oak,DE8,0.0
2038,FM05_Oak,DE9,0.0
2038,FM05_Oak,DEA,0.0
2038,FM05_Oak,DEB,0.0
2038,FM05_Oak,DEC,0.0
2038,FM05_Oak,DEE,0.0
2038,FM05_Oak,DED,0.0
2038,FM05_Oak,DEF,0.0
2038,FM05_Oak,DEG,0.0
2038,FM06_ScotPine,DE1,0.0
2038,FM06_ScotPine,DE2,0.0
2038,FM06_ScotPine,DE3,0.0
2038,FM06_ScotPine,DE4,0.0
2038,FM06_ScotPine,DE5,0.0
2038,FM06_ScotPine,DE6,0.0
2038,FM06_ScotPine,DE7,0.0
2038,FM06_ScotPine,DE8,0.0
2038,FM06_ScotPine,DE9,0.0
2038,FM06_ScotPine,DEA,0.0
2038,FM06_ScotPine,DEB,0.0
2038,FM06_ScotPine,DEC,0.0
2038,FM06_ScotPine,DEE,0.0
2038,FM06_ScotPine,DED,0.0
2038,FM06_ScotPine,DEF,0.0
2038,FM06_ScotPine,DEG,0.0
2038,PC_Rewetting,DE1,3592998.174657908
2038,PC_Rewetting,DE2,16898247.39499497
2038,PC_Rewetting,DE3,51884.96099747473
2038,PC_Rewetting,DE4,19152305.25994483
2038,PC_Rewetting,DE5,487571.17791081814
2038,PC_Rewetting,DE6,237567.1387712708
2038,PC_Rewetting,DE7,561820.217834002
2038,PC_Rewetting,DE8,46833615.09385658
2038,PC_Rewetting,DE9,49782305.63820572
2038,PC_Rewetting,DEA,3415083.474179988
2038,PC_Rewetting,DEB,474687.44279877114
2038,PC_Rewetting,DEC,59272.62876114557
2038,PC_Rewetting,DEE,6261420.791997533
2038,PC_Rewetting,DED,2285336.297013789
2038,PC_Rewetting,DEF,35284892.155468725
2038,PC_Rewetting,DEG,81845.23056728105
2039,FM01_PSA,DE1,0.0
2039,FM01_PSA,DE2,0.0
2039,FM01_PSA,DE3,0.0
2039,FM01_PSA,DE4,0.0
2039,FM01_PSA,DE5,0.0
2039,FM01_PSA,DE6,0.0
2039,FM01_PSA,DE7,0.0
2039,FM01_PSA,DE8,0.0
2039,FM01_PSA,DE9,0.0
2039,FM01_PSA,DEA,0.0
2039,FM01_PSA,DEB,0.0
2039,FM01_PSA,DEC,0.0
2039,FM01_PSA,DEE,0.0
2039,FM01_PSA,DED,0.0
2039,FM01_PSA,DEF,0.0
2039,FM01_PSA,DEG,0.0
2039,FM02_TSA,DE1,195557.39114452354
2039,FM02_TSA,DE2,193374.44910366586
2039,FM02_TSA,DE3,68.66546753474864
2039,FM02_TSA,DE4,12320.19935071282
2039,FM02_TSA,DE5,49.22960227328204
2039,FM02_TSA,DE6,252.9725049777389
2039,FM02_TSA,DE7,176390.40087515715
2039,FM02_TSA,DE8,37375.70370406454
2039,FM02_TSA,DE9,88252.56869415524
2039,FM02_TSA,DEA,106968.50701704806
2039,FM02_TSA,DEB,140355.88614897663
2039,FM02_TSA,DEC,16341.316231735387
2039,FM02_TSA,DEE,21242.17113347459
2039,FM02_TSA,DED,13350.59275316809
2039,FM02_TSA,DEF,24661.9692207504
2039,FM02_TSA,DEG,67498.07687976479
2039,FM03_Beech,DE1,0.0
2039,FM03_Beech,DE2,0.0
2039,FM03_Beech,DE3,0.0
2039,FM03_Beech,DE4,0.0
2039,FM03_Beech,DE5,0.0
2039,FM03_Beech,DE6,0.0
2039,FM03_Beech,DE7,0.0
2039,FM03_Beech,DE8,0.0
2039,FM03_Beech,DE9,0.0
2039,FM03_Beech,DEA,0.0
2039,FM03_Beech,DEB,0.0
2039,FM03_Beech,DEC,0.0
2039,FM03_Beech,DEE,0.0
2039,FM03_Beech,DED,0.0
2039,FM03_Beech,DEF,0.0
2039,FM03_Beech,DEG,0.0
2039,FM04_DouglasFir,DE1,0.0
2039,FM04_DouglasFir,DE2,0.0
2039,FM04_DouglasFir,DE3,0.0
2039,FM04_DouglasFir,DE4,0.0
2039,FM04_DouglasFir,DE5,0.0
2039,FM04_DouglasFir,DE6,0.0
2039,FM04_DouglasFir,DE7,0.0
2039,FM04_DouglasFir,DE8,0.0
2039,FM04_DouglasFir,DE9,0.0
2039,FM04_DouglasFir,DEA,0.0
2039,FM04_DouglasFir,DEB,0.0
2039,FM04_DouglasFir,DEC,0.0
2039,FM04_DouglasFir,DEE,0.0
2039,FM04_DouglasFir,DED,0.0
2039,FM04_DouglasFir,DEF,0.0
2039,FM04_DouglasFir,DEG,0.0
2039,FM05_Oak,DE1,0.0
2039,FM05_Oak,DE2,0.0
2039,FM05_Oak,DE3,0.0
2039,FM05_Oak,DE4,0.0
2039,FM05_Oak,DE5,0.0
2039,FM05_Oak,DE6,0.0
2039,FM05_Oak,DE7,0.0
2039,FM05_Oak,DE8,0.0
2039,FM05_Oak,DE9,0.0
2039,FM05_Oak,DEA,0.0
2039,FM05_Oak,DEB,0.0
2039,FM05_Oak,DEC,0.0
2039,FM05_Oak,DEE,0.0
2039,FM05_Oak,DED,0.0
2039,FM05_Oak,DEF,0.0
2039,FM05_Oak,DEG,0.0
2039,FM06_ScotPine,DE1,0.0
2039,FM06_ScotPine,DE2,0.0
2039,FM06_ScotPine,DE3,0.0
2039,FM06_ScotPine,DE4,0.0
2039,FM06_ScotPine,DE5,0.0
2039,FM06_ScotPine,DE6,0.0
2039,FM06_ScotPine,DE7,0.0
2039,FM06_ScotPine,DE8,0.0
2039,FM06_ScotPine,DE9,0.0
2039,FM06_ScotPine,DEA,0.0
2039,FM06_ScotPine,DEB,0.0
2039,FM06_ScotPine,DEC,0.0
2039,FM06_ScotPine,DEE,0.0
2039,FM06_ScotPine,DED,0.0
2039,FM06_ScotPine,DEF,0.0
2039,FM06_ScotPine,DEG,0.0
2039,PC_Rewetting,DE1,3688001.2231064616
2039,PC_Rewetting,DE2,17345056.699626803
2039,PC_Rewetting,DE3,53256.859680352216
2039,PC_Rewetting,DE4,19658714.47477424
2039,PC_Rewetting,DE5,500463.1266359493
2039,PC_Rewetting,DE6,243848.69008227866
2039,PC_Rewetting,DE7,576675.3974861159
2039,PC_Rewetting,DE8,48071950.31906336
2039,PC_Rewetting,DE9,51098607.66913494
2039,PC_Rewetting,DEA,3505382.251129482
2039,PC_Rewetting,DEB,487238.73059073486
2039,PC_Rewetting,DEC,60839.86596755032
2039,PC_Rewetting,DEE,6426980.036378602
2039,PC_Rewetting,DED,2345763.245315011
2039,PC_Rewetting,DEF,36217865.721275546
2039,PC_Rewetting,DEG,84009.31360514865
2040,FM01_PSA,DE1,0.0
2040,FM01_PSA,DE2,0.0
2040,FM01_PSA,DE3,0.0
2040,FM01_PSA,DE4,0.0
2040,FM01_PSA,DE5,0.0
2040,FM01_PSA,DE6,0.0
2040,FM01_PSA,DE7,0.0
2040,FM01_PSA,DE8,0.0
2040,FM01_PSA,DE9,0.0
2040,FM01_PSA,DEA,0.0
2040,FM01_PSA,DEB,0.0
2040,FM01_PSA,DEC,0.0
2040,FM01_PSA,DEE,0.0
2040,FM01_PSA,DED,0.0
2040,FM01_PSA,DEF,0.0
2040,FM01_PSA,DEG,0.0
2040,FM02_TSA,DE1,209661.98131381016
2040,FM02_TSA,DE2,207321.5944294239
2040,FM02_TSA,DE3,73.61796906226355
2040,FM02_TSA,DE4,13208.794568866926
2040,FM02_TSA,DE5,52.780290693687824
2040,FM02_TSA,DE6,271.2181641467749
2040,FM02_TSA,DE7,189112.5705644716
2040,FM02_TSA,DE8,40071.428881973676
2040,FM02_TSA,DE9,94617.79122822938
2040,FM02_TSA,DEA,114683.61787870251
2040,FM02_TSA,DEB,150479.06400685332
2040,FM02_TSA,DEC,17519.93477909063
2040,FM02_TSA,DEE,22774.26417475517
2040,FM02_TSA,DED,14313.505165725895
2040,FM02_TSA,DEF,26440.71543223558
2040,FM02_TSA,DEG,72366.38027669699
2040,FM03_Beech,DE1,0.0
2040,FM03_Beech,DE2,0.0
2040,FM03_Beech,DE3,0.0
2040,FM03_Beech,DE4,0.0
2040,FM03_Beech,DE5,0.0
2040,FM03_Beech,DE6,0.0
2040,FM03_Beech,DE7,0.0
2040,FM03_Beech,DE8,0.0
2040,FM03_Beech,DE9,0.0
2040,FM03_Beech,DEA,0.0
2040,FM03_Beech,DEB,0.0
2040,FM03_Beech,DEC,0.0
2040,FM03_Beech,DEE,0.0
2040,FM03_Beech,DED,0.0
2040,FM03_Beech,DEF,0.0
2040,FM03_Beech,DEG,0.0
2040,FM04_DouglasFir,DE1,0.0
2040,FM04_DouglasFir,DE2,0.0
2040,FM04_DouglasFir,DE3,0.0
2040,FM04_DouglasFir,DE4,0.0
2040,FM04_DouglasFir,DE5,0.0
2040,FM04_DouglasFir,DE6,0.0
2040,FM04_DouglasFir,DE7,0.0
2040,FM04_DouglasFir,DE8,0.0
2040,FM04_DouglasFir,DE9,0.0
2040,FM04_DouglasFir,DEA,0.0
2040,FM04_DouglasFir,DEB,0.0
2040,FM04_DouglasFir,DEC,0.0
2040,FM04_DouglasFir,DEE,0.0
2040,FM04_DouglasFir,DED,0.0
2040,FM04_DouglasFir,DEF,0.0
2040,FM04_DouglasFir,DEG,0.0
2040,FM05_Oak,DE1,0.0
2040,FM05_Oak,DE2,0.0
2040,FM05_Oak,DE3,0.0
2040,FM05_Oak,DE4,0.0
2040,FM05_Oak,DE5,0.0
2040,FM05_Oak,DE6,0.0
2040,FM05_Oak,DE7,0.0
2040,FM05_Oak,DE8,0.0
2040,FM05_Oak,DE9,0.0
2040,FM05_Oak,DEA,0.0
2040,FM05_Oak,DEB,0.0
2040,FM05_Oak,DEC,0.0
2040,FM05_Oak,DEE,0.0
2040,FM05_Oak,DED,0.0
2040,FM05_Oak,DEF,0.0
2040,FM05_Oak,DEG,0.0
2040,FM06_ScotPine,DE1,0.0
2040,FM06_ScotPine,DE2,0.0
2040,FM06_ScotPine,DE3,0.0
2040,FM06_ScotPine,DE4,0.0
2040,FM06_ScotPine,DE5,0.0
2040,FM06_ScotPine,DE6,0.0
2040,FM06_ScotPine,DE7,0.0
2040,FM06_ScotPine,DE8,0.0
2040,FM06_ScotPine,DE9,0.0
2040,FM06_ScotPine,DEA,0.0
2040,FM06_ScotPine,DEB,0.0
2040,FM06_ScotPine,DEC,0.0
2040,FM06_ScotPine,DEE,0.0
2040,FM06_ScotPine,DED,0.0
2040,FM06_ScotPine,DEF,0.0
2040,FM06_ScotPine,DEG,0.0
2040,PC_Rewetting,DE1,3783004.271555015
2040,PC_Rewetting,DE2,17791866.00425864
2040,PC_Rewetting,DE3,54628.7583632297
2040,PC_Rewetting,DE4,20165123.689603653
2040,PC_Rewetting,DE5,513355.0753610805
2040,PC_Rewetting,DE6,250130.24139328653
2040,PC_Rewetting,DE7,591530.5771382299
2040,PC_Rewetting,DE8,49310285.54427014
2040,PC_Rewetting,DE9,52414909.700064145
2040,PC_Rewetting,DEA,3595681.0280789766
2040,PC_Rewetting,DEB,499790.01838269853
2040,PC_Rewetting,DEC,62407.103173955074
2040,PC_Rewetting,DEE,6592539.28075967
2040,PC_Rewetting,DED,2406190.1936162333
2040,PC_Rewetting,DEF,37150839.28708237
2040,PC_Rewetting,DEG,86173.39664301625
2041,FM01_PSA,DE1,0.0
2041,FM01_PSA,DE2,0.0
2041,FM01_PSA,DE3,0.0
2041,FM01_PSA,DE4,0.0
2041,FM01_PSA,DE5,0.0
2041,FM01_PSA,DE6,0.0
2041,FM01_PSA,DE7,0.0
2041,FM01_PSA,DE8,0.0
2041,FM01_PSA,DE9,0.0
2041,FM01_PSA,DEA,0.0
2041,FM01_PSA,DEB,0.0
2041,FM01_PSA,DEC,0.0
2041,FM01_PSA,DEE,0.0
2041,FM01_PSA,DED,0.0
2041,FM01_PSA,DEF,0.0
2041,FM01_PSA,DEG,0.0
2041,FM02_TSA,DE1,224172.7482598638
2041,FM02_TSA,DE2,221670.38251583822
2041,FM02_TSA,DE3,78.71309019681676
2041,FM02_TSA,DE4,14122.979097821875
2041,FM02_TSA,DE5,56.43323002394598
2041,FM02_TSA,DE6,289.98925248052393
2041,FM02_TSA,DE7,202201.10679232902
2041,FM02_TSA,DE8,42844.78417537508
2041,FM02_TSA,DE9,101166.31618663948
2041,FM02_TSA,DEA,122620.90455862434
2041,FM02_TSA,DEB,160893.76396523774
2041,FM02_TSA,DEC,18732.494580807517
2041,FM02_TSA,DEE,24350.477648160722
2041,FM02_TSA,DED,15304.147037654551
2041,FM02_TSA,DEF,28270.6850677406
2041,FM02_TSA,DEG,77374.87858594899
2041,FM03_Beech,DE1,0.0
2041,FM03_Beech,DE2,0.0
2041,FM03_Beech,DE3,0.0
2041,FM03_Beech,DE4,0.0
2041,FM03_Beech,DE5,0.0
2041,FM03_Beech,DE6,0.0
2041,FM03_Beech,DE7,0.0
2041,FM03_Beech,DE8,0.0
2041,FM03_Beech,DE9,0.0
2041,FM03_Beech,DEA,0.0
2041,FM03_Beech,DEB,0.0
2041,FM03_Beech,DEC,0.0
2041,FM03_Beech,DEE,0.0
2041,FM03_Beech,DED,0.0
2041,FM03_Beech,DEF,0.0
2041,FM03_Beech,DEG,0.0
2041,FM04_DouglasFir,DE1,0.0
2041,FM04_DouglasFir,DE2,0.0
2041,FM04_DouglasFir,DE3,0.0
2041,FM04_DouglasFir,DE4,0.0
2041,FM04_DouglasFir,DE5,0.0
2041,FM04_DouglasFir,DE6,0.0
2041,FM04_DouglasFir,DE7,0.0
2041,FM04_DouglasFir,DE8,0.0
2041,FM04_DouglasFir,DE9,0.0
2041,FM04_DouglasFir,DEA,0.0
2041,FM04_DouglasFir,DEB,0.0
2041,FM04_DouglasFir,DEC,0.0
2041,FM04_DouglasFir,DEE,0.0
2041,FM04_DouglasFir,DED,0.0
2041,FM04_DouglasFir,DEF,0.0
2041,FM04_DouglasFir,DEG,0.0
2041,FM05_Oak,DE1,0.0
2041,FM05_Oak,DE2,0.0
2041,FM05_Oak,DE3,0.0
2041,FM05_Oak,DE4,0.0
2041,FM05_Oak,DE5,0.0
2041,FM05_Oak,DE6,0.0
2041,FM05_Oak,DE7,0.0
2041,FM05_Oak,DE8,0.0
2041,FM05_Oak,DE9,0.0
2041,FM05_Oak,DEA,0.0
2041,FM05_Oak,DEB,0.0
2041,FM05_Oak,DEC,0.0
2041,FM05_Oak,DEE,0.0
2041,FM05_Oak,DED,0.0
2041,FM05_Oak,DEF,0.0
2041,FM05_Oak,DEG,0.0
2041,FM06_ScotPine,DE1,0.0
2041,FM06_ScotPine,DE2,0.0
2041,FM06_ScotPine,DE3,0.0
2041,FM06_ScotPine,DE4,0.0
2041,FM06_ScotPine,DE5,0.0
2041,FM06_ScotPine,DE6,0.0
2041,FM06_ScotPine,DE7,0.0
2041,FM06_ScotPine,DE8,0.0
2041,FM06_ScotPine,DE9,0.0
2041,FM06_ScotPine,DEA,0.0
2041,FM06_ScotPine,DEB,0.0
2041,FM06_ScotPine,DEC,0.0
2041,FM06_ScotPine,DEE,0.0
2041,FM06_ScotPine,DED,0.0
2041,FM06_ScotPine,DEF,0.0
2041,FM06_ScotPine,DEG,0.0
2041,PC_Rewetting,DE1,3878007.320003568
2041,PC_Rewetting,DE2,18238675.308890473
2041,PC_Rewetting,DE3,56000.65704610719
2041,PC_Rewetting,DE4,20671532.904433068
2041,PC_Rewetting,DE5,526247.0240862117
2041,PC_Rewetting,DE6,256411.7927042944
2041,PC_Rewetting,DE7,606385.7567903437
2041,PC_Rewetting,DE8,50548620.76947693
2041,PC_Rewetting,DE9,53731211.73099336
2041,PC_Rewetting,DEA,3685979.805028471
2041,PC_Rewetting,DEB,512341.3061746622
2041,PC_Rewetting,DEC,63974.34038035983
2041,PC_Rewetting,DEE,6758098.525140738
2041,PC_Rewetting,DED,2466617.1419174555
2041,PC_Rewetting,DEF,38083812.85288918
2041,PC_Rewetting,DEG,88337.47968088386
2042,FM01_PSA,DE1,0.0
2042,FM01_PSA,DE2,0.0
2042,FM01_PSA,DE3,0.0
2042,FM01_PSA,DE4,0.0
2042,FM01_PSA,DE5,0.0
2042,FM01_PSA,DE6,0.0
2042,FM01_PSA,DE7,0.0
2042,FM01_PSA,DE8,0.0
2042,FM01_PSA,DE9,0.0
2042,FM01_PSA,DEA,0.0
2042,FM01_PSA,DEB,0.0
2042,FM01_PSA,DEC,0.0
2042,FM01_PSA,DEE,0.0
2042,FM01_PSA,DED,0.0
2042,FM01_PSA,DEF,0.0
2042,FM01_PSA,DEG,0.0
2042,FM02_TSA,DE1,239093.25872367233
2042,FM02_TSA,DE2,236424.3402895547
2042,FM02_TSA,DE3,83.9520833172423
2042,FM02_TSA,DE4,15062.977643786655
2042,FM02_TSA,DE5,60.189318155152414
2042,FM02_TSA,DE6,309.29038390534816
2042,FM02_TSA,DE7,215659.22671594855
2042,FM02_TSA,DE8,45696.45127394345
2042,FM02_TSA,DE9,107899.7531943258
2042,FM02_TSA,DEA,130782.31803885597
2042,FM02_TSA,DEB,171602.54595341257
2042,FM02_TSA,DEC,19979.29368362343
2042,FM02_TSA,DEE,25971.1989863626
2042,FM02_TSA,DED,16322.761868348816
2042,FM02_TSA,DEF,30152.327933104807
2042,FM02_TSA,DEG,82524.80289449736
2042,FM03_Beech,DE1,0.0
2042,FM03_Beech,DE2,0.0
2042,FM03_Beech,DE3,0.0
2042,FM03_Beech,DE4,0.0
2042,FM03_Beech,DE5,0.0
2042,FM03_Beech,DE6,0.0
2042,FM03_Beech,DE7,0.0
2042,FM03_Beech,DE8,0.0
2042,FM03_Beech,DE9,0.0
2042,FM03_Beech,DEA,0.0
2042,FM03_Beech,DEB,0.0
2042,FM03_Beech,DEC,0.0
2042,FM03_Beech,DEE,0.0
2042,FM03_Beech,DED,0.0
2042,FM03_Beech,DEF,0.0
2042,FM03_Beech,DEG,0.0
2042,FM04_DouglasFir,DE1,0.0
2042,FM04_DouglasFir,DE2,0.0
2042,FM04_DouglasFir,DE3,0.0
2042,FM04_DouglasFir,DE4,0.0
2042,FM04_DouglasFir,DE5,0.0
2042,FM04_DouglasFir,DE6,0.0
2042,FM04_DouglasFir,DE7,0.0
2042,FM04_DouglasFir,DE8,0.0
2042,FM04_DouglasFir,DE9,0.0
2042,FM04_DouglasFir,DEA,0.0
2042,FM04_DouglasFir,DEB,0.0
2042,FM04_DouglasFir,DEC,0.0
2042,FM04_DouglasFir,DEE,0.0
2042,FM04_DouglasFir,DED,0.0
2042,FM04_DouglasFir,DEF,0.0
2042,FM04_DouglasFir,DEG,0.0
2042,FM05_Oak,DE1,0.0
2042,FM05_Oak,DE2,0.0
2042,FM05_Oak,DE3,0.0
2042,FM05_Oak,DE4,0.0
2042,FM05_Oak,DE5,0.0
2042,FM05_Oak,DE6,0.0
2042,FM05_Oak,DE7,0.0
2042,FM05_Oak,DE8,0.0
2042,FM05_Oak,DE9,0.0
2042,FM05_Oak,DEA,0.0
2042,FM05_Oak,DEB,0.0
2042,FM05_Oak,DEC,0.0
2042,FM05_Oak,DEE,0.0
2042,FM05_Oak,DED,0.0
2042,FM05_Oak,DEF,0.0
2042,FM05_Oak,DEG,0.0
2042,FM06_ScotPine,DE1,0.0
2042,FM06_ScotPine,DE2,0.0
2042,FM06_ScotPine,DE3,0.0
2042,FM06_ScotPine,DE4,0.0
2042,FM06_ScotPine,DE5,0.0
2042,FM06_ScotPine,DE6,0.0
2042,FM06_ScotPine,DE7,0.0
2042,FM06_ScotPine,DE8,0.0
2042,FM06_ScotPine,DE9,0.0
2042,FM06_ScotPine,DEA,0.0
2042,FM06_ScotPine,DEB,0.0
2042,FM06_ScotPine,DEC,0.0
2042,FM06_ScotPine,DEE,0.0
2042,FM06_ScotPine,DED,0.0
2042,FM06_ScotPine,DEF,0.0
2042,FM06_ScotPine,DEG,0.0
2042,PC_Rewetting,DE1,3973010.3684521224
2042,PC_Rewetting,DE2,18685484.61352231
2042,PC_Rewetting,DE3,57372.555728984684
2042,PC_Rewetting,DE4,21177942.119262483
2042,PC_Rewetting,DE5,539138.972811343
2042,PC_Rewetting,DE6,262693.3440153023
2042,PC_Rewetting,DE7,621240.9364424577
2042,PC_Rewetting,DE8,51786955.99468372
2042,PC_Rewetting,DE9,55047513.761922576
2042,PC_Rewetting,DEA,3776278.5819779662
2042,PC_Rewetting,DEB,524892.593966626
2042,PC_Rewetting,DEC,65541.57758676459
2042,PC_Rewetting,DEE,6923657.769521808
2042,PC_Rewetting,DED,2527044.0902186777
2042,PC_Rewetting,DEF,39016786.41869601
2042,PC_Rewetting,DEG,90501.56271875146
2043,FM01_PSA,DE1,0.0
2043,FM01_PSA,DE2,0.0
2043,FM01_PSA,DE3,0.0
2043,FM01_PSA,DE4,0.0
2043,FM01_PSA,DE5,0.0
2043,FM01_PSA,DE6,0.0
2043,FM01_PSA,DE7,0.0
2043,FM01_PSA,DE8,0.0
2043,FM01_PSA,DE9,0.0
2043,FM01_PSA,DEA,0.0
2043,FM01_PSA,DEB,0.0
2043,FM01_PSA,DEC,0.0
2043,FM01_PSA,DEE,0.0
2043,FM01_PSA,DED,0.0
2043,FM01_PSA,DEF,0.0
2043,FM01_PSA,DEG,0.0
2043,FM02_TSA,DE1,254427.07944622362
2043,FM02_TSA,DE2,251586.9946772192
2043,FM02_TSA,DE3,89.33620080237417
2043,FM02_TSA,DE4,16029.014912970248
2043,FM02_TSA,DE5,64.049452978403
2043,FM02_TSA,DE6,329.1261723476097
2043,FM02_TSA,DE7,229490.1474925492
2043,FM02_TSA,DE8,48627.11186735345
2043,FM02_TSA,DE9,114819.71187622867
2043,FM02_TSA,DEA,139169.80930143982
2043,FM02_TSA,DEB,182607.96990066025
2043,FM02_TSA,DEC,21260.630134275732
2043,FM02_TSA,DEE,27636.81562203214
2043,FM02_TSA,DED,17369.593157203453
2043,FM02_TSA,DEF,32086.09383416753
2043,FM02_TSA,DEG,87817.38428931867
2043,FM03_Beech,DE1,0.0
2043,FM03_Beech,DE2,0.0
2043,FM03_Beech,DE3,0.0
2043,FM03_Beech,DE4,0.0
2043,FM03_Beech,DE5,0.0
2043,FM03_Beech,DE6,0.0
2043,FM03_Beech,DE7,0.0
2043,FM03_Beech,DE8,0.0
2043,FM03_Beech,DE9,0.0
2043,FM03_Beech,DEA,0.0
2043,FM03_Beech,DEB,0.0
2043,FM03_Beech,DEC,0.0
2043,FM03_Beech,DEE,0.0
2043,FM03_Beech,DED,0.0
2043,FM03_Beech,DEF,0.0
2043,FM03_Beech,DEG,0.0
2043,FM04_DouglasFir,DE1,0.0
2043,FM04_DouglasFir,DE2,0.0
2043,FM04_DouglasFir,DE3,0.0
2043,FM04_DouglasFir,DE4,0.0
2043,FM04_DouglasFir,DE5,0.0
2043,FM04_DouglasFir,DE6,0.0
2043,FM04_DouglasFir,DE7,0.0
2043,FM04_DouglasFir,DE8,0.0
2043,FM04_DouglasFir,DE9,0.0
2043,FM04_DouglasFir,DEA,0.0
2043,FM04_DouglasFir,DEB,0.0
2043,FM04_DouglasFir,DEC,0.0
2043,FM04_DouglasFir,DEE,0.0
2043,FM04_DouglasFir,DED,0.0
2043,FM04_DouglasFir,DEF,0.0
2043,FM04_DouglasFir,DEG,0.0
2043,FM05_Oak,DE1,0.0
2043,FM05_Oak,DE2,0.0
2043,FM05_Oak,DE3,0.0
2043,FM05_Oak,DE4,0.0
2043,FM05_Oak,DE5,0.0
2043,FM05_Oak,DE6,0.0
2043,FM05_Oak,DE7,0.0
2043,FM05_Oak,DE8,0.0
2043,FM05_Oak,DE9,0.0
2043,FM05_Oak,DEA,0.0
2043,FM05_Oak,DEB,0.0
2043,FM05_Oak,DEC,0.0
2043,FM05_Oak,DEE,0.0
2043,FM05_Oak,DED,0.0
2043,FM05_Oak,DEF,0.0
2043,FM05_Oak,DEG,0.0
2043,FM06_ScotPine,DE1,0.0
2043,FM06_ScotPine,DE2,0.0
2043,FM06_ScotPine,DE3,0.0
2043,FM06_ScotPine,DE4,0.0
2043,FM06_ScotPine,DE5,0.0
2043,FM06_ScotPine,DE6,0.0
2043,FM06_ScotPine,DE7,0.0
2043,FM06_ScotPine,DE8,0.0
2043,FM06_ScotPine,DE9,0.0
2043,FM06_ScotPine,DEA,0.0
2043,FM06_ScotPine,DEB,0.0
2043,FM06_ScotPine,DEC,0.0
2043,FM06_ScotPine,DEE,0.0
2043,FM06_ScotPine,DED,0.0
2043,FM06_ScotPine,DEF,0.0
2043,FM06_ScotPine,DEG,0.0
2043,PC_Rewetting,DE1,4068013.4169006757
2043,PC_Rewetting,DE2,19132293.918154143
2043,PC_Rewetting,DE3,58744.45441186217
2043,PC_Rewetting,DE4,21684351.334091894
2043,PC_Rewetting,DE5,552030.9215364741
2043,PC_Rewetting,DE6,268974.8953263102
2043,PC_Rewetting,DE7,636096.1160945717
2043,PC_Rewetting,DE8,53025291.2198905
2043,PC_Rewetting,DE9,56363815.79285179
2043,PC_Rewetting,DEA,3866577.358927461
2043,PC_Rewetting,DEB,537443.8817585896
2043,PC_Rewetting,DEC,67108.81479316934
2043,PC_Rewetting,DEE,7089217.0139028765
2043,PC_Rewetting,DED,2587471.0385199
2043,PC_Rewetting,DEF,39949759.98450282
2043,PC_Rewetting,DEG,92665.64575661907
2044,FM01_PSA,DE1,0.0
2044,FM01_PSA,DE2,0.0
2044,FM01_PSA,DE3,0.0
2044,FM01_PSA,DE4,0.0
2044,FM01_PSA,DE5,0.0
2044,FM01_PSA,DE6,0.0
2044,FM01_PSA,DE7,0.0
2044,FM01_PSA,DE8,0.0
2044,FM01_PSA,DE9,0.0
2044,FM01_PSA,DEA,0.0
2044,FM01_PSA,DEB,0.0
2044,FM01_PSA,DEC,0.0
2044,FM01_PSA,DEE,0.0
2044,FM01_PSA,DED,0.0
2044,FM01_PSA,DEF,0.0
2044,FM01_PSA,DEG,0.0
2044,FM02_TSA,DE1,270177.7771685054
2044,FM02_TSA,DE2,267161.87260547746
2044,FM02_TSA,DE3,94.86669503104636
2044,FM02_TSA,DE4,17021.315611581627
2044,FM02_TSA,DE5,68.0145323847936
2044,FM02_TSA,DE6,349.5012317336705
2044,FM02_TSA,DE7,243697.08627935004
2044,FM02_TSA,DE8,51637.44764527975
2044,FM02_TSA,DE9,121927.8018572883
2044,FM02_TSA,DEA,147785.3293284183
2044,FM02_TSA,DEB,193912.5957362634
2044,FM02_TSA,DEC,22576.80197950179
2044,FM02_TSA,DEE,29347.714987840678
2044,FM02_TSA,DED,18444.884403613218
2044,FM02_TSA,DEF,34072.43257676808
2044,FM02_TSA,DEG,93253.85385738942
2044,FM03_Beech,DE1,0.0
2044,FM03_Beech,DE2,0.0
2044,FM03_Beech,DE3,0.0
2044,FM03_Beech,DE4,0.0
2044,FM03_Beech,DE5,0.0
2044,FM03_Beech,DE6,0.0
2044,FM03_Beech,DE7,0.0
2044,FM03_Beech,DE8,0.0
2044,FM03_Beech,DE9,0.0
2044,FM03_Beech,DEA,0.0
2044,FM03_Beech,DEB,0.0
2044,FM03_Beech,DEC,0.0
2044,FM03_Beech,DEE,0.0
2044,FM03_Beech,DED,0.0
2044,FM03_Beech,DEF,0.0
2044,FM03_Beech,DEG,0.0
2044,FM04_DouglasFir,DE1,0.0
2044,FM04_DouglasFir,DE2,0.0
2044,FM04_DouglasFir,DE3,0.0
2044,FM04_DouglasFir,DE4,0.0
2044,FM04_DouglasFir,DE5,0.0
2044,FM04_DouglasFir,DE6,0.0
2044,FM04_DouglasFir,DE7,0.0
2044,FM04_DouglasFir,DE8,0.0
2044,FM04_DouglasFir,DE9,0.0
2044,FM04_DouglasFir,DEA,0.0
2044,FM04_DouglasFir,DEB,0.0
2044,FM04_DouglasFir,DEC,0.0
2044,FM04_DouglasFir,DEE,0.0
2044,FM04_DouglasFir,DED,0.0
2044,FM04_DouglasFir,DEF,0.0
2044,FM04_DouglasFir,DEG,0.0
2044,FM05_Oak,DE1,0.0
2044,FM05_Oak,DE2,0.0
2044,FM05_Oak,DE3,0.0
2044,FM05_Oak,DE4,0.0
2044,FM05_Oak,DE5,0.0
2044,FM05_Oak,DE6,0.0
2044,FM05_Oak,DE7,0.0
2044,FM05_Oak,DE8,0.0
2044,FM05_Oak,DE9,0.0
2044,FM05_Oak,DEA,0.0
2044,FM05_Oak,DEB,0.0
2044,FM05_Oak,DEC,0.0
2044,FM05_Oak,DEE,0.0
2044,FM05_Oak,DED,0.0
2044,FM05_Oak,DEF,0.0
2044,FM05_Oak,DEG,0.0
2044,FM06_ScotPine,DE1,0.0
2044,FM06_ScotPine,DE2,0.0
2044,FM06_ScotPine,DE3,0.0
2044,FM06_ScotPine,DE4,0.0
2044,FM06_ScotPine,DE5,0.0
2044,FM06_ScotPine,DE6,0.0
2044,FM06_ScotPine,DE7,0.0
2044,FM06_ScotPine,DE8,0.0
2044,FM06_ScotPine,DE9,0.0
2044,FM06_ScotPine,DEA,0.0
2044,FM06_ScotPine,DEB,0.0
2044,FM06_ScotPine,DEC,0.0
2044,FM06_ScotPine,DEE,0.0
2044,FM06_ScotPine,DED,0.0
2044,FM06_ScotPine,DEF,0.0
2044,FM06_ScotPine,DEG,0.0
2044,PC_Rewetting,DE1,4163016.465349229
2044,PC_Rewetting,DE2,19579103.22278598
2044,PC_Rewetting,DE3,60116.35309473966
2044,PC_Rewetting,DE4,22190760.548921306
2044,PC_Rewetting,DE5,564922.8702616054
2044,PC_Rewetting,DE6,275256.44663731806
2044,PC_Rewetting,DE7,650951.2957466855
2044,PC_Rewetting,DE8,54263626.44509728
2044,PC_Rewetting,DE9,57680117.823781
2044,PC_Rewetting,DEA,3956876.1358769555
2044,PC_Rewetting,DEB,549995.1695505533
2044,PC_Rewetting,DEC,68676.05199957409
2044,PC_Rewetting,DEE,7254776.258283945
2044,PC_Rewetting,DED,2647897.986821122
2044,PC_Rewetting,DEF,40882733.55030964
2044,PC_Rewetting,DEG,94829.72879448667
2045,FM01_PSA,DE1,0.0
2045,FM01_PSA,DE2,0.0
2045,FM01_PSA,DE3,0.0
2045,FM01_PSA,DE4,0.0
2045,FM01_PSA,DE5,0.0
2045,FM01_PSA,DE6,0.0
2045,FM01_PSA,DE7,0.0
2045,FM01_PSA,DE8,0.0
2045,FM01_PSA,DE9,0.0
2045,FM01_PSA,DEA,0.0
2045,FM01_PSA,DEB,0.0
2045,FM01_PSA,DEC,0.0
2045,FM01_PSA,DEE,0.0
2045,FM01_PSA,DED,0.0
2045,FM01_PSA,DEF,0.0
2045,FM01_PSA,DEG,0.0
2045,FM02_TSA,DE1,286348.9186315056
2045,FM02_TSA,DE2,283152.5010009754
2045,FM02_TSA,DE3,100.54481838209294
2045,FM02_TSA,DE4,18040.104445829787
2045,FM02_TSA,DE5,72.08545426542013
2045,FM02_TSA,DE6,370.42017598989275
2045,FM02_TSA,DE7,249163.46768951177
2045,FM02_TSA,DE8,51839.5307621735
2045,FM02_TSA,DE9,122404.96622847457
2045,FM02_TSA,DEA,148363.6871161039
2045,FM02_TSA,DEB,194671.47255024788
2045,FM02_TSA,DEC,23928.107266038973
2045,FM02_TSA,DEE,31104.28451645958
2045,FM02_TSA,DED,19548.879106972872
2045,FM02_TSA,DEF,36111.7939667458
2045,FM02_TSA,DEG,93618.80275221687
2045,FM03_Beech,DE1,0.0
2045,FM03_Beech,DE2,0.0
2045,FM03_Beech,DE3,0.0
2045,FM03_Beech,DE4,0.0
2045,FM03_Beech,DE5,0.0
2045,FM03_Beech,DE6,0.0
2045,FM03_Beech,DE7,0.0
2045,FM03_Beech,DE8,0.0
2045,FM03_Beech,DE9,0.0
2045,FM03_Beech,DEA,0.0
2045,FM03_Beech,DEB,0.0
2045,FM03_Beech,DEC,0.0
2045,FM03_Beech,DEE,0.0
2045,FM03_Beech,DED,0.0
2045,FM03_Beech,DEF,0.0
2045,FM03_Beech,DEG,0.0
2045,FM04_DouglasFir,DE1,0.0
2045,FM04_DouglasFir,DE2,0.0
2045,FM04_DouglasFir,DE3,0.0
2045,FM04_DouglasFir,DE4,0.0
2045,FM04_DouglasFir,DE5,0.0
2045,FM04_DouglasFir,DE6,0.0
2045,FM04_DouglasFir,DE7,0.0
2045,FM04_DouglasFir,DE8,0.0
2045,FM04_DouglasFir,DE9,0.0
2045,FM04_DouglasFir,DEA,0.0
2045,FM04_DouglasFir,DEB,0.0
2045,FM04_DouglasFir,DEC,0.0
2045,FM04_DouglasFir,DEE,0.0
2045,FM04_DouglasFir,DED,0.0
2045,FM04_DouglasFir,DEF,0.0
2045,FM04_DouglasFir,DEG,0.0
2045,FM05_Oak,DE1,0.0
2045,FM05_Oak,DE2,0.0
2045,FM05_Oak,DE3,0.0
2045,FM05_Oak,DE4,0.0
2045,FM05_Oak,DE5,0.0
2045,FM05_Oak,DE6,0.0
2045,FM05_Oak,DE7,0.0
2045,FM05_Oak,DE8,0.0
2045,FM05_Oak,DE9,0.0
2045,FM05_Oak,DEA,0.0
2045,FM05_Oak,DEB,0.0
2045,FM05_Oak,DEC,0.0
2045,FM05_Oak,DEE,0.0
2045,FM05_Oak,DED,0.0
2045,FM05_Oak,DEF,0.0
2045,FM05_Oak,DEG,0.0
2045,FM06_ScotPine,DE1,0.0
2045,FM06_ScotPine,DE2,0.0
2045,FM06_ScotPine,DE3,0.0
2045,FM06_ScotPine,DE4,0.0
2045,FM06_ScotPine,DE5,0.0
2045,FM06_ScotPine,DE6,0.0
2045,FM06_ScotPine,DE7,0.0
2045,FM06_ScotPine,DE8,0.0
2045,FM06_ScotPine,DE9,0.0
2045,FM06_ScotPine,DEA,0.0
2045,FM06_ScotPine,DEB,0.0
2045,FM06_ScotPine,DEC,0.0
2045,FM06_ScotPine,DEE,0.0
2045,FM06_ScotPine,DED,0.0
2045,FM06_ScotPine,DEF,0.0
2045,FM06_ScotPine,DEG,0.0
2045,PC_Rewetting,DE1,4258019.513797782
2045,PC_Rewetting,DE2,20025912.527417812
2045,PC_Rewetting,DE3,61488.25177761714
2045,PC_Rewetting,DE4,22697169.76375072
2045,PC_Rewetting,DE5,577814.8189867366
2045,PC_Rewetting,DE6,281537.9979483259
2045,PC_Rewetting,DE7,665806.4753987994
2045,PC_Rewetting,DE8,55501961.67030407
2045,PC_Rewetting,DE9,58996419.85471021
2045,PC_Rewetting,DEA,4047174.91282645
2045,PC_Rewetting,DEB,562546.457342517
2045,PC_Rewetting,DEC,70243.28920597884
2045,PC_Rewetting,DEE,7420335.502665013
2045,PC_Rewetting,DED,2708324.935122344
2045,PC_Rewetting,DEF,41815707.116116464
2045,PC_Rewetting,DEG,96993.81183235427
2046,FM01_PSA,DE1,0.0
2046,FM01_PSA,DE2,0.0
2046,FM01_PSA,DE3,0.0
2046,FM01_PSA,DE4,0.0
2046,FM01_PSA,DE5,0.0
2046,FM01_PSA,DE6,0.0
2046,FM01_PSA,DE7,0.0
2046,FM01_PSA,DE8,0.0
2046,FM01_PSA,DE9,0.0
2046,FM01_PSA,DEA,0.0
2046,FM01_PSA,DEB,0.0
2046,FM01_PSA,DEC,0.0
2046,FM01_PSA,DEE,0.0
2046,FM01_PSA,DED,0.0
2046,FM01_PSA,DEF,0.0
2046,FM01_PSA,DEG,0.0
2046,FM02_TSA,DE1,291003.20940021536
2046,FM02_TSA,DE2,299562.40679035883
2046,FM02_TSA,DE3,100.93676657273889
2046,FM02_TSA,DE4,18352.615971031184
2046,FM02_TSA,DE5,72.36646092320582
2046,FM02_TSA,DE6,391.8876190426385
2046,FM02_TSA,DE7,262757.5411797783
2046,FM02_TSA,DE8,52041.61387906724
2046,FM02_TSA,DE9,122882.13059966083
2046,FM02_TSA,DEA,149822.6258882582
2046,FM02_TSA,DEB,195430.3493642324
2046,FM02_TSA,DEC,24021.384856067187
2046,FM02_TSA,DEE,32906.91164056017
2046,FM02_TSA,DED,20681.82076667718
2046,FM02_TSA,DEF,36252.56653497957
2046,FM02_TSA,DEG,93983.75164704431
2046,FM03_Beech,DE1,0.0
2046,FM03_Beech,DE2,0.0
2046,FM03_Beech,DE3,0.0
2046,FM03_Beech,DE4,0.0
2046,FM03_Beech,DE5,0.0
2046,FM03_Beech,DE6,0.0
2046,FM03_Beech,DE7,0.0
2046,FM03_Beech,DE8,0.0
2046,FM03_Beech,DE9,0.0
2046,FM03_Beech,DEA,0.0
2046,FM03_Beech,DEB,0.0
2046,FM03_Beech,DEC,0.0
2046,FM03_Beech,DEE,0.0
2046,FM03_Beech,DED,0.0
2046,FM03_Beech,DEF,0.0
2046,FM03_Beech,DEG,0.0
2046,FM04_DouglasFir,DE1,0.0
2046,FM04_DouglasFir,DE2,0.0
2046,FM04_DouglasFir,DE3,0.0
2046,FM04_DouglasFir,DE4,0.0
2046,FM04_DouglasFir,DE5,0.0
2046,FM04_DouglasFir,DE6,0.0
2046,FM04_DouglasFir,DE7,0.0
2046,FM04_DouglasFir,DE8,0.0
2046,FM04_DouglasFir,DE9,0.0
2046,FM04_DouglasFir,DEA,0.0
2046,FM04_DouglasFir,DEB,0.0
2046,FM04_DouglasFir,DEC,0.0
2046,FM04_DouglasFir,DEE,0.0
2046,FM04_DouglasFir,DED,0.0
2046,FM04_DouglasFir,DEF,0.0
2046,FM04_DouglasFir,DEG,0.0
2046,FM05_Oak,DE1,0.0
2046,FM05_Oak,DE2,0.0
2046,FM05_Oak,DE3,0.0
2046,FM05_Oak,DE4,0.0
2046,FM05_Oak,DE5,0.0
2046,FM05_Oak,DE6,0.0
2046,FM05_Oak,DE7,0.0
2046,FM05_Oak,DE8,0.0
2046,FM05_Oak,DE9,0.0
2046,FM05_Oak,DEA,0.0
2046,FM05_Oak,DEB,0.0
2046,FM05_Oak,DEC,0.0
2046,FM05_Oak,DEE,0.0
2046,FM05_Oak,DED,0.0
2046,FM05_Oak,DEF,0.0
2046,FM05_Oak,DEG,0.0
2046,FM06_ScotPine,DE1,0.0
2046,FM06_ScotPine,DE2,0.0
2046,FM06_ScotPine,DE3,0.0
2046,FM06_ScotPine,DE4,0.0
2046,FM06_ScotPine,DE5,0.0
2046,FM06_ScotPine,DE6,0.0
2046,FM06_ScotPine,DE7,0.0
2046,FM06_ScotPine,DE8,0.0
2046,FM06_ScotPine,DE9,0.0
2046,FM06_ScotPine,DEA,0.0
2046,FM06_ScotPine,DEB,0.0
2046,FM06_ScotPine,DEC,0.0
2046,FM06_ScotPine,DEE,0.0
2046,FM06_ScotPine,DED,0.0
2046,FM06_ScotPine,DEF,0.0
2046,FM06_ScotPine,DEG,0.0
2046,PC_Rewetting,DE1,4353022.562246336
2046,PC_Rewetting,DE2,20472721.832049645
2046,PC_Rewetting,DE3,62860.150460494624
2046,PC_Rewetting,DE4,23203578.978580132
2046,PC_Rewetting,DE5,590706.7677118677
2046,PC_Rewetting,DE6,287819.54925933375
2046,PC_Rewetting,DE7,680661.6550509133
2046,PC_Rewetting,DE8,56740296.895510845
2046,PC_Rewetting,DE9,60312721.88563942
2046,PC_Rewetting,DEA,4137473.6897759447
2046,PC_Rewetting,DEB,575097.7451344806
2046,PC_Rewetting,DEC,71810.5264123836
2046,PC_Rewetting,DEE,7585894.747046081
2046,PC_Rewetting,DED,2768751.883423566
2046,PC_Rewetting,DEF,42748680.68192328
2046,PC_Rewetting,DEG,99157.89487022186
2047,FM01_PSA,DE1,0.0
2047,FM01_PSA,DE2,0.0
2047,FM01_PSA,DE3,0.0
2047,FM01_PSA,DE4,0.0
2047,FM01_PSA,DE5,0.0
2047,FM01_PSA,DE6,0.0
2047,FM01_PSA,DE7,0.0
2047,FM01_PSA,DE8,0.0
2047,FM01_PSA,DE9,0.0
2047,FM01_PSA,DEA,0.0
2047,FM01_PSA,DEB,0.0
2047,FM01_PSA,DEC,0.0
2047,FM01_PSA,DEE,0.0
2047,FM01_PSA,DED,0.0
2047,FM01_PSA,DEF,0.0
2047,FM01_PSA,DEG,0.0
2047,FM02_TSA,DE1,292133.2057857681
2047,FM02_TSA,DE2,313148.35833903437
2047,FM02_TSA,DE3,101.32871476338484
2047,FM02_TSA,DE4,19422.208916532734
2047,FM02_TSA,DE5,72.64746758099153
2047,FM02_TSA,DE6,399.59434744703276
2047,FM02_TSA,DE7,278071.086282386
2047,FM02_TSA,DE8,52243.696995960985
2047,FM02_TSA,DE9,123359.2949708471
2047,FM02_TSA,DEA,150404.4030654814
2047,FM02_TSA,DEB,196189.22617821686
2047,FM02_TSA,DEC,24114.6624460954
2047,FM02_TSA,DEE,33554.047753869236
2047,FM02_TSA,DED,21088.542407811245
2047,FM02_TSA,DEF,36393.33910321334
2047,FM02_TSA,DEG,94348.70054187176
2047,FM03_Beech,DE1,0.0
2047,FM03_Beech,DE2,0.0
2047,FM03_Beech,DE3,0.0
2047,FM03_Beech,DE4,0.0
2047,FM03_Beech,DE5,0.0
2047,FM03_Beech,DE6,0.0
2047,FM03_Beech,DE7,0.0
2047,FM03_Beech,DE8,0.0
2047,FM03_Beech,DE9,0.0
2047,FM03_Beech,DEA,0.0
2047,FM03_Beech,DEB,0.0
2047,FM03_Beech,DEC,0.0
2047,FM03_Beech,DEE,0.0
2047,FM03_Beech,DED,0.0
2047,FM03_Beech,DEF,0.0
2047,FM03_Beech,DEG,0.0
2047,FM04_DouglasFir,DE1,0.0
2047,FM04_DouglasFir,DE2,0.0
2047,FM04_DouglasFir,DE3,0.0
2047,FM04_DouglasFir,DE4,0.0
2047,FM04_DouglasFir,DE5,0.0
2047,FM04_DouglasFir,DE6,0.0
2047,FM04_DouglasFir,DE7,0.0
2047,FM04_DouglasFir,DE8,0.0
2047,FM04_DouglasFir,DE9,0.0
2047,FM04_DouglasFir,DEA,0.0
2047,FM04_DouglasFir,DEB,0.0
2047,FM04_DouglasFir,DEC,0.0
2047,FM04_DouglasFir,DEE,0.0
2047,FM04_DouglasFir,DED,0.0
2047,FM04_DouglasFir,DEF,0.0
2047,FM04_DouglasFir,DEG,0.0
2047,FM05_Oak,DE1,0.0
2047,FM05_Oak,DE2,0.0
2047,FM05_Oak,DE3,0.0
2047,FM05_Oak,DE4,0.0
2047,FM05_Oak,DE5,0.0
2047,FM05_Oak,DE6,0.0
2047,FM05_Oak,DE7,0.0
2047,FM05_Oak,DE8,0.0
2047,FM05_Oak,DE9,0.0
2047,FM05_Oak,DEA,0.0
2047,FM05_Oak,DEB,0.0
2047,FM05_Oak,DEC,0.0
2047,FM05_Oak,DEE,0.0
2047,FM05_Oak,DED,0.0
2047,FM05_Oak,DEF,0.0
2047,FM05_Oak,DEG,0.0
2047,FM06_ScotPine,DE1,0.0
2047,FM06_ScotPine,DE2,0.0
2047,FM06_ScotPine,DE3,0.0
2047,FM06_ScotPine,DE4,0.0
2047,FM06_ScotPine,DE5,0.0
2047,FM06_ScotPine,DE6,0.0
2047,FM06_ScotPine,DE7,0.0
2047,FM06_ScotPine,DE8,0.0
2047,FM06_ScotPine,DE9,0.0
2047,FM06_ScotPine,DEA,0.0
2047,FM06_ScotPine,DEB,0.0
2047,FM06_ScotPine,DEC,0.0
2047,FM06_ScotPine,DEE,0.0
2047,FM06_ScotPine,DED,0.0
2047,FM06_ScotPine,DEF,0.0
2047,FM06_ScotPine,DEG,0.0
2047,PC_Rewetting,DE1,4448025.610694889
2047,PC_Rewetting,DE2,20919531.13668148
2047,PC_Rewetting,DE3,64232.04914337211
2047,PC_Rewetting,DE4,23709988.193409543
2047,PC_Rewetting,DE5,603598.7164369989
2047,PC_Rewetting,DE6,294101.10057034163
2047,PC_Rewetting,DE7,695516.8347030272
2047,PC_Rewetting,DE8,57978632.12071763
2047,PC_Rewetting,DE9,61629023.91656863
2047,PC_Rewetting,DEA,4227772.466725439
2047,PC_Rewetting,DEB,587649.0329264443
2047,PC_Rewetting,DEC,73377.76361878835
2047,PC_Rewetting,DEE,7751453.991427151
2047,PC_Rewetting,DED,2829178.831724788
2047,PC_Rewetting,DEF,43681654.2477301
2047,PC_Rewetting,DEG,101321.97790808947
2048,FM01_PSA,DE1,0.0
2048,FM01_PSA,DE2,0.0
2048,FM01_PSA,DE3,0.0
2048,FM01_PSA,DE4,0.0
2048,FM01_PSA,DE5,0.0
2048,FM01_PSA,DE6,0.0
2048,FM01_PSA,DE7,0.0
2048,FM01_PSA,DE8,0.0
2048,FM01_PSA,DE9,0.0
2048,FM01_PSA,DEA,0.0
2048,FM01_PSA,DEB,0.0
2048,FM01_PSA,DEC,0.0
2048,FM01_PSA,DEE,0.0
2048,FM01_PSA,DED,0.0
2048,FM01_PSA,DEF,0.0
2048,FM01_PSA,DEG,0.0
2048,FM02_TSA,DE1,309479.4161796251
2048,FM02_TSA,DE2,315448.88313790807
2048,FM02_TSA,DE3,101.72066295403076
2048,FM02_TSA,DE4,19497.335692402325
2048,FM02_TSA,DE5,72.92847423877723
2048,FM02_TSA,DE6,422.11726275556674
2048,FM02_TSA,DE7,279146.6891792927
2048,FM02_TSA,DE8,52445.78011285472
2048,FM02_TSA,DE9,123836.45934203334
2048,FM02_TSA,DEA,150986.1802427046
2048,FM02_TSA,DEB,196948.1029922013
2048,FM02_TSA,DEC,24207.94003612361
2048,FM02_TSA,DEE,35445.303174891116
2048,FM02_TSA,DED,22277.18648565201
2048,FM02_TSA,DEF,36534.111671447106
2048,FM02_TSA,DEG,94713.64943669918
2048,FM03_Beech,DE1,0.0
2048,FM03_Beech,DE2,0.0
2048,FM03_Beech,DE3,0.0
2048,FM03_Beech,DE4,0.0
2048,FM03_Beech,DE5,0.0
2048,FM03_Beech,DE6,0.0
2048,FM03_Beech,DE7,0.0
2048,FM03_Beech,DE8,0.0
2048,FM03_Beech,DE9,0.0
2048,FM03_Beech,DEA,0.0
2048,FM03_Beech,DEB,0.0
2048,FM03_Beech,DEC,0.0
2048,FM03_Beech,DEE,0.0
2048,FM03_Beech,DED,0.0
2048,FM03_Beech,DEF,0.0
2048,FM03_Beech,DEG,0.0
2048,FM04_DouglasFir,DE1,0.0
2048,FM04_DouglasFir,DE2,0.0
2048,FM04_DouglasFir,DE3,0.0
2048,FM04_DouglasFir,DE4,0.0
2048,FM04_DouglasFir,DE5,0.0
2048,FM04_DouglasFir,DE6,0.0
2048,FM04_DouglasFir,DE7,0.0
2048,FM04_DouglasFir,DE8,0.0
2048,FM04_DouglasFir,DE9,0.0
2048,FM04_DouglasFir,DEA,0.0
2048,FM04_DouglasFir,DEB,0.0
2048,FM04_DouglasFir,DEC,0.0
2048,FM04_DouglasFir,DEE,0.0
2048,FM04_DouglasFir,DED,0.0
2048,FM04_DouglasFir,DEF,0.0
2048,FM04_DouglasFir,DEG,0.0
2048,FM05_Oak,DE1,0.0
2048,FM05_Oak,DE2,0.0
2048,FM05_Oak,DE3,0.0
2048,FM05_Oak,DE4,0.0
2048,FM05_Oak,DE5,0.0
2048,FM05_Oak,DE6,0.0
2048,FM05_Oak,DE7,0.0
2048,FM05_Oak,DE8,0.0
2048,FM05_Oak,DE9,0.0
2048,FM05_Oak,DEA,0.0
2048,FM05_Oak,DEB,0.0
2048,FM05_Oak,DEC,0.0
2048,FM05_Oak,DEE,0.0
2048,FM05_Oak,DED,0.0
2048,FM05_Oak,DEF,0.0
2048,FM05_Oak,DEG,0.0
2048,FM06_ScotPine,DE1,0.0
2048,FM06_ScotPine,DE2,0.0
2048,FM06_ScotPine,DE3,0.0
2048,FM06_ScotPine,DE4,0.0
2048,FM06_ScotPine,DE5,0.0
2048,FM06_ScotPine,DE6,0.0
2048,FM06_ScotPine,DE7,0.0
2048,FM06_ScotPine,DE8,0.0
2048,FM06_ScotPine,DE9,0.0
2048,FM06_ScotPine,DEA,0.0
2048,FM06_ScotPine,DEB,0.0
2048,FM06_ScotPine,DEC,0.0
2048,FM06_ScotPine,DEE,0.0
2048,FM06_ScotPine,DED,0.0
2048,FM06_ScotPine,DEF,0.0
2048,FM06_ScotPine,DEG,0.0
2048,PC_Rewetting,DE1,4543028.659143443
2048,PC_Rewetting,DE2,21366340.44131332
2048,PC_Rewetting,DE3,65603.94782624961
2048,PC_Rewetting,DE4,24216397.40823896
2048,PC_Rewetting,DE5,616490.6651621303
2048,PC_Rewetting,DE6,300382.65188134956
2048,PC_Rewetting,DE7,710372.0143551412
2048,PC_Rewetting,DE8,59216967.34592442
2048,PC_Rewetting,DE9,62945325.94749785
2048,PC_Rewetting,DEA,4318071.243674934
2048,PC_Rewetting,DEB,600200.3207184081
2048,PC_Rewetting,DEC,74945.00082519311
2048,PC_Rewetting,DEE,7917013.23580822
2048,PC_Rewetting,DED,2889605.7800260107
2048,PC_Rewetting,DEF,44614627.81353693
2048,PC_Rewetting,DEG,103486.06094595708
2049,FM01_PSA,DE1,0.0
2049,FM01_PSA,DE2,0.0
2049,FM01_PSA,DE3,12.732777229300368
2049,FM01_PSA,DE4,0.0
2049,FM01_PSA,DE5,0.0
2049,FM01_PSA,DE6,0.0
2049,FM01_PSA,DE7,0.0
2049,FM01_PSA,DE8,0.0
2049,FM01_PSA,DE9,0.0
2049,FM01_PSA,DEA,0.0
2049,FM01_PSA,DEB,0.0
2049,FM01_PSA,DEC,0.0
2049,FM01_PSA,DEE,0.0
2049,FM01_PSA,DED,0.0
2049,FM01_PSA,DEF,0.0
2049,FM01_PSA,DEG,0.0
2049,FM02_TSA,DE1,327260.3372781519
2049,FM02_TSA,DE2,333067.63443702756
2049,FM02_TSA,DE3,102.1126111446767
2049,FM02_TSA,DE4,20617.541332757024
2049,FM02_TSA,DE5,77.3854536530296
2049,FM02_TSA,DE6,445.2025186397105
2049,FM02_TSA,DE7,295184.86488895316
2049,FM02_TSA,DE8,55818.311765073144
2049,FM02_TSA,DE9,131799.7764655649
2049,FM02_TSA,DEA,160641.7169157574
2049,FM02_TSA,DEB,209612.872393215
2049,FM02_TSA,DEC,25687.393590152435
2049,FM02_TSA,DEE,37383.77848940874
2049,FM02_TSA,DED,23495.50801802171
2049,FM02_TSA,DEF,38766.87171938812
2049,FM02_TSA,DEG,100804.22106963205
2049,FM03_Beech,DE1,0.0
2049,FM03_Beech,DE2,0.0
2049,FM03_Beech,DE3,0.0
2049,FM03_Beech,DE4,0.0
2049,FM03_Beech,DE5,0.0
2049,FM03_Beech,DE6,0.0
2049,FM03_Beech,DE7,0.0
2049,FM03_Beech,DE8,0.0
2049,FM03_Beech,DE9,0.0
2049,FM03_Beech,DEA,0.0
2049,FM03_Beech,DEB,0.0
2049,FM03_Beech,DEC,0.0
2049,FM03_Beech,DEE,0.0
2049,FM03_Beech,DED,0.0
2049,FM03_Beech,DEF,0.0
2049,FM03_Beech,DEG,0.0
2049,FM04_DouglasFir,DE1,0.0
2049,FM04_DouglasFir,DE2,0.0
2049,FM04_DouglasFir,DE3,0.0
2049,FM04_DouglasFir,DE4,0.0
2049,FM04_DouglasFir,DE5,0.0
2049,FM04_DouglasFir,DE6,0.0
2049,FM04_DouglasFir,DE7,0.0
2049,FM04_DouglasFir,DE8,0.0
2049,FM04_DouglasFir,DE9,0.0
2049,FM04_DouglasFir,DEA,0.0
2049,FM04_DouglasFir,DEB,0.0
2049,FM04_DouglasFir,DEC,0.0
2049,FM04_DouglasFir,DEE,0.0
2049,FM04_DouglasFir,DED,0.0
2049,FM04_DouglasFir,DEF,0.0
2049,FM04_DouglasFir,DEG,0.0
2049,FM05_Oak,DE1,0.0
2049,FM05_Oak,DE2,0.0
2049,FM05_Oak,DE3,0.0
2049,FM05_Oak,DE4,0.0
2049,FM05_Oak,DE5,0.0
2049,FM05_Oak,DE6,0.0
2049,FM05_Oak,DE7,0.0
2049,FM05_Oak,DE8,0.0
2049,FM05_Oak,DE9,0.0
2049,FM05_Oak,DEA,0.0
2049,FM05_Oak,DEB,0.0
2049,FM05_Oak,DEC,0.0
2049,FM05_Oak,DEE,0.0
2049,FM05_Oak,DED,0.0
2049,FM05_Oak,DEF,0.0
2049,FM05_Oak,DEG,0.0
2049,FM06_ScotPine,DE1,0.0
2049,FM06_ScotPine,DE2,0.0
2049,FM06_ScotPine,DE3,0.0
2049,FM06_ScotPine,DE4,0.0
2049,FM06_ScotPine,DE5,0.0
2049,FM06_ScotPine,DE6,0.0
2049,FM06_ScotPine,DE7,0.0
2049,FM06_ScotPine,DE8,0.0
2049,FM06_ScotPine,DE9,0.0
2049,FM06_ScotPine,DEA,0.0
2049,FM06_ScotPine,DEB,0.0
2049,FM06_ScotPine,DEC,0.0
2049,FM06_ScotPine,DEE,0.0
2049,FM06_ScotPine,DED,0.0
2049,FM06_ScotPine,DEF,0.0
2049,FM06_ScotPine,DEG,0.0
2049,PC_Rewetting,DE1,5607049.046499611
2049,PC_Rewetting,DE2,21813149.745945152
2049,PC_Rewetting,DE3,80969.0144404983
2049,PC_Rewetting,DE4,29888107.292530872
2049,PC_Rewetting,DE5,713804.2283351831
2049,PC_Rewetting,DE6,370735.1170736178
2049,PC_Rewetting,DE7,876747.8756123423
2049,PC_Rewetting,DE8,66205857.89877115
2049,PC_Rewetting,DE9,64261627.97842706
2049,PC_Rewetting,DEA,4408370.020624429
2049,PC_Rewetting,DEB,740772.9267170031
2049,PC_Rewetting,DEC,92497.83062034241
2049,PC_Rewetting,DEE,9771252.801943121
2049,PC_Rewetting,DED,3566378.8519241726
2049,PC_Rewetting,DEF,48781435.14178699
2049,PC_Rewetting,DEG,127723.47763758806
2050,FM01_PSA,DE1,0.0
2050,FM01_PSA,DE2,0.0
2050,FM01_PSA,DE3,12.99334585131507
2050,FM01_PSA,DE4,0.0
2050,FM01_PSA,DE5,0.0
2050,FM01_PSA,DE6,0.0
2050,FM01_PSA,DE7,0.0
2050,FM01_PSA,DE8,0.0
2050,FM01_PSA,DE9,0.0
2050,FM01_PSA,DEA,0.0
2050,FM01_PSA,DEB,0.0
2050,FM01_PSA,DEC,0.0
2050,FM01_PSA,DEE,0.0
2050,FM01_PSA,DED,0.0
2050,FM01_PSA,DEF,0.0
2050,FM01_PSA,DEG,0.0
2050,FM02_TSA,DE1,345479.5358223362
2050,FM02_TSA,DE2,341623.06280135363
2050,FM02_TSA,DE3,108.46074142214434
2050,FM02_TSA,DE4,21765.358639793405
2050,FM02_TSA,DE5,81.9527649969973
2050,FM02_TSA,DE6,446.9113802552912
2050,FM02_TSA,DE7,311618.3615521282
2050,FM02_TSA,DE8,56032.56430504819
2050,FM02_TSA,DE9,132305.67562272216
2050,FM02_TSA,DEA,170536.98824545933
2050,FM02_TSA,DEB,222592.20325827945
2050,FM02_TSA,DEC,27203.47081917923
2050,FM02_TSA,DEE,37527.272071388266
2050,FM02_TSA,DED,23585.692979044037
2050,FM02_TSA,DEF,41054.90344390292
2050,FM02_TSA,DEG,107046.06739767373
2050,FM03_Beech,DE1,0.0
2050,FM03_Beech,DE2,0.0
2050,FM03_Beech,DE3,0.0
2050,FM03_Beech,DE4,0.0
2050,FM03_Beech,DE5,0.0
2050,FM03_Beech,DE6,0.0
2050,FM03_Beech,DE7,0.0
2050,FM03_Beech,DE8,0.0
2050,FM03_Beech,DE9,0.0
2050,FM03_Beech,DEA,0.0
2050,FM03_Beech,DEB,0.0
2050,FM03_Beech,DEC,0.0
2050,FM03_Beech,DEE,0.0
2050,FM03_Beech,DED,0.0
2050,FM03_Beech,DEF,0.0
2050,FM03_Beech,DEG,0.0
2050,FM04_DouglasFir,DE1,0.0
2050,FM04_DouglasFir,DE2,0.0
2050,FM04_DouglasFir,DE3,0.0
2050,FM04_DouglasFir,DE4,0.0
2050,FM04_DouglasFir,DE5,0.0
2050,FM04_DouglasFir,DE6,0.0
2050,FM04_DouglasFir,DE7,0.0
2050,FM04_DouglasFir,DE8,0.0
2050,FM04_DouglasFir,DE9,0.0
2050,FM04_DouglasFir,DEA,0.0
2050,FM04_DouglasFir,DEB,0.0
2050,FM04_DouglasFir,DEC,0.0
2050,FM04_DouglasFir,DEE,0.0
2050,FM04_DouglasFir,DED,0.0
2050,FM04_DouglasFir,DEF,0.0
2050,FM04_DouglasFir,DEG,0.0
2050,FM05_Oak,DE1,0.0
2050,FM05_Oak,DE2,0.0
2050,FM05_Oak,DE3,0.0
2050,FM05_Oak,DE4,0.0
2050,FM05_Oak,DE5,0.0
2050,FM05_Oak,DE6,0.0
2050,FM05_Oak,DE7,0.0
2050,FM05_Oak,DE8,0.0
2050,FM05_Oak,DE9,0.0
2050,FM05_Oak,DEA,0.0
2050,FM05_Oak,DEB,0.0
2050,FM05_Oak,DEC,0.0
2050,FM05_Oak,DEE,0.0
2050,FM05_Oak,DED,0.0
2050,FM05_Oak,DEF,0.0
2050,FM05_Oak,DEG,0.0
2050,FM06_ScotPine,DE1,0.0
2050,FM06_ScotPine,DE2,0.0
2050,FM06_ScotPine,DE3,0.0
2050,FM06_ScotPine,DE4,0.0
2050,FM06_ScotPine,DE5,0.0
2050,FM06_ScotPine,DE6,0.0
2050,FM06_ScotPine,DE7,0.0
2050,FM06_ScotPine,DE8,0.0
2050,FM06_ScotPine,DE9,0.0
2050,FM06_ScotPine,DEA,0.0
2050,FM06_ScotPine,DEB,0.0
2050,FM06_ScotPine,DEC,0.0
2050,FM06_ScotPine,DEE,0.0
2050,FM06_ScotPine,DED,0.0
2050,FM06_ScotPine,DEF,0.0
2050,FM06_ScotPine,DEG,0.0
2050,PC_Rewetting,DE1,6744574.527357784
2050,PC_Rewetting,DE2,22259959.050576985
2050,PC_Rewetting,DE3,97395.53689860653
2050,PC_Rewetting,DE4,35951632.56900434
2050,PC_Rewetting,DE5,728425.4258522905
2050,PC_Rewetting,DE6,445947.70016729546
2050,PC_Rewetting,DE7,1054617.3824646007
2050,PC_Rewetting,DE8,73630958.50697473
2050,PC_Rewetting,DE9,65577930.009356275
2050,PC_Rewetting,DEA,4498668.797573923
2050,PC_Rewetting,DEB,891056.627230828
2050,PC_Rewetting,DEC,111263.25221415372
2050,PC_Rewetting,DEE,11753587.707512759
2050,PC_Rewetting,DED,4289905.039195549
2050,PC_Rewetting,DEF,53193545.8753882
2050,PC_Rewetting,DEG,153635.27350591152
