year,techAgri,r,costTechAgri
2020,Agri01_AGC,DE1,0.0
2020,Agri01_AGC,DE2,0.0
2020,Agri01_AGC,DE3,0.0
2020,Agri01_AGC,DE4,0.0
2020,Agri01_AGC,DE5,0.0
2020,Agri01_AGC,DE6,0.0
2020,Agri01_AGC,DE7,0.0
2020,Agri01_AGC,DE8,0.0
2020,Agri01_AGC,DE9,0.0
2020,Agri01_AGC,DEA,0.0
2020,Agri01_AGC,DEB,0.0
2020,Agri01_AGC,DEC,0.0
2020,Agri01_AGC,DEE,0.0
2020,Agri01_AGC,DED,0.0
2020,Agri01_AGC,DEF,0.0
2020,Agri01_AGC,DEG,0.0
2020,Agri02_OFC,DE1,0.0
2020,Agri02_OFC,DE2,0.0
2020,Agri02_OFC,DE3,0.0
2020,Agri02_OFC,DE4,0.0
2020,Agri02_OFC,DE5,0.0
2020,Agri02_OFC,DE6,0.0
2020,Agri02_OFC,DE7,0.0
2020,Agri02_OFC,DE8,0.0
2020,Agri02_OFC,DE9,0.0
2020,Agri02_OFC,DEA,0.0
2020,Agri02_OFC,DEB,0.0
2020,Agri02_OFC,DEC,0.0
2020,Agri02_OFC,DEE,0.0
2020,Agri02_OFC,DED,0.0
2020,Agri02_OFC,DEF,0.0
2020,Agri02_OFC,DEG,0.0
2020,Agri03_No-till,DE1,0.0
2020,Agri03_No-till,DE2,0.0
2020,Agri03_No-till,DE3,0.0
2020,Agri03_No-till,DE4,0.0
2020,Agri03_No-till,DE5,0.0
2020,Agri03_No-till,DE6,0.0
2020,Agri03_No-till,DE7,0.0
2020,Agri03_No-till,DE8,0.0
2020,Agri03_No-till,DE9,0.0
2020,Agri03_No-till,DEA,0.0
2020,Agri03_No-till,DEB,0.0
2020,Agri03_No-till,DEC,0.0
2020,Agri03_No-till,DEE,0.0
2020,Agri03_No-till,DED,0.0
2020,Agri03_No-till,DEF,0.0
2020,Agri03_No-till,DEG,0.0
2020,Agri04_toGrassland,DE1,0.0
2020,Agri04_toGrassland,DE2,0.0
2020,Agri04_toGrassland,DE3,0.0
2020,Agri04_toGrassland,DE4,0.0
2020,Agri04_toGrassland,DE5,0.0
2020,Agri04_toGrassland,DE6,0.0
2020,Agri04_toGrassland,DE7,0.0
2020,Agri04_toGrassland,DE8,0.0
2020,Agri04_toGrassland,DE9,0.0
2020,Agri04_toGrassland,DEA,0.0
2020,Agri04_toGrassland,DEB,0.0
2020,Agri04_toGrassland,DEC,0.0
2020,Agri04_toGrassland,DEE,0.0
2020,Agri04_toGrassland,DED,0.0
2020,Agri04_toGrassland,DEF,0.0
2020,Agri04_toGrassland,DEG,0.0
2020,Agri05_Agroforestry,DE1,0.0
2020,Agri05_Agroforestry,DE2,0.0
2020,Agri05_Agroforestry,DE3,0.0
2020,Agri05_Agroforestry,DE4,0.0
2020,Agri05_Agroforestry,DE5,0.0
2020,Agri05_Agroforestry,DE6,0.0
2020,Agri05_Agroforestry,DE7,0.0
2020,Agri05_Agroforestry,DE8,0.0
2020,Agri05_Agroforestry,DE9,0.0
2020,Agri05_Agroforestry,DEA,0.0
2020,Agri05_Agroforestry,DEB,0.0
2020,Agri05_Agroforestry,DEC,0.0
2020,Agri05_Agroforestry,DEE,0.0
2020,Agri05_Agroforestry,DED,0.0
2020,Agri05_Agroforestry,DEF,0.0
2020,Agri05_Agroforestry,DEG,0.0
2020,Agri06_Biochar,DE1,0.0
2020,Agri06_Biochar,DE2,0.0
2020,Agri06_Biochar,DE3,0.0
2020,Agri06_Biochar,DE4,0.0
2020,Agri06_Biochar,DE5,0.0
2020,Agri06_Biochar,DE6,0.0
2020,Agri06_Biochar,DE7,0.0
2020,Agri06_Biochar,DE8,0.0
2020,Agri06_Biochar,DE9,0.0
2020,Agri06_Biochar,DEA,0.0
2020,Agri06_Biochar,DEB,0.0
2020,Agri06_Biochar,DEC,0.0
2020,Agri06_Biochar,DEE,0.0
2020,Agri06_Biochar,DED,0.0
2020,Agri06_Biochar,DEF,0.0
2020,Agri06_Biochar,DEG,0.0
2021,Agri01_AGC,DE1,0.0
2021,Agri01_AGC,DE2,0.0
2021,Agri01_AGC,DE3,0.0
2021,Agri01_AGC,DE4,0.0
2021,Agri01_AGC,DE5,0.0
2021,Agri01_AGC,DE6,0.0
2021,Agri01_AGC,DE7,0.0
2021,Agri01_AGC,DE8,0.0
2021,Agri01_AGC,DE9,0.0
2021,Agri01_AGC,DEA,0.0
2021,Agri01_AGC,DEB,0.0
2021,Agri01_AGC,DEC,0.0
2021,Agri01_AGC,DEE,0.0
2021,Agri01_AGC,DED,0.0
2021,Agri01_AGC,DEF,0.0
2021,Agri01_AGC,DEG,0.0
2021,Agri02_OFC,DE1,0.0
2021,Agri02_OFC,DE2,0.0
2021,Agri02_OFC,DE3,0.0
2021,Agri02_OFC,DE4,0.0
2021,Agri02_OFC,DE5,0.0
2021,Agri02_OFC,DE6,0.0
2021,Agri02_OFC,DE7,0.0
2021,Agri02_OFC,DE8,0.0
2021,Agri02_OFC,DE9,0.0
2021,Agri02_OFC,DEA,0.0
2021,Agri02_OFC,DEB,0.0
2021,Agri02_OFC,DEC,0.0
2021,Agri02_OFC,DEE,0.0
2021,Agri02_OFC,DED,0.0
2021,Agri02_OFC,DEF,0.0
2021,Agri02_OFC,DEG,0.0
2021,Agri03_No-till,DE1,0.0
2021,Agri03_No-till,DE2,0.0
2021,Agri03_No-till,DE3,0.0
2021,Agri03_No-till,DE4,0.0
2021,Agri03_No-till,DE5,0.0
2021,Agri03_No-till,DE6,0.0
2021,Agri03_No-till,DE7,0.0
2021,Agri03_No-till,DE8,0.0
2021,Agri03_No-till,DE9,0.0
2021,Agri03_No-till,DEA,0.0
2021,Agri03_No-till,DEB,0.0
2021,Agri03_No-till,DEC,0.0
2021,Agri03_No-till,DEE,0.0
2021,Agri03_No-till,DED,0.0
2021,Agri03_No-till,DEF,0.0
2021,Agri03_No-till,DEG,0.0
2021,Agri04_toGrassland,DE1,0.0
2021,Agri04_toGrassland,DE2,0.0
2021,Agri04_toGrassland,DE3,0.0
2021,Agri04_toGrassland,DE4,0.0
2021,Agri04_toGrassland,DE5,0.0
2021,Agri04_toGrassland,DE6,0.0
2021,Agri04_toGrassland,DE7,0.0
2021,Agri04_toGrassland,DE8,0.0
2021,Agri04_toGrassland,DE9,0.0
2021,Agri04_toGrassland,DEA,0.0
2021,Agri04_toGrassland,DEB,0.0
2021,Agri04_toGrassland,DEC,0.0
2021,Agri04_toGrassland,DEE,0.0
2021,Agri04_toGrassland,DED,0.0
2021,Agri04_toGrassland,DEF,0.0
2021,Agri04_toGrassland,DEG,0.0
2021,Agri05_Agroforestry,DE1,173468.4453469064
2021,Agri05_Agroforestry,DE2,378228.6296821209
2021,Agri05_Agroforestry,DE3,353.1979343077102
2021,Agri05_Agroforestry,DE4,149568.38253149454
2021,Agri05_Agroforestry,DE5,1135.5663080138354
2021,Agri05_Agroforestry,DE6,1865.2145501504197
2021,Agri05_Agroforestry,DE7,97548.61657117239
2021,Agri05_Agroforestry,DE8,165010.48457646373
2021,Agri05_Agroforestry,DE9,312316.2820149243
2021,Agri05_Agroforestry,DEA,181251.90763718053
2021,Agri05_Agroforestry,DEB,90186.06638685455
2021,Agri05_Agroforestry,DEC,9589.641641565737
2021,Agri05_Agroforestry,DEE,138322.2456123251
2021,Agri05_Agroforestry,DED,102931.25239947802
2021,Agri05_Agroforestry,DEF,119268.85179895135
2021,Agri05_Agroforestry,DEG,95350.34438631192
2021,Agri06_Biochar,DE1,0.0
2021,Agri06_Biochar,DE2,0.0
2021,Agri06_Biochar,DE3,0.0
2021,Agri06_Biochar,DE4,0.0
2021,Agri06_Biochar,DE5,0.0
2021,Agri06_Biochar,DE6,0.0
2021,Agri06_Biochar,DE7,0.0
2021,Agri06_Biochar,DE8,0.0
2021,Agri06_Biochar,DE9,0.0
2021,Agri06_Biochar,DEA,0.0
2021,Agri06_Biochar,DEB,0.0
2021,Agri06_Biochar,DEC,0.0
2021,Agri06_Biochar,DEE,0.0
2021,Agri06_Biochar,DED,0.0
2021,Agri06_Biochar,DEF,0.0
2021,Agri06_Biochar,DEG,0.0
2022,Agri01_AGC,DE1,0.0
2022,Agri01_AGC,DE2,0.0
2022,Agri01_AGC,DE3,0.0
2022,Agri01_AGC,DE4,0.0
2022,Agri01_AGC,DE5,0.0
2022,Agri01_AGC,DE6,0.0
2022,Agri01_AGC,DE7,0.0
2022,Agri01_AGC,DE8,0.0
2022,Agri01_AGC,DE9,0.0
2022,Agri01_AGC,DEA,0.0
2022,Agri01_AGC,DEB,0.0
2022,Agri01_AGC,DEC,0.0
2022,Agri01_AGC,DEE,0.0
2022,Agri01_AGC,DED,0.0
2022,Agri01_AGC,DEF,0.0
2022,Agri01_AGC,DEG,0.0
2022,Agri02_OFC,DE1,0.0
2022,Agri02_OFC,DE2,0.0
2022,Agri02_OFC,DE3,0.0
2022,Agri02_OFC,DE4,0.0
2022,Agri02_OFC,DE5,0.0
2022,Agri02_OFC,DE6,0.0
2022,Agri02_OFC,DE7,0.0
2022,Agri02_OFC,DE8,0.0
2022,Agri02_OFC,DE9,0.0
2022,Agri02_OFC,DEA,0.0
2022,Agri02_OFC,DEB,0.0
2022,Agri02_OFC,DEC,0.0
2022,Agri02_OFC,DEE,0.0
2022,Agri02_OFC,DED,0.0
2022,Agri02_OFC,DEF,0.0
2022,Agri02_OFC,DEG,0.0
2022,Agri03_No-till,DE1,0.0
2022,Agri03_No-till,DE2,0.0
2022,Agri03_No-till,DE3,0.0
2022,Agri03_No-till,DE4,0.0
2022,Agri03_No-till,DE5,0.0
2022,Agri03_No-till,DE6,0.0
2022,Agri03_No-till,DE7,0.0
2022,Agri03_No-till,DE8,0.0
2022,Agri03_No-till,DE9,0.0
2022,Agri03_No-till,DEA,0.0
2022,Agri03_No-till,DEB,0.0
2022,Agri03_No-till,DEC,0.0
2022,Agri03_No-till,DEE,0.0
2022,Agri03_No-till,DED,0.0
2022,Agri03_No-till,DEF,0.0
2022,Agri03_No-till,DEG,0.0
2022,Agri04_toGrassland,DE1,0.0
2022,Agri04_toGrassland,DE2,0.0
2022,Agri04_toGrassland,DE3,0.0
2022,Agri04_toGrassland,DE4,0.0
2022,Agri04_toGrassland,DE5,0.0
2022,Agri04_toGrassland,DE6,0.0
2022,Agri04_toGrassland,DE7,0.0
2022,Agri04_toGrassland,DE8,0.0
2022,Agri04_toGrassland,DE9,0.0
2022,Agri04_toGrassland,DEA,0.0
2022,Agri04_toGrassland,DEB,0.0
2022,Agri04_toGrassland,DEC,0.0
2022,Agri04_toGrassland,DEE,0.0
2022,Agri04_toGrassland,DED,0.0
2022,Agri04_toGrassland,DEF,0.0
2022,Agri04_toGrassland,DEG,0.0
2022,Agri05_Agroforestry,DE1,435688.3225521242
2022,Agri05_Agroforestry,DE2,859175.6126600135
2022,Agri05_Agroforestry,DE3,34806.13772554483
2022,Agri05_Agroforestry,DE4,391553.09363630216
2022,Agri05_Agroforestry,DE5,37763.040973628034
2022,Agri05_Agroforestry,DE6,7165.011379476168
2022,Agri05_Agroforestry,DE7,213065.51006509206
2022,Agri05_Agroforestry,DE8,417336.8533549763
2022,Agri05_Agroforestry,DE9,721996.3416091432
2022,Agri05_Agroforestry,DEA,450927.54512842494
2022,Agri05_Agroforestry,DEB,239228.54393995655
2022,Agri05_Agroforestry,DEC,71888.30174073933
2022,Agri05_Agroforestry,DEE,340023.25963299425
2022,Agri05_Agroforestry,DED,266096.26086658373
2022,Agri05_Agroforestry,DEF,246700.1738379026
2022,Agri05_Agroforestry,DEG,197231.65084115847
2022,Agri06_Biochar,DE1,0.0
2022,Agri06_Biochar,DE2,0.0
2022,Agri06_Biochar,DE3,0.0
2022,Agri06_Biochar,DE4,0.0
2022,Agri06_Biochar,DE5,0.0
2022,Agri06_Biochar,DE6,0.0
2022,Agri06_Biochar,DE7,0.0
2022,Agri06_Biochar,DE8,0.0
2022,Agri06_Biochar,DE9,0.0
2022,Agri06_Biochar,DEA,0.0
2022,Agri06_Biochar,DEB,0.0
2022,Agri06_Biochar,DEC,0.0
2022,Agri06_Biochar,DEE,0.0
2022,Agri06_Biochar,DED,0.0
2022,Agri06_Biochar,DEF,0.0
2022,Agri06_Biochar,DEG,0.0
2023,Agri01_AGC,DE1,0.0
2023,Agri01_AGC,DE2,0.0
2023,Agri01_AGC,DE3,0.0
2023,Agri01_AGC,DE4,0.0
2023,Agri01_AGC,DE5,0.0
2023,Agri01_AGC,DE6,0.0
2023,Agri01_AGC,DE7,0.0
2023,Agri01_AGC,DE8,0.0
2023,Agri01_AGC,DE9,0.0
2023,Agri01_AGC,DEA,0.0
2023,Agri01_AGC,DEB,0.0
2023,Agri01_AGC,DEC,0.0
2023,Agri01_AGC,DEE,0.0
2023,Agri01_AGC,DED,0.0
2023,Agri01_AGC,DEF,0.0
2023,Agri01_AGC,DEG,0.0
2023,Agri02_OFC,DE1,0.0
2023,Agri02_OFC,DE2,0.0
2023,Agri02_OFC,DE3,0.0
2023,Agri02_OFC,DE4,0.0
2023,Agri02_OFC,DE5,0.0
2023,Agri02_OFC,DE6,0.0
2023,Agri02_OFC,DE7,0.0
2023,Agri02_OFC,DE8,0.0
2023,Agri02_OFC,DE9,0.0
2023,Agri02_OFC,DEA,0.0
2023,Agri02_OFC,DEB,0.0
2023,Agri02_OFC,DEC,0.0
2023,Agri02_OFC,DEE,0.0
2023,Agri02_OFC,DED,0.0
2023,Agri02_OFC,DEF,0.0
2023,Agri02_OFC,DEG,0.0
2023,Agri03_No-till,DE1,0.0
2023,Agri03_No-till,DE2,0.0
2023,Agri03_No-till,DE3,0.0
2023,Agri03_No-till,DE4,0.0
2023,Agri03_No-till,DE5,0.0
2023,Agri03_No-till,DE6,0.0
2023,Agri03_No-till,DE7,0.0
2023,Agri03_No-till,DE8,0.0
2023,Agri03_No-till,DE9,0.0
2023,Agri03_No-till,DEA,0.0
2023,Agri03_No-till,DEB,0.0
2023,Agri03_No-till,DEC,0.0
2023,Agri03_No-till,DEE,0.0
2023,Agri03_No-till,DED,0.0
2023,Agri03_No-till,DEF,0.0
2023,Agri03_No-till,DEG,0.0
2023,Agri04_toGrassland,DE1,0.0
2023,Agri04_toGrassland,DE2,0.0
2023,Agri04_toGrassland,DE3,0.0
2023,Agri04_toGrassland,DE4,0.0
2023,Agri04_toGrassland,DE5,0.0
2023,Agri04_toGrassland,DE6,0.0
2023,Agri04_toGrassland,DE7,0.0
2023,Agri04_toGrassland,DE8,0.0
2023,Agri04_toGrassland,DE9,0.0
2023,Agri04_toGrassland,DEA,0.0
2023,Agri04_toGrassland,DEB,0.0
2023,Agri04_toGrassland,DEC,0.0
2023,Agri04_toGrassland,DEE,0.0
2023,Agri04_toGrassland,DED,0.0
2023,Agri04_toGrassland,DEF,0.0
2023,Agri04_toGrassland,DEG,0.0
2023,Agri05_Agroforestry,DE1,797093.6021609124
2023,Agri05_Agroforestry,DE2,1452217.6858730742
2023,Agri05_Agroforestry,DE3,36515.03977277995
2023,Agri05_Agroforestry,DE4,737291.4454293033
2023,Agri05_Agroforestry,DE5,115092.86715020801
2023,Agri05_Agroforestry,DE6,16376.910488409812
2023,Agri05_Agroforestry,DE7,347713.54024636094
2023,Agri05_Agroforestry,DE8,767330.2787207395
2023,Agri05_Agroforestry,DE9,1238630.7704920012
2023,Agri05_Agroforestry,DEA,819294.2258883907
2023,Agri05_Agroforestry,DEB,454424.8217368433
2023,Agri05_Agroforestry,DEC,194513.7969700761
2023,Agri05_Agroforestry,DEE,612334.377290444
2023,Agri05_Agroforestry,DED,496801.4297508071
2023,Agri05_Agroforestry,DEF,381682.1261056285
2023,Agri05_Agroforestry,DEG,305155.5772390035
2023,Agri06_Biochar,DE1,0.0
2023,Agri06_Biochar,DE2,0.0
2023,Agri06_Biochar,DE3,0.0
2023,Agri06_Biochar,DE4,0.0
2023,Agri06_Biochar,DE5,0.0
2023,Agri06_Biochar,DE6,0.0
2023,Agri06_Biochar,DE7,0.0
2023,Agri06_Biochar,DE8,0.0
2023,Agri06_Biochar,DE9,0.0
2023,Agri06_Biochar,DEA,0.0
2023,Agri06_Biochar,DEB,0.0
2023,Agri06_Biochar,DEC,0.0
2023,Agri06_Biochar,DEE,0.0
2023,Agri06_Biochar,DED,0.0
2023,Agri06_Biochar,DEF,0.0
2023,Agri06_Biochar,DEG,0.0
2024,Agri01_AGC,DE1,0.0
2024,Agri01_AGC,DE2,0.0
2024,Agri01_AGC,DE3,0.0
2024,Agri01_AGC,DE4,0.0
2024,Agri01_AGC,DE5,0.0
2024,Agri01_AGC,DE6,0.0
2024,Agri01_AGC,DE7,0.0
2024,Agri01_AGC,DE8,0.0
2024,Agri01_AGC,DE9,0.0
2024,Agri01_AGC,DEA,0.0
2024,Agri01_AGC,DEB,0.0
2024,Agri01_AGC,DEC,0.0
2024,Agri01_AGC,DEE,0.0
2024,Agri01_AGC,DED,0.0
2024,Agri01_AGC,DEF,0.0
2024,Agri01_AGC,DEG,0.0
2024,Agri02_OFC,DE1,0.0
2024,Agri02_OFC,DE2,0.0
2024,Agri02_OFC,DE3,0.0
2024,Agri02_OFC,DE4,0.0
2024,Agri02_OFC,DE5,0.0
2024,Agri02_OFC,DE6,0.0
2024,Agri02_OFC,DE7,0.0
2024,Agri02_OFC,DE8,0.0
2024,Agri02_OFC,DE9,0.0
2024,Agri02_OFC,DEA,0.0
2024,Agri02_OFC,DEB,0.0
2024,Agri02_OFC,DEC,0.0
2024,Agri02_OFC,DEE,0.0
2024,Agri02_OFC,DED,0.0
2024,Agri02_OFC,DEF,0.0
2024,Agri02_OFC,DEG,0.0
2024,Agri03_No-till,DE1,0.0
2024,Agri03_No-till,DE2,0.0
2024,Agri03_No-till,DE3,0.0
2024,Agri03_No-till,DE4,0.0
2024,Agri03_No-till,DE5,0.0
2024,Agri03_No-till,DE6,0.0
2024,Agri03_No-till,DE7,0.0
2024,Agri03_No-till,DE8,0.0
2024,Agri03_No-till,DE9,0.0
2024,Agri03_No-till,DEA,0.0
2024,Agri03_No-till,DEB,0.0
2024,Agri03_No-till,DEC,0.0
2024,Agri03_No-till,DEE,0.0
2024,Agri03_No-till,DED,0.0
2024,Agri03_No-till,DEF,0.0
2024,Agri03_No-till,DEG,0.0
2024,Agri04_toGrassland,DE1,0.0
2024,Agri04_toGrassland,DE2,0.0
2024,Agri04_toGrassland,DE3,0.0
2024,Agri04_toGrassland,DE4,0.0
2024,Agri04_toGrassland,DE5,0.0
2024,Agri04_toGrassland,DE6,0.0
2024,Agri04_toGrassland,DE7,0.0
2024,Agri04_toGrassland,DE8,0.0
2024,Agri04_toGrassland,DE9,0.0
2024,Agri04_toGrassland,DEA,0.0
2024,Agri04_toGrassland,DEB,0.0
2024,Agri04_toGrassland,DEC,0.0
2024,Agri04_toGrassland,DEE,0.0
2024,Agri04_toGrassland,DED,0.0
2024,Agri04_toGrassland,DEF,0.0
2024,Agri04_toGrassland,DEG,0.0
2024,Agri05_Agroforestry,DE1,1268118.25471853
2024,Agri05_Agroforestry,DE2,2166731.5862606983
2024,Agri05_Agroforestry,DE3,38223.94182001506
2024,Agri05_Agroforestry,DE4,1198120.7500253783
2024,Agri05_Agroforestry,DE5,238335.48799111912
2024,Agri05_Agroforestry,DE6,29978.431877383904
2024,Agri05_Agroforestry,DE7,502655.5668795807
2024,Agri05_Agroforestry,DE8,1225341.9330589548
2024,Agri05_Agroforestry,DE9,1871810.1603728423
2024,Agri05_Agroforestry,DEA,1296619.2633317353
2024,Agri05_Agroforestry,DEB,743072.288855052
2024,Agri05_Agroforestry,DEC,385083.9440021313
2024,Agri05_Agroforestry,DEE,962486.9338131107
2024,Agri05_Agroforestry,DED,802353.1634016382
2024,Agri05_Agroforestry,DEF,523602.86859090364
2024,Agri05_Agroforestry,DEG,418633.78145431075
2024,Agri06_Biochar,DE1,0.0
2024,Agri06_Biochar,DE2,0.0
2024,Agri06_Biochar,DE3,0.0
2024,Agri06_Biochar,DE4,0.0
2024,Agri06_Biochar,DE5,0.0
2024,Agri06_Biochar,DE6,0.0
2024,Agri06_Biochar,DE7,0.0
2024,Agri06_Biochar,DE8,0.0
2024,Agri06_Biochar,DE9,0.0
2024,Agri06_Biochar,DEA,0.0
2024,Agri06_Biochar,DEB,0.0
2024,Agri06_Biochar,DEC,0.0
2024,Agri06_Biochar,DEE,0.0
2024,Agri06_Biochar,DED,0.0
2024,Agri06_Biochar,DEF,0.0
2024,Agri06_Biochar,DEG,0.0
2025,Agri01_AGC,DE1,0.0
2025,Agri01_AGC,DE2,0.0
2025,Agri01_AGC,DE3,0.0
2025,Agri01_AGC,DE4,0.0
2025,Agri01_AGC,DE5,0.0
2025,Agri01_AGC,DE6,0.0
2025,Agri01_AGC,DE7,0.0
2025,Agri01_AGC,DE8,0.0
2025,Agri01_AGC,DE9,0.0
2025,Agri01_AGC,DEA,0.0
2025,Agri01_AGC,DEB,0.0
2025,Agri01_AGC,DEC,0.0
2025,Agri01_AGC,DEE,0.0
2025,Agri01_AGC,DED,0.0
2025,Agri01_AGC,DEF,0.0
2025,Agri01_AGC,DEG,0.0
2025,Agri02_OFC,DE1,0.0
2025,Agri02_OFC,DE2,0.0
2025,Agri02_OFC,DE3,0.0
2025,Agri02_OFC,DE4,0.0
2025,Agri02_OFC,DE5,0.0
2025,Agri02_OFC,DE6,0.0
2025,Agri02_OFC,DE7,0.0
2025,Agri02_OFC,DE8,0.0
2025,Agri02_OFC,DE9,0.0
2025,Agri02_OFC,DEA,0.0
2025,Agri02_OFC,DEB,0.0
2025,Agri02_OFC,DEC,0.0
2025,Agri02_OFC,DEE,0.0
2025,Agri02_OFC,DED,0.0
2025,Agri02_OFC,DEF,0.0
2025,Agri02_OFC,DEG,0.0
2025,Agri03_No-till,DE1,0.0
2025,Agri03_No-till,DE2,0.0
2025,Agri03_No-till,DE3,0.0
2025,Agri03_No-till,DE4,0.0
2025,Agri03_No-till,DE5,0.0
2025,Agri03_No-till,DE6,0.0
2025,Agri03_No-till,DE7,0.0
2025,Agri03_No-till,DE8,0.0
2025,Agri03_No-till,DE9,0.0
2025,Agri03_No-till,DEA,0.0
2025,Agri03_No-till,DEB,0.0
2025,Agri03_No-till,DEC,0.0
2025,Agri03_No-till,DEE,0.0
2025,Agri03_No-till,DED,0.0
2025,Agri03_No-till,DEF,0.0
2025,Agri03_No-till,DEG,0.0
2025,Agri04_toGrassland,DE1,0.0
2025,Agri04_toGrassland,DE2,0.0
2025,Agri04_toGrassland,DE3,0.0
2025,Agri04_toGrassland,DE4,0.0
2025,Agri04_toGrassland,DE5,0.0
2025,Agri04_toGrassland,DE6,0.0
2025,Agri04_toGrassland,DE7,0.0
2025,Agri04_toGrassland,DE8,0.0
2025,Agri04_toGrassland,DE9,0.0
2025,Agri04_toGrassland,DEA,0.0
2025,Agri04_toGrassland,DEB,0.0
2025,Agri04_toGrassland,DEC,0.0
2025,Agri04_toGrassland,DEE,0.0
2025,Agri04_toGrassland,DED,0.0
2025,Agri04_toGrassland,DEF,0.0
2025,Agri04_toGrassland,DEG,0.0
2025,Agri05_Agroforestry,DE1,1859196.2507702357
2025,Agri05_Agroforestry,DE2,3012094.0507622836
2025,Agri05_Agroforestry,DE3,39932.84386725018
2025,Agri05_Agroforestry,DE4,1785378.3195394077
2025,Agri05_Agroforestry,DE5,327826.49491451296
2025,Agri05_Agroforestry,DE6,48447.09554683102
2025,Agri05_Agroforestry,DE7,679054.4497293535
2025,Agri05_Agroforestry,DE8,1801722.9887548245
2025,Agri05_Agroforestry,DE9,2631125.102961011
2025,Agri05_Agroforestry,DEA,1893169.9708731156
2025,Agri05_Agroforestry,DEB,1112468.33437212
2025,Agri05_Agroforestry,DEC,651216.5595094605
2025,Agri05_Agroforestry,DEE,1397712.264429431
2025,Agri05_Agroforestry,DED,1190057.866168567
2025,Agri05_Agroforestry,DEF,671850.5612825027
2025,Agri05_Agroforestry,DEG,537177.921361544
2025,Agri06_Biochar,DE1,0.0
2025,Agri06_Biochar,DE2,0.0
2025,Agri06_Biochar,DE3,0.0
2025,Agri06_Biochar,DE4,0.0
2025,Agri06_Biochar,DE5,0.0
2025,Agri06_Biochar,DE6,0.0
2025,Agri06_Biochar,DE7,0.0
2025,Agri06_Biochar,DE8,0.0
2025,Agri06_Biochar,DE9,0.0
2025,Agri06_Biochar,DEA,0.0
2025,Agri06_Biochar,DEB,0.0
2025,Agri06_Biochar,DEC,0.0
2025,Agri06_Biochar,DEE,0.0
2025,Agri06_Biochar,DED,0.0
2025,Agri06_Biochar,DEF,0.0
2025,Agri06_Biochar,DEG,0.0
2026,Agri01_AGC,DE1,0.0
2026,Agri01_AGC,DE2,0.0
2026,Agri01_AGC,DE3,0.0
2026,Agri01_AGC,DE4,0.0
2026,Agri01_AGC,DE5,0.0
2026,Agri01_AGC,DE6,0.0
2026,Agri01_AGC,DE7,0.0
2026,Agri01_AGC,DE8,0.0
2026,Agri01_AGC,DE9,0.0
2026,Agri01_AGC,DEA,0.0
2026,Agri01_AGC,DEB,0.0
2026,Agri01_AGC,DEC,0.0
2026,Agri01_AGC,DEE,0.0
2026,Agri01_AGC,DED,0.0
2026,Agri01_AGC,DEF,0.0
2026,Agri01_AGC,DEG,0.0
2026,Agri02_OFC,DE1,0.0
2026,Agri02_OFC,DE2,0.0
2026,Agri02_OFC,DE3,0.0
2026,Agri02_OFC,DE4,0.0
2026,Agri02_OFC,DE5,0.0
2026,Agri02_OFC,DE6,0.0
2026,Agri02_OFC,DE7,0.0
2026,Agri02_OFC,DE8,0.0
2026,Agri02_OFC,DE9,0.0
2026,Agri02_OFC,DEA,0.0
2026,Agri02_OFC,DEB,0.0
2026,Agri02_OFC,DEC,0.0
2026,Agri02_OFC,DEE,0.0
2026,Agri02_OFC,DED,0.0
2026,Agri02_OFC,DEF,0.0
2026,Agri02_OFC,DEG,0.0
2026,Agri03_No-till,DE1,0.0
2026,Agri03_No-till,DE2,0.0
2026,Agri03_No-till,DE3,0.0
2026,Agri03_No-till,DE4,0.0
2026,Agri03_No-till,DE5,0.0
2026,Agri03_No-till,DE6,0.0
2026,Agri03_No-till,DE7,0.0
2026,Agri03_No-till,DE8,0.0
2026,Agri03_No-till,DE9,0.0
2026,Agri03_No-till,DEA,0.0
2026,Agri03_No-till,DEB,0.0
2026,Agri03_No-till,DEC,0.0
2026,Agri03_No-till,DEE,0.0
2026,Agri03_No-till,DED,0.0
2026,Agri03_No-till,DEF,0.0
2026,Agri03_No-till,DEG,0.0
2026,Agri04_toGrassland,DE1,0.0
2026,Agri04_toGrassland,DE2,0.0
2026,Agri04_toGrassland,DE3,0.0
2026,Agri04_toGrassland,DE4,0.0
2026,Agri04_toGrassland,DE5,0.0
2026,Agri04_toGrassland,DE6,0.0
2026,Agri04_toGrassland,DE7,0.0
2026,Agri04_toGrassland,DE8,0.0
2026,Agri04_toGrassland,DE9,0.0
2026,Agri04_toGrassland,DEA,0.0
2026,Agri04_toGrassland,DEB,0.0
2026,Agri04_toGrassland,DEC,0.0
2026,Agri04_toGrassland,DEE,0.0
2026,Agri04_toGrassland,DED,0.0
2026,Agri04_toGrassland,DEF,0.0
2026,Agri04_toGrassland,DEG,0.0
2026,Agri05_Agroforestry,DE1,2580761.560861288
2026,Agri05_Agroforestry,DE2,3997681.8163172244
2026,Agri05_Agroforestry,DE3,41641.745914485284
2026,Agri05_Agroforestry,DE4,2510401.466086271
2026,Agri05_Agroforestry,DE5,341855.63268791285
2026,Agri05_Agroforestry,DE6,72260.42149718369
2026,Agri05_Agroforestry,DE7,878073.0485602809
2026,Agri05_Agroforestry,DE8,2506824.6181935486
2026,Agri05_Agroforestry,DE9,3526166.1899658516
2026,Agri05_Agroforestry,DEA,2619213.661927189
2026,Agri05_Agroforestry,DEB,1569910.3473655842
2026,Agri05_Agroforestry,DEC,1000529.4601646183
2026,Agri05_Agroforestry,DEE,1925241.7043678411
2026,Agri05_Agroforestry,DED,1667221.9424010832
2026,Agri05_Agroforestry,DEF,825813.3641692002
2026,Agri05_Agroforestry,DEG,660299.654835167
2026,Agri06_Biochar,DE1,0.0
2026,Agri06_Biochar,DE2,0.0
2026,Agri06_Biochar,DE3,0.0
2026,Agri06_Biochar,DE4,0.0
2026,Agri06_Biochar,DE5,0.0
2026,Agri06_Biochar,DE6,0.0
2026,Agri06_Biochar,DE7,0.0
2026,Agri06_Biochar,DE8,0.0
2026,Agri06_Biochar,DE9,0.0
2026,Agri06_Biochar,DEA,0.0
2026,Agri06_Biochar,DEB,0.0
2026,Agri06_Biochar,DEC,0.0
2026,Agri06_Biochar,DEE,0.0
2026,Agri06_Biochar,DED,0.0
2026,Agri06_Biochar,DEF,0.0
2026,Agri06_Biochar,DEG,0.0
2027,Agri01_AGC,DE1,0.0
2027,Agri01_AGC,DE2,0.0
2027,Agri01_AGC,DE3,0.0
2027,Agri01_AGC,DE4,0.0
2027,Agri01_AGC,DE5,0.0
2027,Agri01_AGC,DE6,0.0
2027,Agri01_AGC,DE7,0.0
2027,Agri01_AGC,DE8,0.0
2027,Agri01_AGC,DE9,0.0
2027,Agri01_AGC,DEA,0.0
2027,Agri01_AGC,DEB,0.0
2027,Agri01_AGC,DEC,0.0
2027,Agri01_AGC,DEE,0.0
2027,Agri01_AGC,DED,0.0
2027,Agri01_AGC,DEF,0.0
2027,Agri01_AGC,DEG,0.0
2027,Agri02_OFC,DE1,0.0
2027,Agri02_OFC,DE2,0.0
2027,Agri02_OFC,DE3,0.0
2027,Agri02_OFC,DE4,0.0
2027,Agri02_OFC,DE5,0.0
2027,Agri02_OFC,DE6,0.0
2027,Agri02_OFC,DE7,0.0
2027,Agri02_OFC,DE8,0.0
2027,Agri02_OFC,DE9,0.0
2027,Agri02_OFC,DEA,0.0
2027,Agri02_OFC,DEB,0.0
2027,Agri02_OFC,DEC,0.0
2027,Agri02_OFC,DEE,0.0
2027,Agri02_OFC,DED,0.0
2027,Agri02_OFC,DEF,0.0
2027,Agri02_OFC,DEG,0.0
2027,Agri03_No-till,DE1,0.0
2027,Agri03_No-till,DE2,0.0
2027,Agri03_No-till,DE3,0.0
2027,Agri03_No-till,DE4,0.0
2027,Agri03_No-till,DE5,0.0
2027,Agri03_No-till,DE6,0.0
2027,Agri03_No-till,DE7,0.0
2027,Agri03_No-till,DE8,0.0
2027,Agri03_No-till,DE9,0.0
2027,Agri03_No-till,DEA,0.0
2027,Agri03_No-till,DEB,0.0
2027,Agri03_No-till,DEC,0.0
2027,Agri03_No-till,DEE,0.0
2027,Agri03_No-till,DED,0.0
2027,Agri03_No-till,DEF,0.0
2027,Agri03_No-till,DEG,0.0
2027,Agri04_toGrassland,DE1,0.0
2027,Agri04_toGrassland,DE2,0.0
2027,Agri04_toGrassland,DE3,0.0
2027,Agri04_toGrassland,DE4,0.0
2027,Agri04_toGrassland,DE5,0.0
2027,Agri04_toGrassland,DE6,0.0
2027,Agri04_toGrassland,DE7,0.0
2027,Agri04_toGrassland,DE8,0.0
2027,Agri04_toGrassland,DE9,0.0
2027,Agri04_toGrassland,DEA,0.0
2027,Agri04_toGrassland,DEB,0.0
2027,Agri04_toGrassland,DEC,0.0
2027,Agri04_toGrassland,DEE,0.0
2027,Agri04_toGrassland,DED,0.0
2027,Agri04_toGrassland,DEF,0.0
2027,Agri04_toGrassland,DEG,0.0
2027,Agri05_Agroforestry,DE1,3443248.1555369473
2027,Agri05_Agroforestry,DE2,5132871.619864919
2027,Agri05_Agroforestry,DE3,43350.6479617204
2027,Agri05_Agroforestry,DE4,3384527.501780851
2027,Agri05_Agroforestry,DE5,355884.77046131284
2027,Agri05_Agroforestry,DE6,101895.92972887451
2027,Agri05_Agroforestry,DE7,1100874.2231369652
2027,Agri05_Agroforestry,DE8,3350997.993760331
2027,Agri05_Agroforestry,DE9,4566524.013096709
2027,Agri05_Agroforestry,DEA,3485017.649908614
2027,Agri05_Agroforestry,DEB,2122695.716912982
2027,Agri05_Agroforestry,DEC,1440640.462640161
2027,Agri05_Agroforestry,DEE,2552306.588856778
2027,Agri05_Agroforestry,DED,2241151.796448677
2027,Agri05_Agroforestry,DEF,984879.4372397711
2027,Agri05_Agroforestry,DEG,787510.6397496439
2027,Agri06_Biochar,DE1,0.0
2027,Agri06_Biochar,DE2,0.0
2027,Agri06_Biochar,DE3,0.0
2027,Agri06_Biochar,DE4,0.0
2027,Agri06_Biochar,DE5,0.0
2027,Agri06_Biochar,DE6,0.0
2027,Agri06_Biochar,DE7,0.0
2027,Agri06_Biochar,DE8,0.0
2027,Agri06_Biochar,DE9,0.0
2027,Agri06_Biochar,DEA,0.0
2027,Agri06_Biochar,DEB,0.0
2027,Agri06_Biochar,DEC,0.0
2027,Agri06_Biochar,DEE,0.0
2027,Agri06_Biochar,DED,0.0
2027,Agri06_Biochar,DEF,0.0
2027,Agri06_Biochar,DEG,0.0
2028,Agri01_AGC,DE1,0.0
2028,Agri01_AGC,DE2,0.0
2028,Agri01_AGC,DE3,0.0
2028,Agri01_AGC,DE4,0.0
2028,Agri01_AGC,DE5,0.0
2028,Agri01_AGC,DE6,0.0
2028,Agri01_AGC,DE7,0.0
2028,Agri01_AGC,DE8,0.0
2028,Agri01_AGC,DE9,0.0
2028,Agri01_AGC,DEA,0.0
2028,Agri01_AGC,DEB,0.0
2028,Agri01_AGC,DEC,0.0
2028,Agri01_AGC,DEE,0.0
2028,Agri01_AGC,DED,0.0
2028,Agri01_AGC,DEF,0.0
2028,Agri01_AGC,DEG,0.0
2028,Agri02_OFC,DE1,0.0
2028,Agri02_OFC,DE2,0.0
2028,Agri02_OFC,DE3,0.0
2028,Agri02_OFC,DE4,0.0
2028,Agri02_OFC,DE5,0.0
2028,Agri02_OFC,DE6,0.0
2028,Agri02_OFC,DE7,0.0
2028,Agri02_OFC,DE8,0.0
2028,Agri02_OFC,DE9,0.0
2028,Agri02_OFC,DEA,0.0
2028,Agri02_OFC,DEB,0.0
2028,Agri02_OFC,DEC,0.0
2028,Agri02_OFC,DEE,0.0
2028,Agri02_OFC,DED,0.0
2028,Agri02_OFC,DEF,0.0
2028,Agri02_OFC,DEG,0.0
2028,Agri03_No-till,DE1,0.0
2028,Agri03_No-till,DE2,0.0
2028,Agri03_No-till,DE3,0.0
2028,Agri03_No-till,DE4,0.0
2028,Agri03_No-till,DE5,0.0
2028,Agri03_No-till,DE6,0.0
2028,Agri03_No-till,DE7,0.0
2028,Agri03_No-till,DE8,0.0
2028,Agri03_No-till,DE9,0.0
2028,Agri03_No-till,DEA,0.0
2028,Agri03_No-till,DEB,0.0
2028,Agri03_No-till,DEC,0.0
2028,Agri03_No-till,DEE,0.0
2028,Agri03_No-till,DED,0.0
2028,Agri03_No-till,DEF,0.0
2028,Agri03_No-till,DEG,0.0
2028,Agri04_toGrassland,DE1,0.0
2028,Agri04_toGrassland,DE2,0.0
2028,Agri04_toGrassland,DE3,0.0
2028,Agri04_toGrassland,DE4,0.0
2028,Agri04_toGrassland,DE5,0.0
2028,Agri04_toGrassland,DE6,0.0
2028,Agri04_toGrassland,DE7,0.0
2028,Agri04_toGrassland,DE8,0.0
2028,Agri04_toGrassland,DE9,0.0
2028,Agri04_toGrassland,DEA,0.0
2028,Agri04_toGrassland,DEB,0.0
2028,Agri04_toGrassland,DEC,0.0
2028,Agri04_toGrassland,DEE,0.0
2028,Agri04_toGrassland,DED,0.0
2028,Agri04_toGrassland,DEF,0.0
2028,Agri04_toGrassland,DEG,0.0
2028,Agri05_Agroforestry,DE1,4457090.005342471
2028,Agri05_Agroforestry,DE2,6427040.198344761
2028,Agri05_Agroforestry,DE3,45059.55000895551
2028,Agri05_Agroforestry,DE4,4419093.738738026
2028,Agri05_Agroforestry,DE5,369913.90823471284
2028,Agri05_Agroforestry,DE6,137831.14024233603
2028,Agri05_Agroforestry,DE7,1348620.8332240079
2028,Agri05_Agroforestry,DE8,4344594.287840373
2028,Agri05_Agroforestry,DE9,5761789.164062927
2028,Agri05_Agroforestry,DEA,4500849.248232046
2028,Agri05_Agroforestry,DEB,2778121.832091851
2028,Agri05_Agroforestry,DEC,1648228.2493312317
2028,Agri05_Agroforestry,DEE,3286138.253124678
2028,Agri05_Agroforestry,DED,2919153.8326608385
2028,Agri05_Agroforestry,DEF,1148436.9404829897
2028,Agri05_Agroforestry,DEG,918322.533979438
2028,Agri06_Biochar,DE1,0.0
2028,Agri06_Biochar,DE2,0.0
2028,Agri06_Biochar,DE3,0.0
2028,Agri06_Biochar,DE4,0.0
2028,Agri06_Biochar,DE5,0.0
2028,Agri06_Biochar,DE6,0.0
2028,Agri06_Biochar,DE7,0.0
2028,Agri06_Biochar,DE8,0.0
2028,Agri06_Biochar,DE9,0.0
2028,Agri06_Biochar,DEA,0.0
2028,Agri06_Biochar,DEB,0.0
2028,Agri06_Biochar,DEC,0.0
2028,Agri06_Biochar,DEE,0.0
2028,Agri06_Biochar,DED,0.0
2028,Agri06_Biochar,DEF,0.0
2028,Agri06_Biochar,DEG,0.0
2029,Agri01_AGC,DE1,0.0
2029,Agri01_AGC,DE2,0.0
2029,Agri01_AGC,DE3,0.0
2029,Agri01_AGC,DE4,0.0
2029,Agri01_AGC,DE5,0.0
2029,Agri01_AGC,DE6,0.0
2029,Agri01_AGC,DE7,0.0
2029,Agri01_AGC,DE8,0.0
2029,Agri01_AGC,DE9,0.0
2029,Agri01_AGC,DEA,0.0
2029,Agri01_AGC,DEB,0.0
2029,Agri01_AGC,DEC,0.0
2029,Agri01_AGC,DEE,0.0
2029,Agri01_AGC,DED,0.0
2029,Agri01_AGC,DEF,0.0
2029,Agri01_AGC,DEG,0.0
2029,Agri02_OFC,DE1,0.0
2029,Agri02_OFC,DE2,0.0
2029,Agri02_OFC,DE3,0.0
2029,Agri02_OFC,DE4,0.0
2029,Agri02_OFC,DE5,0.0
2029,Agri02_OFC,DE6,0.0
2029,Agri02_OFC,DE7,0.0
2029,Agri02_OFC,DE8,0.0
2029,Agri02_OFC,DE9,0.0
2029,Agri02_OFC,DEA,0.0
2029,Agri02_OFC,DEB,0.0
2029,Agri02_OFC,DEC,0.0
2029,Agri02_OFC,DEE,0.0
2029,Agri02_OFC,DED,0.0
2029,Agri02_OFC,DEF,0.0
2029,Agri02_OFC,DEG,0.0
2029,Agri03_No-till,DE1,0.0
2029,Agri03_No-till,DE2,0.0
2029,Agri03_No-till,DE3,0.0
2029,Agri03_No-till,DE4,0.0
2029,Agri03_No-till,DE5,0.0
2029,Agri03_No-till,DE6,0.0
2029,Agri03_No-till,DE7,0.0
2029,Agri03_No-till,DE8,0.0
2029,Agri03_No-till,DE9,0.0
2029,Agri03_No-till,DEA,0.0
2029,Agri03_No-till,DEB,0.0
2029,Agri03_No-till,DEC,0.0
2029,Agri03_No-till,DEE,0.0
2029,Agri03_No-till,DED,0.0
2029,Agri03_No-till,DEF,0.0
2029,Agri03_No-till,DEG,0.0
2029,Agri04_toGrassland,DE1,0.0
2029,Agri04_toGrassland,DE2,0.0
2029,Agri04_toGrassland,DE3,0.0
2029,Agri04_toGrassland,DE4,0.0
2029,Agri04_toGrassland,DE5,0.0
2029,Agri04_toGrassland,DE6,0.0
2029,Agri04_toGrassland,DE7,0.0
2029,Agri04_toGrassland,DE8,0.0
2029,Agri04_toGrassland,DE9,0.0
2029,Agri04_toGrassland,DEA,0.0
2029,Agri04_toGrassland,DEB,0.0
2029,Agri04_toGrassland,DEC,0.0
2029,Agri04_toGrassland,DEE,0.0
2029,Agri04_toGrassland,DED,0.0
2029,Agri04_toGrassland,DEF,0.0
2029,Agri04_toGrassland,DEG,0.0
2029,Agri05_Agroforestry,DE1,5632721.080823119
2029,Agri05_Agroforestry,DE2,7889564.288696149
2029,Agri05_Agroforestry,DE3,46768.45205619063
2029,Agri05_Agroforestry,DE4,5625437.489072679
2029,Agri05_Agroforestry,DE5,383943.04600811284
2029,Agri05_Agroforestry,DE6,180543.57303800085
2029,Agri05_Agroforestry,DE7,1622475.738586011
2029,Agri05_Agroforestry,DE8,5497964.672818876
2029,Agri05_Agroforestry,DE9,7121552.23457385
2029,Agri05_Agroforestry,DEA,5676975.770312145
2029,Agri05_Agroforestry,DEB,3543486.081979729
2029,Agri05_Agroforestry,DEC,1710737.9865352893
2029,Agri05_Agroforestry,DEE,4133968.0323999785
2029,Agri05_Agroforestry,DED,3708534.4553870577
2029,Agri05_Agroforestry,DEF,1315874.033887631
2029,Agri05_Agroforestry,DEG,1052246.9953990136
2029,Agri06_Biochar,DE1,0.0
2029,Agri06_Biochar,DE2,0.0
2029,Agri06_Biochar,DE3,0.0
2029,Agri06_Biochar,DE4,0.0
2029,Agri06_Biochar,DE5,0.0
2029,Agri06_Biochar,DE6,0.0
2029,Agri06_Biochar,DE7,0.0
2029,Agri06_Biochar,DE8,0.0
2029,Agri06_Biochar,DE9,0.0
2029,Agri06_Biochar,DEA,0.0
2029,Agri06_Biochar,DEB,0.0
2029,Agri06_Biochar,DEC,0.0
2029,Agri06_Biochar,DEE,0.0
2029,Agri06_Biochar,DED,0.0
2029,Agri06_Biochar,DEF,0.0
2029,Agri06_Biochar,DEG,0.0
2030,Agri01_AGC,DE1,0.0
2030,Agri01_AGC,DE2,0.0
2030,Agri01_AGC,DE3,0.0
2030,Agri01_AGC,DE4,0.0
2030,Agri01_AGC,DE5,0.0
2030,Agri01_AGC,DE6,0.0
2030,Agri01_AGC,DE7,0.0
2030,Agri01_AGC,DE8,0.0
2030,Agri01_AGC,DE9,0.0
2030,Agri01_AGC,DEA,0.0
2030,Agri01_AGC,DEB,0.0
2030,Agri01_AGC,DEC,0.0
2030,Agri01_AGC,DEE,0.0
2030,Agri01_AGC,DED,0.0
2030,Agri01_AGC,DEF,0.0
2030,Agri01_AGC,DEG,0.0
2030,Agri02_OFC,DE1,0.0
2030,Agri02_OFC,DE2,0.0
2030,Agri02_OFC,DE3,0.0
2030,Agri02_OFC,DE4,0.0
2030,Agri02_OFC,DE5,0.0
2030,Agri02_OFC,DE6,0.0
2030,Agri02_OFC,DE7,0.0
2030,Agri02_OFC,DE8,0.0
2030,Agri02_OFC,DE9,0.0
2030,Agri02_OFC,DEA,0.0
2030,Agri02_OFC,DEB,0.0
2030,Agri02_OFC,DEC,0.0
2030,Agri02_OFC,DEE,0.0
2030,Agri02_OFC,DED,0.0
2030,Agri02_OFC,DEF,0.0
2030,Agri02_OFC,DEG,0.0
2030,Agri03_No-till,DE1,0.0
2030,Agri03_No-till,DE2,0.0
2030,Agri03_No-till,DE3,0.0
2030,Agri03_No-till,DE4,0.0
2030,Agri03_No-till,DE5,0.0
2030,Agri03_No-till,DE6,0.0
2030,Agri03_No-till,DE7,0.0
2030,Agri03_No-till,DE8,0.0
2030,Agri03_No-till,DE9,0.0
2030,Agri03_No-till,DEA,0.0
2030,Agri03_No-till,DEB,0.0
2030,Agri03_No-till,DEC,0.0
2030,Agri03_No-till,DEE,0.0
2030,Agri03_No-till,DED,0.0
2030,Agri03_No-till,DEF,0.0
2030,Agri03_No-till,DEG,0.0
2030,Agri04_toGrassland,DE1,0.0
2030,Agri04_toGrassland,DE2,0.0
2030,Agri04_toGrassland,DE3,0.0
2030,Agri04_toGrassland,DE4,0.0
2030,Agri04_toGrassland,DE5,0.0
2030,Agri04_toGrassland,DE6,0.0
2030,Agri04_toGrassland,DE7,0.0
2030,Agri04_toGrassland,DE8,0.0
2030,Agri04_toGrassland,DE9,0.0
2030,Agri04_toGrassland,DEA,0.0
2030,Agri04_toGrassland,DEB,0.0
2030,Agri04_toGrassland,DEC,0.0
2030,Agri04_toGrassland,DEE,0.0
2030,Agri04_toGrassland,DED,0.0
2030,Agri04_toGrassland,DEF,0.0
2030,Agri04_toGrassland,DEG,0.0
2030,Agri05_Agroforestry,DE1,6980575.352524149
2030,Agri05_Agroforestry,DE2,9529820.627858479
2030,Agri05_Agroforestry,DE3,48477.35410342574
2030,Agri05_Agroforestry,DE4,7014896.064899687
2030,Agri05_Agroforestry,DE5,397972.18378151284
2030,Agri05_Agroforestry,DE6,230510.74811630143
2030,Agri05_Agroforestry,DE7,1923601.7989875763
2030,Agri05_Agroforestry,DE8,6821460.32108104
2030,Agri05_Agroforestry,DE9,8655403.816338822
2030,Agri05_Agroforestry,DEA,7023664.529563566
2030,Agri05_Agroforestry,DEB,4426085.855654152
2030,Agri05_Agroforestry,DEC,1773247.7237393467
2030,Agri05_Agroforestry,DEE,5103027.261911114
2030,Agri05_Agroforestry,DED,4616600.068976824
2030,Agri05_Agroforestry,DEF,1486578.8774424694
2030,Agri05_Agroforestry,DEG,1188795.681882834
2030,Agri06_Biochar,DE1,0.0
2030,Agri06_Biochar,DE2,0.0
2030,Agri06_Biochar,DE3,0.0
2030,Agri06_Biochar,DE4,0.0
2030,Agri06_Biochar,DE5,0.0
2030,Agri06_Biochar,DE6,0.0
2030,Agri06_Biochar,DE7,0.0
2030,Agri06_Biochar,DE8,0.0
2030,Agri06_Biochar,DE9,0.0
2030,Agri06_Biochar,DEA,0.0
2030,Agri06_Biochar,DEB,0.0
2030,Agri06_Biochar,DEC,0.0
2030,Agri06_Biochar,DEE,0.0
2030,Agri06_Biochar,DED,0.0
2030,Agri06_Biochar,DEF,0.0
2030,Agri06_Biochar,DEG,0.0
2031,Agri01_AGC,DE1,2064183.9165913556
2031,Agri01_AGC,DE2,3259232.0676989635
2031,Agri01_AGC,DE3,0.0
2031,Agri01_AGC,DE4,1997099.3558565269
2031,Agri01_AGC,DE5,0.0
2031,Agri01_AGC,DE6,0.0
2031,Agri01_AGC,DE7,724035.0810395053
2031,Agri01_AGC,DE8,2003079.961281243
2031,Agri01_AGC,DE9,2862805.3099753605
2031,Agri01_AGC,DEA,2097870.277392167
2031,Agri01_AGC,DEB,1247022.8405222916
2031,Agri01_AGC,DEC,0.0
2031,Agri01_AGC,DEE,1544902.2884745228
2031,Agri01_AGC,DED,1328353.934249267
2031,Agri01_AGC,DEF,696461.7648859444
2031,Agri01_AGC,DEG,556865.445642875
2031,Agri02_OFC,DE1,0.0
2031,Agri02_OFC,DE2,0.0
2031,Agri02_OFC,DE3,0.0
2031,Agri02_OFC,DE4,0.0
2031,Agri02_OFC,DE5,0.0
2031,Agri02_OFC,DE6,0.0
2031,Agri02_OFC,DE7,0.0
2031,Agri02_OFC,DE8,0.0
2031,Agri02_OFC,DE9,0.0
2031,Agri02_OFC,DEA,0.0
2031,Agri02_OFC,DEB,0.0
2031,Agri02_OFC,DEC,0.0
2031,Agri02_OFC,DEE,0.0
2031,Agri02_OFC,DED,0.0
2031,Agri02_OFC,DEF,0.0
2031,Agri02_OFC,DEG,0.0
2031,Agri03_No-till,DE1,0.0
2031,Agri03_No-till,DE2,0.0
2031,Agri03_No-till,DE3,0.0
2031,Agri03_No-till,DE4,0.0
2031,Agri03_No-till,DE5,0.0
2031,Agri03_No-till,DE6,0.0
2031,Agri03_No-till,DE7,0.0
2031,Agri03_No-till,DE8,0.0
2031,Agri03_No-till,DE9,0.0
2031,Agri03_No-till,DEA,0.0
2031,Agri03_No-till,DEB,0.0
2031,Agri03_No-till,DEC,0.0
2031,Agri03_No-till,DEE,0.0
2031,Agri03_No-till,DED,0.0
2031,Agri03_No-till,DEF,0.0
2031,Agri03_No-till,DEG,0.0
2031,Agri04_toGrassland,DE1,0.0
2031,Agri04_toGrassland,DE2,0.0
2031,Agri04_toGrassland,DE3,0.0
2031,Agri04_toGrassland,DE4,0.0
2031,Agri04_toGrassland,DE5,0.0
2031,Agri04_toGrassland,DE6,0.0
2031,Agri04_toGrassland,DE7,0.0
2031,Agri04_toGrassland,DE8,0.0
2031,Agri04_toGrassland,DE9,0.0
2031,Agri04_toGrassland,DEA,0.0
2031,Agri04_toGrassland,DEB,0.0
2031,Agri04_toGrassland,DEC,0.0
2031,Agri04_toGrassland,DEE,0.0
2031,Agri04_toGrassland,DED,0.0
2031,Agri04_toGrassland,DEF,0.0
2031,Agri04_toGrassland,DEG,0.0
2031,Agri05_Agroforestry,DE1,8511086.790990822
2031,Agri05_Agroforestry,DE2,11357185.952771144
2031,Agri05_Agroforestry,DE3,50186.256150660854
2031,Agri05_Agroforestry,DE4,8598806.77833393
2031,Agri05_Agroforestry,DE5,412001.3215549128
2031,Agri05_Agroforestry,DE6,288210.1854776704
2031,Agri05_Agroforestry,DE7,2253161.8741933056
2031,Agri05_Agroforestry,DE8,8325432.405012069
2031,Agri05_Agroforestry,DE9,10372934.501067188
2031,Agri05_Agroforestry,DEA,8551182.839400966
2031,Agri05_Agroforestry,DEB,5433218.5421926575
2031,Agri05_Agroforestry,DEC,1835757.460943404
2031,Agri05_Agroforestry,DEE,6200547.276886522
2031,Agri05_Agroforestry,DED,5650657.077779627
2031,Agri05_Agroforestry,DEF,1659939.6311362793
2031,Agri05_Agroforestry,DEG,1327480.2513053634
2031,Agri06_Biochar,DE1,0.0
2031,Agri06_Biochar,DE2,0.0
2031,Agri06_Biochar,DE3,0.0
2031,Agri06_Biochar,DE4,0.0
2031,Agri06_Biochar,DE5,0.0
2031,Agri06_Biochar,DE6,0.0
2031,Agri06_Biochar,DE7,0.0
2031,Agri06_Biochar,DE8,0.0
2031,Agri06_Biochar,DE9,0.0
2031,Agri06_Biochar,DEA,0.0
2031,Agri06_Biochar,DEB,0.0
2031,Agri06_Biochar,DEC,0.0
2031,Agri06_Biochar,DEE,0.0
2031,Agri06_Biochar,DED,0.0
2031,Agri06_Biochar,DEF,0.0
2031,Agri06_Biochar,DEG,0.0
2032,Agri01_AGC,DE1,3967762.594554297
2032,Agri01_AGC,DE2,6178238.517745673
2032,Agri01_AGC,DE3,0.0
2032,Agri01_AGC,DE4,3853978.5124116666
2032,Agri01_AGC,DE5,0.0
2032,Agri01_AGC,DE6,0.0
2032,Agri01_AGC,DE7,1361257.5548705047
2032,Agri01_AGC,DE8,3853068.356863255
2032,Agri01_AGC,DE9,5443298.994921065
2032,Agri01_AGC,DEA,4028401.6363806506
2032,Agri01_AGC,DEB,2409152.934692859
2032,Agri01_AGC,DEC,0.0
2032,Agri01_AGC,DEE,2962549.8008340723
2032,Agri01_AGC,DED,2560579.045903649
2032,Agri01_AGC,DEF,1288295.167263968
2032,Agri01_AGC,DEG,1030084.3977925072
2032,Agri02_OFC,DE1,0.0
2032,Agri02_OFC,DE2,0.0
2032,Agri02_OFC,DE3,0.0
2032,Agri02_OFC,DE4,0.0
2032,Agri02_OFC,DE5,0.0
2032,Agri02_OFC,DE6,0.0
2032,Agri02_OFC,DE7,0.0
2032,Agri02_OFC,DE8,0.0
2032,Agri02_OFC,DE9,0.0
2032,Agri02_OFC,DEA,0.0
2032,Agri02_OFC,DEB,0.0
2032,Agri02_OFC,DEC,0.0
2032,Agri02_OFC,DEE,0.0
2032,Agri02_OFC,DED,0.0
2032,Agri02_OFC,DEF,0.0
2032,Agri02_OFC,DEG,0.0
2032,Agri03_No-till,DE1,0.0
2032,Agri03_No-till,DE2,0.0
2032,Agri03_No-till,DE3,0.0
2032,Agri03_No-till,DE4,0.0
2032,Agri03_No-till,DE5,0.0
2032,Agri03_No-till,DE6,0.0
2032,Agri03_No-till,DE7,0.0
2032,Agri03_No-till,DE8,0.0
2032,Agri03_No-till,DE9,0.0
2032,Agri03_No-till,DEA,0.0
2032,Agri03_No-till,DEB,0.0
2032,Agri03_No-till,DEC,0.0
2032,Agri03_No-till,DEE,0.0
2032,Agri03_No-till,DED,0.0
2032,Agri03_No-till,DEF,0.0
2032,Agri03_No-till,DEG,0.0
2032,Agri04_toGrassland,DE1,0.0
2032,Agri04_toGrassland,DE2,0.0
2032,Agri04_toGrassland,DE3,0.0
2032,Agri04_toGrassland,DE4,0.0
2032,Agri04_toGrassland,DE5,0.0
2032,Agri04_toGrassland,DE6,0.0
2032,Agri04_toGrassland,DE7,0.0
2032,Agri04_toGrassland,DE8,0.0
2032,Agri04_toGrassland,DE9,0.0
2032,Agri04_toGrassland,DEA,0.0
2032,Agri04_toGrassland,DEB,0.0
2032,Agri04_toGrassland,DEC,0.0
2032,Agri04_toGrassland,DEE,0.0
2032,Agri04_toGrassland,DED,0.0
2032,Agri04_toGrassland,DEF,0.0
2032,Agri04_toGrassland,DEG,0.0
2032,Agri05_Agroforestry,DE1,10234689.366768394
2032,Agri05_Agroforestry,DE2,13381037.000373542
2032,Agri05_Agroforestry,DE3,51895.15819789597
2032,Agri05_Agroforestry,DE4,10388506.941490293
2032,Agri05_Agroforestry,DE5,426030.4593283127
2032,Agri05_Agroforestry,DE6,344880.36282980366
2032,Agri05_Agroforestry,DE7,2612318.823967801
2032,Agri05_Agroforestry,DE8,10020232.096997162
2032,Agri05_Agroforestry,DE9,12283734.880468292
2032,Agri05_Agroforestry,DEA,10269798.013239004
2032,Agri05_Agroforestry,DEB,6572181.530672783
2032,Agri05_Agroforestry,DEC,1898267.1981474613
2032,Agri05_Agroforestry,DEE,7433759.412554638
2032,Agri05_Agroforestry,DED,6818011.886144959
2032,Agri05_Agroforestry,DEF,1835344.4549578358
2032,Agri05_Agroforestry,DEG,1467812.3615410654
2032,Agri06_Biochar,DE1,0.0
2032,Agri06_Biochar,DE2,0.0
2032,Agri06_Biochar,DE3,0.0
2032,Agri06_Biochar,DE4,0.0
2032,Agri06_Biochar,DE5,0.0
2032,Agri06_Biochar,DE6,0.0
2032,Agri06_Biochar,DE7,0.0
2032,Agri06_Biochar,DE8,0.0
2032,Agri06_Biochar,DE9,0.0
2032,Agri06_Biochar,DEA,0.0
2032,Agri06_Biochar,DEB,0.0
2032,Agri06_Biochar,DEC,0.0
2032,Agri06_Biochar,DEE,0.0
2032,Agri06_Biochar,DED,0.0
2032,Agri06_Biochar,DEF,0.0
2032,Agri06_Biochar,DEG,0.0
2033,Agri01_AGC,DE1,5702317.373092148
2033,Agri01_AGC,DE2,8757821.302533334
2033,Agri01_AGC,DE3,0.0
2033,Agri01_AGC,DE4,5560025.264072323
2033,Agri01_AGC,DE5,0.0
2033,Agri01_AGC,DE6,0.0
2033,Agri01_AGC,DE7,1913672.7877653982
2033,Agri01_AGC,DE8,5541346.825098937
2033,Agri01_AGC,DE9,7739496.061797378
2033,Agri01_AGC,DEA,5783707.0873874985
2033,Agri01_AGC,DEB,3479330.5976522695
2033,Agri01_AGC,DEC,0.0
2033,Agri01_AGC,DEE,4247789.066483444
2033,Agri01_AGC,DED,3690082.39628231
2033,Agri01_AGC,DEF,1780865.3373437303
2033,Agri01_AGC,DEG,1423944.9056545163
2033,Agri02_OFC,DE1,0.0
2033,Agri02_OFC,DE2,0.0
2033,Agri02_OFC,DE3,0.0
2033,Agri02_OFC,DE4,0.0
2033,Agri02_OFC,DE5,0.0
2033,Agri02_OFC,DE6,0.0
2033,Agri02_OFC,DE7,0.0
2033,Agri02_OFC,DE8,0.0
2033,Agri02_OFC,DE9,0.0
2033,Agri02_OFC,DEA,0.0
2033,Agri02_OFC,DEB,0.0
2033,Agri02_OFC,DEC,0.0
2033,Agri02_OFC,DEE,0.0
2033,Agri02_OFC,DED,0.0
2033,Agri02_OFC,DEF,0.0
2033,Agri02_OFC,DEG,0.0
2033,Agri03_No-till,DE1,0.0
2033,Agri03_No-till,DE2,0.0
2033,Agri03_No-till,DE3,0.0
2033,Agri03_No-till,DE4,0.0
2033,Agri03_No-till,DE5,0.0
2033,Agri03_No-till,DE6,0.0
2033,Agri03_No-till,DE7,0.0
2033,Agri03_No-till,DE8,0.0
2033,Agri03_No-till,DE9,0.0
2033,Agri03_No-till,DEA,0.0
2033,Agri03_No-till,DEB,0.0
2033,Agri03_No-till,DEC,0.0
2033,Agri03_No-till,DEE,0.0
2033,Agri03_No-till,DED,0.0
2033,Agri03_No-till,DEF,0.0
2033,Agri03_No-till,DEG,0.0
2033,Agri04_toGrassland,DE1,0.0
2033,Agri04_toGrassland,DE2,0.0
2033,Agri04_toGrassland,DE3,0.0
2033,Agri04_toGrassland,DE4,0.0
2033,Agri04_toGrassland,DE5,0.0
2033,Agri04_toGrassland,DE6,0.0
2033,Agri04_toGrassland,DE7,0.0
2033,Agri04_toGrassland,DE8,0.0
2033,Agri04_toGrassland,DE9,0.0
2033,Agri04_toGrassland,DEA,0.0
2033,Agri04_toGrassland,DEB,0.0
2033,Agri04_toGrassland,DEC,0.0
2033,Agri04_toGrassland,DEE,0.0
2033,Agri04_toGrassland,DED,0.0
2033,Agri04_toGrassland,DEF,0.0
2033,Agri04_toGrassland,DEG,0.0
2033,Agri05_Agroforestry,DE1,12161817.050402123
2033,Agri05_Agroforestry,DE2,15610750.50760507
2033,Agri05_Agroforestry,DE3,53604.060245131084
2033,Agri05_Agroforestry,DE4,12395333.866483653
2033,Agri05_Agroforestry,DE5,440059.59710171266
2033,Agri05_Agroforestry,DE6,356237.2365451426
2033,Agri05_Agroforestry,DE7,3002235.5080756643
2033,Agri05_Agroforestry,DE8,11916210.569421524
2033,Agri05_Agroforestry,DE9,14397395.54625148
2033,Agri05_Agroforestry,DEA,12189777.364492336
2033,Agri05_Agroforestry,DEB,7850272.210172065
2033,Agri05_Agroforestry,DEC,1960776.9353515184
2033,Agri05_Agroforestry,DEE,8809895.004143901
2033,Agri05_Agroforestry,DED,8125970.898422308
2033,Agri05_Agroforestry,DEF,2012181.5088959134
2033,Agri05_Agroforestry,DEG,1609303.6704644037
2033,Agri06_Biochar,DE1,0.0
2033,Agri06_Biochar,DE2,0.0
2033,Agri06_Biochar,DE3,0.0
2033,Agri06_Biochar,DE4,0.0
2033,Agri06_Biochar,DE5,0.0
2033,Agri06_Biochar,DE6,0.0
2033,Agri06_Biochar,DE7,0.0
2033,Agri06_Biochar,DE8,0.0
2033,Agri06_Biochar,DE9,0.0
2033,Agri06_Biochar,DEA,0.0
2033,Agri06_Biochar,DEB,0.0
2033,Agri06_Biochar,DEC,0.0
2033,Agri06_Biochar,DEE,0.0
2033,Agri06_Biochar,DED,0.0
2033,Agri06_Biochar,DEF,0.0
2033,Agri06_Biochar,DEG,0.0
2034,Agri01_AGC,DE1,7259429.591408234
2034,Agri01_AGC,DE2,10998782.374455154
2034,Agri01_AGC,DE3,0.0
2034,Agri01_AGC,DE4,7104627.405245399
2034,Agri01_AGC,DE5,0.0
2034,Agri01_AGC,DE6,0.0
2034,Agri01_AGC,DE7,2383286.1459965864
2034,Agri01_AGC,DE8,7059297.004341189
2034,Agri01_AGC,DE9,9749411.51756456
2034,Agri01_AGC,DEA,7355899.640834756
2034,Agri01_AGC,DEB,4450496.1445410885
2034,Agri01_AGC,DEC,0.0
2034,Agri01_AGC,DEE,5395466.614827431
2034,Agri01_AGC,DED,4710271.046704411
2034,Agri01_AGC,DEF,2179537.405334892
2034,Agri01_AGC,DEG,1742735.018434522
2034,Agri02_OFC,DE1,0.0
2034,Agri02_OFC,DE2,0.0
2034,Agri02_OFC,DE3,0.0
2034,Agri02_OFC,DE4,0.0
2034,Agri02_OFC,DE5,0.0
2034,Agri02_OFC,DE6,0.0
2034,Agri02_OFC,DE7,0.0
2034,Agri02_OFC,DE8,0.0
2034,Agri02_OFC,DE9,0.0
2034,Agri02_OFC,DEA,0.0
2034,Agri02_OFC,DEB,0.0
2034,Agri02_OFC,DEC,0.0
2034,Agri02_OFC,DEE,0.0
2034,Agri02_OFC,DED,0.0
2034,Agri02_OFC,DEF,0.0
2034,Agri02_OFC,DEG,0.0
2034,Agri03_No-till,DE1,0.0
2034,Agri03_No-till,DE2,0.0
2034,Agri03_No-till,DE3,0.0
2034,Agri03_No-till,DE4,0.0
2034,Agri03_No-till,DE5,0.0
2034,Agri03_No-till,DE6,0.0
2034,Agri03_No-till,DE7,0.0
2034,Agri03_No-till,DE8,0.0
2034,Agri03_No-till,DE9,0.0
2034,Agri03_No-till,DEA,0.0
2034,Agri03_No-till,DEB,0.0
2034,Agri03_No-till,DEC,0.0
2034,Agri03_No-till,DEE,0.0
2034,Agri03_No-till,DED,0.0
2034,Agri03_No-till,DEF,0.0
2034,Agri03_No-till,DEG,0.0
2034,Agri04_toGrassland,DE1,0.0
2034,Agri04_toGrassland,DE2,0.0
2034,Agri04_toGrassland,DE3,0.0
2034,Agri04_toGrassland,DE4,0.0
2034,Agri04_toGrassland,DE5,0.0
2034,Agri04_toGrassland,DE6,0.0
2034,Agri04_toGrassland,DE7,0.0
2034,Agri04_toGrassland,DE8,0.0
2034,Agri04_toGrassland,DE9,0.0
2034,Agri04_toGrassland,DEA,0.0
2034,Agri04_toGrassland,DEB,0.0
2034,Agri04_toGrassland,DEC,0.0
2034,Agri04_toGrassland,DEE,0.0
2034,Agri04_toGrassland,DED,0.0
2034,Agri04_toGrassland,DEF,0.0
2034,Agri04_toGrassland,DEG,0.0
2034,Agri05_Agroforestry,DE1,14302903.812437277
2034,Agri05_Agroforestry,DE2,18055703.21140513
2034,Agri05_Agroforestry,DE3,55312.9622923662
2034,Agri05_Agroforestry,DE4,14630624.865428893
2034,Agri05_Agroforestry,DE5,454088.7348751127
2034,Agri05_Agroforestry,DE6,367594.1102604816
2034,Agri05_Agroforestry,DE7,3424074.7862814977
2034,Agri05_Agroforestry,DE8,14023718.994670358
2034,Agri05_Agroforestry,DE9,16723507.090126095
2034,Agri05_Agroforestry,DEA,14321388.206575623
2034,Agri05_Agroforestry,DEB,9274787.969768044
2034,Agri05_Agroforestry,DEC,2023286.672555576
2034,Agri05_Agroforestry,DEE,10037581.749844328
2034,Agri05_Agroforestry,DED,9581840.518961165
2034,Agri05_Agroforestry,DEF,2189838.9529392873
2034,Agri05_Agroforestry,DEG,1751465.8359498426
2034,Agri06_Biochar,DE1,0.0
2034,Agri06_Biochar,DE2,0.0
2034,Agri06_Biochar,DE3,0.0
2034,Agri06_Biochar,DE4,0.0
2034,Agri06_Biochar,DE5,0.0
2034,Agri06_Biochar,DE6,0.0
2034,Agri06_Biochar,DE7,0.0
2034,Agri06_Biochar,DE8,0.0
2034,Agri06_Biochar,DE9,0.0
2034,Agri06_Biochar,DEA,0.0
2034,Agri06_Biochar,DEB,0.0
2034,Agri06_Biochar,DEC,0.0
2034,Agri06_Biochar,DEE,0.0
2034,Agri06_Biochar,DED,0.0
2034,Agri06_Biochar,DEF,0.0
2034,Agri06_Biochar,DEG,0.0
2035,Agri01_AGC,DE1,8630680.58870588
2035,Agri01_AGC,DE2,12901923.685904335
2035,Agri01_AGC,DE3,0.0
2035,Agri01_AGC,DE4,8477172.730337799
2035,Agri01_AGC,DE5,0.0
2035,Agri01_AGC,DE6,43710.00571194951
2035,Agri01_AGC,DE7,2772102.995836469
2035,Agri01_AGC,DE8,8398300.53294291
2035,Agri01_AGC,DE9,11471060.369182875
2035,Agri01_AGC,DEA,8737092.307144474
2035,Agri01_AGC,DEB,5315589.8904998815
2035,Agri01_AGC,DEC,0.0
2035,Agri01_AGC,DEE,6400428.975270829
2035,Agri01_AGC,DED,5614552.058489112
2035,Agri01_AGC,DEF,2489676.501447113
2035,Agri01_AGC,DEG,1990742.7853381443
2035,Agri02_OFC,DE1,0.0
2035,Agri02_OFC,DE2,0.0
2035,Agri02_OFC,DE3,0.0
2035,Agri02_OFC,DE4,0.0
2035,Agri02_OFC,DE5,0.0
2035,Agri02_OFC,DE6,0.0
2035,Agri02_OFC,DE7,0.0
2035,Agri02_OFC,DE8,0.0
2035,Agri02_OFC,DE9,0.0
2035,Agri02_OFC,DEA,0.0
2035,Agri02_OFC,DEB,0.0
2035,Agri02_OFC,DEC,0.0
2035,Agri02_OFC,DEE,0.0
2035,Agri02_OFC,DED,0.0
2035,Agri02_OFC,DEF,0.0
2035,Agri02_OFC,DEG,0.0
2035,Agri03_No-till,DE1,0.0
2035,Agri03_No-till,DE2,0.0
2035,Agri03_No-till,DE3,0.0
2035,Agri03_No-till,DE4,0.0
2035,Agri03_No-till,DE5,0.0
2035,Agri03_No-till,DE6,0.0
2035,Agri03_No-till,DE7,0.0
2035,Agri03_No-till,DE8,0.0
2035,Agri03_No-till,DE9,0.0
2035,Agri03_No-till,DEA,0.0
2035,Agri03_No-till,DEB,0.0
2035,Agri03_No-till,DEC,0.0
2035,Agri03_No-till,DEE,0.0
2035,Agri03_No-till,DED,0.0
2035,Agri03_No-till,DEF,0.0
2035,Agri03_No-till,DEG,0.0
2035,Agri04_toGrassland,DE1,0.0
2035,Agri04_toGrassland,DE2,0.0
2035,Agri04_toGrassland,DE3,0.0
2035,Agri04_toGrassland,DE4,0.0
2035,Agri04_toGrassland,DE5,0.0
2035,Agri04_toGrassland,DE6,0.0
2035,Agri04_toGrassland,DE7,0.0
2035,Agri04_toGrassland,DE8,0.0
2035,Agri04_toGrassland,DE9,0.0
2035,Agri04_toGrassland,DEA,0.0
2035,Agri04_toGrassland,DEB,0.0
2035,Agri04_toGrassland,DEC,0.0
2035,Agri04_toGrassland,DEE,0.0
2035,Agri04_toGrassland,DED,0.0
2035,Agri04_toGrassland,DEF,0.0
2035,Agri04_toGrassland,DEG,0.0
2035,Agri05_Agroforestry,DE1,16668383.623419102
2035,Agri05_Agroforestry,DE2,20725271.8487131
2035,Agri05_Agroforestry,DE3,57021.86433960131
2035,Agri05_Agroforestry,DE4,17105717.250440888
2035,Agri05_Agroforestry,DE5,468117.8726485126
2035,Agri05_Agroforestry,DE6,378950.9839758204
2035,Agri05_Agroforestry,DE7,3878999.5183499013
2035,Agri05_Agroforestry,DE8,16353108.545128856
2035,Agri05_Agroforestry,DE9,19271660.103801474
2035,Agri05_Agroforestry,DEA,16674897.852903513
2035,Agri05_Agroforestry,DEB,10853026.19853825
2035,Agri05_Agroforestry,DEC,2085796.409759633
2035,Agri05_Agroforestry,DEE,10347694.303768527
2035,Agri05_Agroforestry,DED,11192927.152111016
2035,Agri05_Agroforestry,DEF,2367704.9470767304
2035,Agri05_Agroforestry,DEG,1893810.515871845
2035,Agri06_Biochar,DE1,0.0
2035,Agri06_Biochar,DE2,0.0
2035,Agri06_Biochar,DE3,0.0
2035,Agri06_Biochar,DE4,0.0
2035,Agri06_Biochar,DE5,0.0
2035,Agri06_Biochar,DE6,0.0
2035,Agri06_Biochar,DE7,0.0
2035,Agri06_Biochar,DE8,0.0
2035,Agri06_Biochar,DE9,0.0
2035,Agri06_Biochar,DEA,0.0
2035,Agri06_Biochar,DEB,0.0
2035,Agri06_Biochar,DEC,0.0
2035,Agri06_Biochar,DEE,0.0
2035,Agri06_Biochar,DED,0.0
2035,Agri06_Biochar,DEF,0.0
2035,Agri06_Biochar,DEG,0.0
2036,Agri01_AGC,DE1,9807651.704188412
2036,Agri01_AGC,DE2,14468047.18927409
2036,Agri01_AGC,DE3,0.0
2036,Agri01_AGC,DE4,9667049.033756426
2036,Agri01_AGC,DE5,0.0
2036,Agri01_AGC,DE6,97332.83616324527
2036,Agri01_AGC,DE7,3082128.7035574475
2036,Agri01_AGC,DE8,9549739.049257006
2036,Agri01_AGC,DE9,12902457.623612594
2036,Agri01_AGC,DEA,9919398.096738698
2036,Agri01_AGC,DEB,6067552.150669216
2036,Agri01_AGC,DEC,0.0
2036,Agri01_AGC,DEE,7257522.6772184335
2036,Agri01_AGC,DED,6396332.49295558
2036,Agri01_AGC,DEF,2716647.7558900546
2036,Agri01_AGC,DEG,2172256.2555710035
2036,Agri02_OFC,DE1,0.0
2036,Agri02_OFC,DE2,0.0
2036,Agri02_OFC,DE3,0.0
2036,Agri02_OFC,DE4,0.0
2036,Agri02_OFC,DE5,0.0
2036,Agri02_OFC,DE6,0.0
2036,Agri02_OFC,DE7,0.0
2036,Agri02_OFC,DE8,0.0
2036,Agri02_OFC,DE9,0.0
2036,Agri02_OFC,DEA,0.0
2036,Agri02_OFC,DEB,0.0
2036,Agri02_OFC,DEC,0.0
2036,Agri02_OFC,DEE,0.0
2036,Agri02_OFC,DED,0.0
2036,Agri02_OFC,DEF,0.0
2036,Agri02_OFC,DEG,0.0
2036,Agri03_No-till,DE1,0.0
2036,Agri03_No-till,DE2,0.0
2036,Agri03_No-till,DE3,0.0
2036,Agri03_No-till,DE4,0.0
2036,Agri03_No-till,DE5,0.0
2036,Agri03_No-till,DE6,0.0
2036,Agri03_No-till,DE7,0.0
2036,Agri03_No-till,DE8,0.0
2036,Agri03_No-till,DE9,0.0
2036,Agri03_No-till,DEA,0.0
2036,Agri03_No-till,DEB,0.0
2036,Agri03_No-till,DEC,0.0
2036,Agri03_No-till,DEE,0.0
2036,Agri03_No-till,DED,0.0
2036,Agri03_No-till,DEF,0.0
2036,Agri03_No-till,DEG,0.0
2036,Agri04_toGrassland,DE1,0.0
2036,Agri04_toGrassland,DE2,0.0
2036,Agri04_toGrassland,DE3,0.0
2036,Agri04_toGrassland,DE4,0.0
2036,Agri04_toGrassland,DE5,0.0
2036,Agri04_toGrassland,DE6,0.0
2036,Agri04_toGrassland,DE7,0.0
2036,Agri04_toGrassland,DE8,0.0
2036,Agri04_toGrassland,DE9,0.0
2036,Agri04_toGrassland,DEA,0.0
2036,Agri04_toGrassland,DEB,0.0
2036,Agri04_toGrassland,DEC,0.0
2036,Agri04_toGrassland,DEE,0.0
2036,Agri04_toGrassland,DED,0.0
2036,Agri04_toGrassland,DEF,0.0
2036,Agri04_toGrassland,DEG,0.0
2036,Agri05_Agroforestry,DE1,19268690.453892868
2036,Agri05_Agroforestry,DE2,23628833.1564684
2036,Agri05_Agroforestry,DE3,58730.766386836425
2036,Agri05_Agroforestry,DE4,19831948.333634526
2036,Agri05_Agroforestry,DE5,482147.01042191265
2036,Agri05_Agroforestry,DE6,390307.8576911594
2036,Agri05_Agroforestry,DE7,4368172.5640454795
2036,Agri05_Agroforestry,DE8,18914730.393182233
2036,Agri05_Agroforestry,DE9,22051445.17898698
2036,Agri05_Agroforestry,DEA,19260573.61689068
2036,Agri05_Agroforestry,DEB,12592284.285560228
2036,Agri05_Agroforestry,DEC,2148306.146963691
2036,Agri05_Agroforestry,DEE,10657806.857692732
2036,Agri05_Agroforestry,DED,11873597.39426319
2036,Agri05_Agroforestry,DEF,2545167.65129702
2036,Agri05_Agroforestry,DEG,2035849.3681048758
2036,Agri06_Biochar,DE1,0.0
2036,Agri06_Biochar,DE2,0.0
2036,Agri06_Biochar,DE3,0.0
2036,Agri06_Biochar,DE4,0.0
2036,Agri06_Biochar,DE5,0.0
2036,Agri06_Biochar,DE6,0.0
2036,Agri06_Biochar,DE7,0.0
2036,Agri06_Biochar,DE8,0.0
2036,Agri06_Biochar,DE9,0.0
2036,Agri06_Biochar,DEA,0.0
2036,Agri06_Biochar,DEB,0.0
2036,Agri06_Biochar,DEC,0.0
2036,Agri06_Biochar,DEE,0.0
2036,Agri06_Biochar,DED,0.0
2036,Agri06_Biochar,DEF,0.0
2036,Agri06_Biochar,DEG,0.0
2037,Agri01_AGC,DE1,10781924.27705915
2037,Agri01_AGC,DE2,15697954.836957622
2037,Agri01_AGC,DE3,50128.97475994111
2037,Agri01_AGC,DE4,10663644.109908186
2037,Agri01_AGC,DE5,161169.61415485386
2037,Agri01_AGC,DE6,145887.43196069283
2037,Agri01_AGC,DE7,3315368.635431922
2037,Agri01_AGC,DE8,10504994.191636376
2037,Agri01_AGC,DE9,14041618.287813975
2037,Agri01_AGC,DEA,10894930.020039476
2037,Agri01_AGC,DEB,6699323.240189659
2037,Agri01_AGC,DEC,814456.7332092127
2037,Agri01_AGC,DEE,7961594.2500750385
2037,Agri01_AGC,DED,7049019.411422977
2037,Agri01_AGC,DEF,2865816.2988733766
2037,Agri01_AGC,DEG,2291563.478338719
2037,Agri02_OFC,DE1,1127302.3926493826
2037,Agri02_OFC,DE2,1521623.8456573293
2037,Agri02_OFC,DE3,793921.8767097594
2037,Agri02_OFC,DE4,1135883.5499973164
2037,Agri02_OFC,DE5,367405.25326143805
2037,Agri02_OFC,DE6,37699.70921097517
2037,Agri02_OFC,DE7,304538.11656578904
2037,Agri02_OFC,DE8,1102159.5947163487
2037,Agri02_OFC,DE9,1385836.9916234312
2037,Agri02_OFC,DEA,1133436.8743349975
2037,Agri02_OFC,DEB,717205.4829674504
2037,Agri02_OFC,DEC,555293.7370046086
2037,Agri02_OFC,DEE,822681.5484386673
2037,Agri02_OFC,DED,746988.4648180902
2037,Agri02_OFC,DEF,229963.1573653717
2037,Agri02_OFC,DEG,183901.5627865506
2037,Agri03_No-till,DE1,0.0
2037,Agri03_No-till,DE2,0.0
2037,Agri03_No-till,DE3,0.0
2037,Agri03_No-till,DE4,0.0
2037,Agri03_No-till,DE5,0.0
2037,Agri03_No-till,DE6,0.0
2037,Agri03_No-till,DE7,0.0
2037,Agri03_No-till,DE8,0.0
2037,Agri03_No-till,DE9,0.0
2037,Agri03_No-till,DEA,0.0
2037,Agri03_No-till,DEB,0.0
2037,Agri03_No-till,DEC,0.0
2037,Agri03_No-till,DEE,0.0
2037,Agri03_No-till,DED,0.0
2037,Agri03_No-till,DEF,0.0
2037,Agri03_No-till,DEG,0.0
2037,Agri04_toGrassland,DE1,0.0
2037,Agri04_toGrassland,DE2,0.0
2037,Agri04_toGrassland,DE3,0.0
2037,Agri04_toGrassland,DE4,0.0
2037,Agri04_toGrassland,DE5,0.0
2037,Agri04_toGrassland,DE6,0.0
2037,Agri04_toGrassland,DE7,0.0
2037,Agri04_toGrassland,DE8,0.0
2037,Agri04_toGrassland,DE9,0.0
2037,Agri04_toGrassland,DEA,0.0
2037,Agri04_toGrassland,DEB,0.0
2037,Agri04_toGrassland,DEC,0.0
2037,Agri04_toGrassland,DEE,0.0
2037,Agri04_toGrassland,DED,0.0
2037,Agri04_toGrassland,DEF,0.0
2037,Agri04_toGrassland,DEG,0.0
2037,Agri05_Agroforestry,DE1,22114258.274403825
2037,Agri05_Agroforestry,DE2,26775763.871610407
2037,Agri05_Agroforestry,DE3,60439.66843407154
2037,Agri05_Agroforestry,DE4,21885400.51513245
2037,Agri05_Agroforestry,DE5,496176.1481953126
2037,Agri05_Agroforestry,DE6,401664.73140649835
2037,Agri05_Agroforestry,DE7,4892756.783132833
2037,Agri05_Agroforestry,DE8,20844185.70822558
2037,Agri05_Agroforestry,DE9,25072452.90739194
2037,Agri05_Agroforestry,DEA,22088682.811951764
2037,Agri05_Agroforestry,DEB,14499859.619911512
2037,Agri05_Agroforestry,DEC,2210815.884167748
2037,Agri05_Agroforestry,DEE,10967919.411616933
2037,Agri05_Agroforestry,DED,12219086.073253928
2037,Agri05_Agroforestry,DEF,2721615.2255889284
2037,Agri05_Agroforestry,DEG,2177094.050523398
2037,Agri06_Biochar,DE1,0.0
2037,Agri06_Biochar,DE2,0.0
2037,Agri06_Biochar,DE3,0.0
2037,Agri06_Biochar,DE4,0.0
2037,Agri06_Biochar,DE5,0.0
2037,Agri06_Biochar,DE6,0.0
2037,Agri06_Biochar,DE7,0.0
2037,Agri06_Biochar,DE8,0.0
2037,Agri06_Biochar,DE9,0.0
2037,Agri06_Biochar,DEA,0.0
2037,Agri06_Biochar,DEB,0.0
2037,Agri06_Biochar,DEC,0.0
2037,Agri06_Biochar,DEE,0.0
2037,Agri06_Biochar,DED,0.0
2037,Agri06_Biochar,DEF,0.0
2037,Agri06_Biochar,DEG,0.0
2038,Agri01_AGC,DE1,11545079.646521423
2038,Agri01_AGC,DE2,16592448.581348134
2038,Agri01_AGC,DE3,46399.39620749214
2038,Agri01_AGC,DE4,11456345.753199978
2038,Agri01_AGC,DE5,149178.65006398706
2038,Agri01_AGC,DE6,188759.92292987264
2038,Agri01_AGC,DE7,3473828.1577322916
2038,Agri01_AGC,DE8,11255447.598433917
2038,Agri01_AGC,DE9,14886557.368747279
2038,Agri01_AGC,DEA,11655801.087468855
2038,Agri01_AGC,DEB,7203843.474201773
2038,Agri01_AGC,DEC,1259785.34638661
2038,Agri01_AGC,DEE,8507490.223245438
2038,Agri01_AGC,DED,7566019.875210461
2038,Agri01_AGC,DEF,2942547.260606738
2038,Agri01_AGC,DEG,2352952.50284691
2038,Agri02_OFC,DE1,2107527.7525225766
2038,Agri02_OFC,DE2,2810379.07432538
2038,Agri02_OFC,DE3,1513299.5295738687
2038,Agri02_OFC,DE4,2129582.369704302
2038,Agri02_OFC,DE5,700081.7604368946
2038,Agri02_OFC,DE6,71419.0378394806
2038,Agri02_OFC,DE7,557261.4618779476
2038,Agri02_OFC,DE8,2061616.3815091522
2038,Agri02_OFC,DE9,2567252.1562325307
2038,Agri02_OFC,DEA,2117366.017129206
2038,Agri02_OFC,DEB,1345648.1374688782
2038,Agri02_OFC,DEC,1056221.9011683618
2038,Agri02_OFC,DEE,1535233.5976849645
2038,Agri02_OFC,DED,1399382.7296045513
2038,Agri02_OFC,DEF,409928.251733004
2038,Agri02_OFC,DEG,327826.57456806215
2038,Agri03_No-till,DE1,0.0
2038,Agri03_No-till,DE2,0.0
2038,Agri03_No-till,DE3,0.0
2038,Agri03_No-till,DE4,0.0
2038,Agri03_No-till,DE5,0.0
2038,Agri03_No-till,DE6,0.0
2038,Agri03_No-till,DE7,0.0
2038,Agri03_No-till,DE8,0.0
2038,Agri03_No-till,DE9,0.0
2038,Agri03_No-till,DEA,0.0
2038,Agri03_No-till,DEB,0.0
2038,Agri03_No-till,DEC,0.0
2038,Agri03_No-till,DEE,0.0
2038,Agri03_No-till,DED,0.0
2038,Agri03_No-till,DEF,0.0
2038,Agri03_No-till,DEG,0.0
2038,Agri04_toGrassland,DE1,0.0
2038,Agri04_toGrassland,DE2,0.0
2038,Agri04_toGrassland,DE3,0.0
2038,Agri04_toGrassland,DE4,0.0
2038,Agri04_toGrassland,DE5,0.0
2038,Agri04_toGrassland,DE6,0.0
2038,Agri04_toGrassland,DE7,0.0
2038,Agri04_toGrassland,DE8,0.0
2038,Agri04_toGrassland,DE9,0.0
2038,Agri04_toGrassland,DEA,0.0
2038,Agri04_toGrassland,DEB,0.0
2038,Agri04_toGrassland,DEC,0.0
2038,Agri04_toGrassland,DEE,0.0
2038,Agri04_toGrassland,DED,0.0
2038,Agri04_toGrassland,DEF,0.0
2038,Agri04_toGrassland,DEG,0.0
2038,Agri05_Agroforestry,DE1,25215521.055497244
2038,Agri05_Agroforestry,DE2,30175440.731078528
2038,Agri05_Agroforestry,DE3,62148.57048130666
2038,Agri05_Agroforestry,DE4,22504199.504502602
2038,Agri05_Agroforestry,DE5,510205.2859687126
2038,Agri05_Agroforestry,DE6,413021.60512183735
2038,Agri05_Agroforestry,DE7,5453915.0353765655
2038,Agri05_Agroforestry,DE8,21433544.858476236
2038,Agri05_Agroforestry,DE9,28344273.880725708
2038,Agri05_Agroforestry,DEA,25169492.751501434
2038,Agri05_Agroforestry,DEB,16318598.857307062
2038,Agri05_Agroforestry,DEC,2273325.6213718057
2038,Agri05_Agroforestry,DEE,11278031.965541137
2038,Agri05_Agroforestry,DED,12564574.75224467
2038,Agri05_Agroforestry,DEF,2896435.8299412318
2038,Agri05_Agroforestry,DEG,2317056.2210018756
2038,Agri06_Biochar,DE1,0.0
2038,Agri06_Biochar,DE2,0.0
2038,Agri06_Biochar,DE3,0.0
2038,Agri06_Biochar,DE4,0.0
2038,Agri06_Biochar,DE5,0.0
2038,Agri06_Biochar,DE6,0.0
2038,Agri06_Biochar,DE7,0.0
2038,Agri06_Biochar,DE8,0.0
2038,Agri06_Biochar,DE9,0.0
2038,Agri06_Biochar,DEA,0.0
2038,Agri06_Biochar,DEB,0.0
2038,Agri06_Biochar,DEC,0.0
2038,Agri06_Biochar,DEE,0.0
2038,Agri06_Biochar,DED,0.0
2038,Agri06_Biochar,DEF,0.0
2038,Agri06_Biochar,DEG,0.0
2039,Agri01_AGC,DE1,12088699.151778555
2039,Agri01_AGC,DE2,17152330.374838836
2039,Agri01_AGC,DE3,42669.81765504315
2039,Agri01_AGC,DE4,12034541.758038709
2039,Agri01_AGC,DE5,137187.6859731203
2039,Agri01_AGC,DE6,225336.43889636523
2039,Agri01_AGC,DE7,3559512.6367309573
2039,Agri01_AGC,DE8,11792480.908002535
2039,Agri01_AGC,DE9,15435289.873372776
2039,Agri01_AGC,DEA,12194124.309448883
2039,Agri01_AGC,DEB,7574053.167846127
2039,Agri01_AGC,DEC,1158523.9336828312
2039,Agri01_AGC,DEE,8890057.126134427
2039,Agri01_AGC,DED,7940740.945637199
2039,Agri01_AGC,DEF,2952205.7712997994
2039,Agri01_AGC,DEG,2360711.3783011977
2039,Agri02_OFC,DE1,2934830.098467232
2039,Agri02_OFC,DE2,3866822.567756368
2039,Agri02_OFC,DE3,2146873.653558328
2039,Agri02_OFC,DE4,2973727.2640220635
2039,Agri02_OFC,DE5,992876.0206803824
2039,Agri02_OFC,DE6,100731.70983564112
2039,Agri02_OFC,DE7,759562.5773056019
2039,Agri02_OFC,DE8,2872385.7054588343
2039,Agri02_OFC,DE9,3542867.0997836264
2039,Agri02_OFC,DEA,2946310.643709262
2039,Agri02_OFC,DEB,1880425.6654278392
2039,Agri02_OFC,DEC,1495457.152745399
2039,Agri02_OFC,DEE,2134077.5391339874
2039,Agri02_OFC,DED,1952604.608327468
2039,Agri02_OFC,DEF,543620.8697303998
2039,Agri02_OFC,DEG,434752.68885045836
2039,Agri03_No-till,DE1,0.0
2039,Agri03_No-till,DE2,0.0
2039,Agri03_No-till,DE3,0.0
2039,Agri03_No-till,DE4,0.0
2039,Agri03_No-till,DE5,0.0
2039,Agri03_No-till,DE6,0.0
2039,Agri03_No-till,DE7,0.0
2039,Agri03_No-till,DE8,0.0
2039,Agri03_No-till,DE9,0.0
2039,Agri03_No-till,DEA,0.0
2039,Agri03_No-till,DEB,0.0
2039,Agri03_No-till,DEC,0.0
2039,Agri03_No-till,DEE,0.0
2039,Agri03_No-till,DED,0.0
2039,Agri03_No-till,DEF,0.0
2039,Agri03_No-till,DEG,0.0
2039,Agri04_toGrassland,DE1,0.0
2039,Agri04_toGrassland,DE2,0.0
2039,Agri04_toGrassland,DE3,0.0
2039,Agri04_toGrassland,DE4,0.0
2039,Agri04_toGrassland,DE5,0.0
2039,Agri04_toGrassland,DE6,0.0
2039,Agri04_toGrassland,DE7,0.0
2039,Agri04_toGrassland,DE8,0.0
2039,Agri04_toGrassland,DE9,0.0
2039,Agri04_toGrassland,DEA,0.0
2039,Agri04_toGrassland,DEB,0.0
2039,Agri04_toGrassland,DEC,0.0
2039,Agri04_toGrassland,DEE,0.0
2039,Agri04_toGrassland,DED,0.0
2039,Agri04_toGrassland,DEF,0.0
2039,Agri04_toGrassland,DEG,0.0
2039,Agri05_Agroforestry,DE1,28582912.76771837
2039,Agri05_Agroforestry,DE2,33837240.47181215
2039,Agri05_Agroforestry,DE3,63857.47252854177
2039,Agri05_Agroforestry,DE4,23122998.493872747
2039,Agri05_Agroforestry,DE5,524234.4237421126
2039,Agri05_Agroforestry,DE6,424378.4788371762
2039,Agri05_Agroforestry,DE7,6052810.180541275
2039,Agri05_Agroforestry,DE8,22022904.008726887
2039,Agri05_Agroforestry,DE9,31876498.69069762
2039,Agri05_Agroforestry,DEA,28513270.748954337
2039,Agri05_Agroforestry,DEB,16767312.106530525
2039,Agri05_Agroforestry,DEC,2335835.358575863
2039,Agri05_Agroforestry,DEE,11588144.519465338
2039,Agri05_Agroforestry,DED,12910063.43123541
2039,Agri05_Agroforestry,DEF,3069017.6243427037
2039,Agri05_Agroforestry,DEG,2455247.5374147724
2039,Agri06_Biochar,DE1,0.0
2039,Agri06_Biochar,DE2,0.0
2039,Agri06_Biochar,DE3,0.0
2039,Agri06_Biochar,DE4,0.0
2039,Agri06_Biochar,DE5,0.0
2039,Agri06_Biochar,DE6,0.0
2039,Agri06_Biochar,DE7,0.0
2039,Agri06_Biochar,DE8,0.0
2039,Agri06_Biochar,DE9,0.0
2039,Agri06_Biochar,DEA,0.0
2039,Agri06_Biochar,DEB,0.0
2039,Agri06_Biochar,DEC,0.0
2039,Agri06_Biochar,DEE,0.0
2039,Agri06_Biochar,DED,0.0
2039,Agri06_Biochar,DEF,0.0
2039,Agri06_Biochar,DEG,0.0
2040,Agri01_AGC,DE1,12404364.132033866
2040,Agri01_AGC,DE2,17378402.169822928
2040,Agri01_AGC,DE3,38940.23910259417
2040,Agri01_AGC,DE4,12387619.918831281
2040,Agri01_AGC,DE5,125196.72188225352
2040,Agri01_AGC,DE6,205640.78525220708
2040,Agri01_AGC,DE7,3574427.4387003193
2040,Agri01_AGC,DE8,12107475.758695127
2040,Agri01_AGC,DE9,15685830.808650726
2040,Agri01_AGC,DEA,12502012.696401605
2040,Agri01_AGC,DEB,7802892.636263286
2040,Agri01_AGC,DEC,1057262.5209790524
2040,Agri01_AGC,DEE,9104141.488146799
2040,Agri01_AGC,DED,8166589.68402235
2040,Agri01_AGC,DEF,2900156.961162222
2040,Agri01_AGC,DEG,2319128.153907201
2040,Agri02_OFC,DE1,3603363.4493309995
2040,Agri02_OFC,DE2,4691511.207702509
2040,Agri02_OFC,DE3,2683384.9436291372
2040,Agri02_OFC,DE4,3660949.0378517075
2040,Agri02_OFC,DE5,1240634.5331459134
2040,Agri02_OFC,DE6,125211.44914958147
2040,Agri02_OFC,DE7,912834.0042178779
2040,Agri02_OFC,DE8,3528482.911645816
2040,Agri02_OFC,DE9,4311303.428233042
2040,Agri02_OFC,DEA,3614793.969401798
2040,Agri02_OFC,DEB,2316635.768767888
2040,Agri02_OFC,DEC,1865672.1519898586
2040,Agri02_OFC,DEE,2615634.7641808297
2040,Agri02_OFC,DED,2402075.914954924
2040,Agri02_OFC,DEF,634766.5979850622
2040,Agri02_OFC,DEG,507657.5591396629
2040,Agri03_No-till,DE1,0.0
2040,Agri03_No-till,DE2,0.0
2040,Agri03_No-till,DE3,0.0
2040,Agri03_No-till,DE4,0.0
2040,Agri03_No-till,DE5,0.0
2040,Agri03_No-till,DE6,0.0
2040,Agri03_No-till,DE7,0.0
2040,Agri03_No-till,DE8,0.0
2040,Agri03_No-till,DE9,0.0
2040,Agri03_No-till,DEA,0.0
2040,Agri03_No-till,DEB,0.0
2040,Agri03_No-till,DEC,0.0
2040,Agri03_No-till,DEE,0.0
2040,Agri03_No-till,DED,0.0
2040,Agri03_No-till,DEF,0.0
2040,Agri03_No-till,DEG,0.0
2040,Agri04_toGrassland,DE1,0.0
2040,Agri04_toGrassland,DE2,0.0
2040,Agri04_toGrassland,DE3,0.0
2040,Agri04_toGrassland,DE4,0.0
2040,Agri04_toGrassland,DE5,0.0
2040,Agri04_toGrassland,DE6,0.0
2040,Agri04_toGrassland,DE7,0.0
2040,Agri04_toGrassland,DE8,0.0
2040,Agri04_toGrassland,DE9,0.0
2040,Agri04_toGrassland,DEA,0.0
2040,Agri04_toGrassland,DEB,0.0
2040,Agri04_toGrassland,DEC,0.0
2040,Agri04_toGrassland,DEE,0.0
2040,Agri04_toGrassland,DED,0.0
2040,Agri04_toGrassland,DEF,0.0
2040,Agri04_toGrassland,DEG,0.0
2040,Agri05_Agroforestry,DE1,32226867.381612465
2040,Agri05_Agroforestry,DE2,37770539.830750674
2040,Agri05_Agroforestry,DE3,65566.37457577688
2040,Agri05_Agroforestry,DE4,23741797.48324289
2040,Agri05_Agroforestry,DE5,538263.5615155124
2040,Agri05_Agroforestry,DE6,435735.3525525151
2040,Agri05_Agroforestry,DE7,6690605.078391565
2040,Agri05_Agroforestry,DE8,22612263.158977535
2040,Agri05_Agroforestry,DE9,35678717.92901702
2040,Agri05_Agroforestry,DEA,29298479.246023826
2040,Agri05_Agroforestry,DEB,17216025.355753988
2040,Agri05_Agroforestry,DEC,2398345.09577992
2040,Agri05_Agroforestry,DEE,11898257.07338954
2040,Agri05_Agroforestry,DED,13255552.110226147
2040,Agri05_Agroforestry,DEF,3238748.768782119
2040,Agri05_Agroforestry,DEG,2591179.6576365517
2040,Agri06_Biochar,DE1,0.0
2040,Agri06_Biochar,DE2,0.0
2040,Agri06_Biochar,DE3,0.0
2040,Agri06_Biochar,DE4,0.0
2040,Agri06_Biochar,DE5,0.0
2040,Agri06_Biochar,DE6,0.0
2040,Agri06_Biochar,DE7,0.0
2040,Agri06_Biochar,DE8,0.0
2040,Agri06_Biochar,DE9,0.0
2040,Agri06_Biochar,DEA,0.0
2040,Agri06_Biochar,DEB,0.0
2040,Agri06_Biochar,DEC,0.0
2040,Agri06_Biochar,DEE,0.0
2040,Agri06_Biochar,DED,0.0
2040,Agri06_Biochar,DEF,0.0
2040,Agri06_Biochar,DEG,0.0
2041,Agri01_AGC,DE1,12483655.926490692
2041,Agri01_AGC,DE2,17271465.918693632
2041,Agri01_AGC,DE3,35210.6605501452
2041,Agri01_AGC,DE4,12504968.029984606
2041,Agri01_AGC,DE5,113205.7577913868
2041,Agri01_AGC,DE6,185945.131608049
2041,Agri01_AGC,DE7,3520577.9299127795
2041,Agri01_AGC,DE8,12191813.788864601
2041,Agri01_AGC,DE9,15636195.181541402
2041,Agri01_AGC,DEA,12571579.258749079
2041,Agri01_AGC,DEB,7883302.19459382
2041,Agri01_AGC,DEC,956001.1082752738
2041,Agri01_AGC,DEE,9144589.838687357
2041,Agri01_AGC,DED,8236973.151685082
2041,Agri01_AGC,DEF,2791765.960403667
2041,Agri01_AGC,DEG,2232490.878870541
2041,Agri02_OFC,DE1,4107281.823961529
2041,Agri02_OFC,DE2,5285001.87591602
2041,Agri02_OFC,DE3,3111574.094752296
2041,Agri02_OFC,DE4,4183878.4960943423
2041,Agri02_OFC,DE5,1438203.7969875003
2041,Agri02_OFC,DE6,144431.97973142643
2041,Agri02_OFC,DE7,1018468.2839839016
2041,Agri02_OFC,DE8,4023923.3451505215
2041,Agri02_OFC,DE9,4871182.747537109
2041,Agri02_OFC,DEA,4117339.209533451
2041,Agri02_OFC,DEB,2649376.1494125808
2041,Agri02_OFC,DEC,2159539.55915588
2041,Agri02_OFC,DEE,2976326.6642205874
2041,Agri02_OFC,DED,2743218.4634550037
2041,Agri02_OFC,DEF,687091.0231244941
2041,Agri02_OFC,DEG,549518.8389415996
2041,Agri03_No-till,DE1,0.0
2041,Agri03_No-till,DE2,0.0
2041,Agri03_No-till,DE3,0.0
2041,Agri03_No-till,DE4,0.0
2041,Agri03_No-till,DE5,0.0
2041,Agri03_No-till,DE6,0.0
2041,Agri03_No-till,DE7,0.0
2041,Agri03_No-till,DE8,0.0
2041,Agri03_No-till,DE9,0.0
2041,Agri03_No-till,DEA,0.0
2041,Agri03_No-till,DEB,0.0
2041,Agri03_No-till,DEC,0.0
2041,Agri03_No-till,DEE,0.0
2041,Agri03_No-till,DED,0.0
2041,Agri03_No-till,DEF,0.0
2041,Agri03_No-till,DEG,0.0
2041,Agri04_toGrassland,DE1,0.0
2041,Agri04_toGrassland,DE2,0.0
2041,Agri04_toGrassland,DE3,0.0
2041,Agri04_toGrassland,DE4,0.0
2041,Agri04_toGrassland,DE5,0.0
2041,Agri04_toGrassland,DE6,0.0
2041,Agri04_toGrassland,DE7,0.0
2041,Agri04_toGrassland,DE8,0.0
2041,Agri04_toGrassland,DE9,0.0
2041,Agri04_toGrassland,DEA,0.0
2041,Agri04_toGrassland,DEB,0.0
2041,Agri04_toGrassland,DEC,0.0
2041,Agri04_toGrassland,DEE,0.0
2041,Agri04_toGrassland,DED,0.0
2041,Agri04_toGrassland,DEF,0.0
2041,Agri04_toGrassland,DEG,0.0
2041,Agri05_Agroforestry,DE1,36157818.8677248
2041,Agri05_Agroforestry,DE2,41984715.54483351
2041,Agri05_Agroforestry,DE3,67275.27662301199
2041,Agri05_Agroforestry,DE4,24360596.47261304
2041,Agri05_Agroforestry,DE5,552292.6992889125
2041,Agri05_Agroforestry,DE6,447092.2262678541
2041,Agri05_Agroforestry,DE7,7368462.58869204
2041,Agri05_Agroforestry,DE8,23201622.309228193
2041,Agri05_Agroforestry,DE9,39760522.18739327
2041,Agri05_Agroforestry,DEA,30062105.89898968
2041,Agri05_Agroforestry,DEB,17664738.604977455
2041,Agri05_Agroforestry,DEC,2460854.8329839776
2041,Agri05_Agroforestry,DEE,12208369.627313742
2041,Agri05_Agroforestry,DED,13601040.789216889
2041,Agri05_Agroforestry,DEF,3405017.4232482524
2041,Agri05_Agroforestry,DEG,2724364.239541679
2041,Agri06_Biochar,DE1,0.0
2041,Agri06_Biochar,DE2,0.0
2041,Agri06_Biochar,DE3,0.0
2041,Agri06_Biochar,DE4,0.0
2041,Agri06_Biochar,DE5,0.0
2041,Agri06_Biochar,DE6,0.0
2041,Agri06_Biochar,DE7,0.0
2041,Agri06_Biochar,DE8,0.0
2041,Agri06_Biochar,DE9,0.0
2041,Agri06_Biochar,DEA,0.0
2041,Agri06_Biochar,DEB,0.0
2041,Agri06_Biochar,DEC,0.0
2041,Agri06_Biochar,DEE,0.0
2041,Agri06_Biochar,DED,0.0
2041,Agri06_Biochar,DEF,0.0
2041,Agri06_Biochar,DEG,0.0
2042,Agri01_AGC,DE1,12318155.874352347
2042,Agri01_AGC,DE2,16832323.57384414
2042,Agri01_AGC,DE3,31481.081997696223
2042,Agri01_AGC,DE4,12375973.885905577
2042,Agri01_AGC,DE5,101214.79370052004
2042,Agri01_AGC,DE6,166249.47796389088
2042,Agri01_AGC,DE7,3399969.4766407367
2042,Agri01_AGC,DE8,12036876.63686385
2042,Agri01_AGC,DE9,15284397.999005057
2042,Agri01_AGC,DEA,12394937.006913342
2042,Agri01_AGC,DEB,7808222.157978291
2042,Agri01_AGC,DEC,854739.6955714951
2042,Agri01_AGC,DEE,9006248.707160886
2042,Agri01_AGC,DED,8145298.409944551
2042,Agri01_AGC,DEF,2632397.899233792
2042,Agri01_AGC,DEG,2105087.6023968365
2042,Agri02_OFC,DE1,4440739.241206471
2042,Agri02_OFC,DE2,5647851.454149118
2042,Agri02_OFC,DE3,3420181.8018938056
2042,Agri02_OFC,DE4,4535146.443651074
2042,Agri02_OFC,DE5,1580430.3113591557
2042,Agri02_OFC,DE6,157967.02553130084
2042,Agri02_OFC,DE7,1077857.9579728
2042,Agri02_OFC,DE8,4352722.351053373
2042,Agri02_OFC,DE9,5221126.663652152
2042,Agri02_OFC,DEA,4448469.579430856
2042,Agri02_OFC,DEB,2873744.5092854737
2042,Agri02_OFC,DEC,2369732.0344976024
2042,Agri02_OFC,DEE,3212574.630648356
2042,Agri02_OFC,DED,2971454.0677957926
2042,Agri02_OFC,DEF,704319.7317761986
2042,Agri02_OFC,DEG,563314.1817621923
2042,Agri03_No-till,DE1,0.0
2042,Agri03_No-till,DE2,0.0
2042,Agri03_No-till,DE3,0.0
2042,Agri03_No-till,DE4,0.0
2042,Agri03_No-till,DE5,0.0
2042,Agri03_No-till,DE6,0.0
2042,Agri03_No-till,DE7,0.0
2042,Agri03_No-till,DE8,0.0
2042,Agri03_No-till,DE9,0.0
2042,Agri03_No-till,DEA,0.0
2042,Agri03_No-till,DEB,0.0
2042,Agri03_No-till,DEC,0.0
2042,Agri03_No-till,DEE,0.0
2042,Agri03_No-till,DED,0.0
2042,Agri03_No-till,DEF,0.0
2042,Agri03_No-till,DEG,0.0
2042,Agri04_toGrassland,DE1,0.0
2042,Agri04_toGrassland,DE2,0.0
2042,Agri04_toGrassland,DE3,0.0
2042,Agri04_toGrassland,DE4,0.0
2042,Agri04_toGrassland,DE5,0.0
2042,Agri04_toGrassland,DE6,0.0
2042,Agri04_toGrassland,DE7,0.0
2042,Agri04_toGrassland,DE8,0.0
2042,Agri04_toGrassland,DE9,0.0
2042,Agri04_toGrassland,DEA,0.0
2042,Agri04_toGrassland,DEB,0.0
2042,Agri04_toGrassland,DEC,0.0
2042,Agri04_toGrassland,DEE,0.0
2042,Agri04_toGrassland,DED,0.0
2042,Agri04_toGrassland,DEF,0.0
2042,Agri04_toGrassland,DEG,0.0
2042,Agri05_Agroforestry,DE1,38047737.255531654
2042,Agri05_Agroforestry,DE2,46489144.35100003
2042,Agri05_Agroforestry,DE3,68984.1786702471
2042,Agri05_Agroforestry,DE4,24979395.461983185
2042,Agri05_Agroforestry,DE5,566321.8370623124
2042,Agri05_Agroforestry,DE6,458449.099983193
2042,Agri05_Agroforestry,DE7,8087545.571207298
2042,Agri05_Agroforestry,DE8,23790981.459478844
2042,Agri05_Agroforestry,DE9,44131502.0575357
2042,Agri05_Agroforestry,DEA,30825732.55195553
2042,Agri05_Agroforestry,DEB,18113451.85420092
2042,Agri05_Agroforestry,DEC,2523364.570188035
2042,Agri05_Agroforestry,DEE,12518482.181237945
2042,Agri05_Agroforestry,DED,13946529.468207628
2042,Agri05_Agroforestry,DEF,3567211.7477298793
2042,Agri05_Agroforestry,DEG,2854312.941004616
2042,Agri06_Biochar,DE1,0.0
2042,Agri06_Biochar,DE2,0.0
2042,Agri06_Biochar,DE3,0.0
2042,Agri06_Biochar,DE4,0.0
2042,Agri06_Biochar,DE5,0.0
2042,Agri06_Biochar,DE6,0.0
2042,Agri06_Biochar,DE7,0.0
2042,Agri06_Biochar,DE8,0.0
2042,Agri06_Biochar,DE9,0.0
2042,Agri06_Biochar,DEA,0.0
2042,Agri06_Biochar,DEB,0.0
2042,Agri06_Biochar,DEC,0.0
2042,Agri06_Biochar,DEE,0.0
2042,Agri06_Biochar,DED,0.0
2042,Agri06_Biochar,DEF,0.0
2042,Agri06_Biochar,DEG,0.0
2043,Agri01_AGC,DE1,11899445.31482216
2043,Agri01_AGC,DE2,16061777.087667659
2043,Agri01_AGC,DE3,27751.503445247246
2043,Agri01_AGC,DE4,11751901.922242414
2043,Agri01_AGC,DE5,89223.82960965329
2043,Agri01_AGC,DE6,146553.82431973275
2043,Agri01_AGC,DE7,3214607.4451565915
2043,Agri01_AGC,DE8,11634045.94104578
2043,Agri01_AGC,DE9,14628454.26800196
2043,Agri01_AGC,DEA,11964198.951316444
2043,Agri01_AGC,DEB,7086108.634677413
2043,Agri01_AGC,DEC,753478.2828677164
2043,Agri01_AGC,DEE,8683964.622972185
2043,Agri01_AGC,DED,7884972.520119923
2043,Agri01_AGC,DEF,2427417.907862259
2043,Agri01_AGC,DEG,1941206.3736917076
2043,Agri02_OFC,DE1,3898975.8344703824
2043,Agri02_OFC,DE2,4958822.20060801
2043,Agri02_OFC,DE3,3002924.84443567
2043,Agri02_OFC,DE4,3981865.502369787
2043,Agri02_OFC,DE5,1387620.2265773495
2043,Agri02_OFC,DE6,138695.2896208281
2043,Agri02_OFC,DE7,946360.9329121028
2043,Agri02_OFC,DE8,3821696.870520468
2043,Agri02_OFC,DE9,4584157.18297345
2043,Agri02_OFC,DEA,3905763.083235066
2043,Agri02_OFC,DEB,2523152.0671549044
2043,Agri02_OFC,DEC,2080628.344700165
2043,Agri02_OFC,DEE,2820645.431080868
2043,Agri02_OFC,DED,2608941.2087224694
2043,Agri02_OFC,DEF,618393.7999453411
2043,Agri02_OFC,DEG,494590.7117276571
2043,Agri03_No-till,DE1,0.0
2043,Agri03_No-till,DE2,0.0
2043,Agri03_No-till,DE3,0.0
2043,Agri03_No-till,DE4,0.0
2043,Agri03_No-till,DE5,0.0
2043,Agri03_No-till,DE6,0.0
2043,Agri03_No-till,DE7,0.0
2043,Agri03_No-till,DE8,0.0
2043,Agri03_No-till,DE9,0.0
2043,Agri03_No-till,DEA,0.0
2043,Agri03_No-till,DEB,0.0
2043,Agri03_No-till,DEC,0.0
2043,Agri03_No-till,DEE,0.0
2043,Agri03_No-till,DED,0.0
2043,Agri03_No-till,DEF,0.0
2043,Agri03_No-till,DEG,0.0
2043,Agri04_toGrassland,DE1,0.0
2043,Agri04_toGrassland,DE2,0.0
2043,Agri04_toGrassland,DE3,0.0
2043,Agri04_toGrassland,DE4,0.0
2043,Agri04_toGrassland,DE5,0.0
2043,Agri04_toGrassland,DE6,0.0
2043,Agri04_toGrassland,DE7,0.0
2043,Agri04_toGrassland,DE8,0.0
2043,Agri04_toGrassland,DE9,0.0
2043,Agri04_toGrassland,DEA,0.0
2043,Agri04_toGrassland,DEB,0.0
2043,Agri04_toGrassland,DEC,0.0
2043,Agri04_toGrassland,DEE,0.0
2043,Agri04_toGrassland,DED,0.0
2043,Agri04_toGrassland,DEF,0.0
2043,Agri04_toGrassland,DEG,0.0
2043,Agri05_Agroforestry,DE1,38990270.12816966
2043,Agri05_Agroforestry,DE2,47640790.93847905
2043,Agri05_Agroforestry,DE3,70693.08071748223
2043,Agri05_Agroforestry,DE4,25598194.451353338
2043,Agri05_Agroforestry,DE5,580350.9748357125
2043,Agri05_Agroforestry,DE6,469805.973698532
2043,Agri05_Agroforestry,DE7,8287893.295136994
2043,Agri05_Agroforestry,DE8,24380340.6097295
2043,Agri05_Agroforestry,DE9,45224744.242445715
2043,Agri05_Agroforestry,DEA,31589359.20492138
2043,Agri05_Agroforestry,DEB,18562165.103424385
2043,Agri05_Agroforestry,DEC,2585874.3073920924
2043,Agri05_Agroforestry,DEE,12828594.735162148
2043,Agri05_Agroforestry,DED,14292018.14719837
2043,Agri05_Agroforestry,DEF,3655580.0602346417
2043,Agri05_Agroforestry,DEG,2925021.05585583
2043,Agri06_Biochar,DE1,0.0
2043,Agri06_Biochar,DE2,0.0
2043,Agri06_Biochar,DE3,0.0
2043,Agri06_Biochar,DE4,0.0
2043,Agri06_Biochar,DE5,0.0
2043,Agri06_Biochar,DE6,0.0
2043,Agri06_Biochar,DE7,0.0
2043,Agri06_Biochar,DE8,0.0
2043,Agri06_Biochar,DE9,0.0
2043,Agri06_Biochar,DEA,0.0
2043,Agri06_Biochar,DEB,0.0
2043,Agri06_Biochar,DEC,0.0
2043,Agri06_Biochar,DEE,0.0
2043,Agri06_Biochar,DED,0.0
2043,Agri06_Biochar,DEF,0.0
2043,Agri06_Biochar,DEG,0.0
2044,Agri01_AGC,DE1,10300255.702635555
2044,Agri01_AGC,DE2,13903203.608628243
2044,Agri01_AGC,DE3,24021.92489279827
2044,Agri01_AGC,DE4,10172540.953704132
2044,Agri01_AGC,DE5,77232.86551878652
2044,Agri01_AGC,DE6,126858.17067557464
2044,Agri01_AGC,DE7,2782590.094973998
2044,Agri01_AGC,DE8,10070523.867168322
2044,Agri01_AGC,DE9,12662507.831944477
2044,Agri01_AGC,DEA,10356306.971910756
2044,Agri01_AGC,DEB,6133792.705691501
2044,Agri01_AGC,DEC,652216.8701639377
2044,Agri01_AGC,DEE,7516909.718290635
2044,Agri01_AGC,DED,6825295.718979795
2044,Agri01_AGC,DEF,2101192.491467959
2044,Agri01_AGC,DEG,1680323.871542522
2044,Agri02_OFC,DE1,3357212.4277342977
2044,Agri02_OFC,DE2,4269792.947066908
2044,Agri02_OFC,DE3,2585667.886977537
2044,Agri02_OFC,DE4,3428584.5610885047
2044,Agri02_OFC,DE5,1194810.1417955447
2044,Agri02_OFC,DE6,119423.55371035548
2044,Agri02_OFC,DE7,814863.9078514067
2044,Agri02_OFC,DE8,3290671.3899875674
2044,Agri02_OFC,DE9,3947187.702294753
2044,Agri02_OFC,DEA,3363056.5870392798
2044,Agri02_OFC,DEB,2172559.625024338
2044,Agri02_OFC,DEC,1791524.6549027297
2044,Agri02_OFC,DEE,2428716.2315133833
2044,Agri02_OFC,DED,2246428.349649149
2044,Agri02_OFC,DEF,532467.868114484
2044,Agri02_OFC,DEG,425867.24169312237
2044,Agri03_No-till,DE1,0.0
2044,Agri03_No-till,DE2,0.0
2044,Agri03_No-till,DE3,0.0
2044,Agri03_No-till,DE4,0.0
2044,Agri03_No-till,DE5,0.0
2044,Agri03_No-till,DE6,0.0
2044,Agri03_No-till,DE7,0.0
2044,Agri03_No-till,DE8,0.0
2044,Agri03_No-till,DE9,0.0
2044,Agri03_No-till,DEA,0.0
2044,Agri03_No-till,DEB,0.0
2044,Agri03_No-till,DEC,0.0
2044,Agri03_No-till,DEE,0.0
2044,Agri03_No-till,DED,0.0
2044,Agri03_No-till,DEF,0.0
2044,Agri03_No-till,DEG,0.0
2044,Agri04_toGrassland,DE1,0.0
2044,Agri04_toGrassland,DE2,0.0
2044,Agri04_toGrassland,DE3,0.0
2044,Agri04_toGrassland,DE4,0.0
2044,Agri04_toGrassland,DE5,0.0
2044,Agri04_toGrassland,DE6,0.0
2044,Agri04_toGrassland,DE7,0.0
2044,Agri04_toGrassland,DE8,0.0
2044,Agri04_toGrassland,DE9,0.0
2044,Agri04_toGrassland,DEA,0.0
2044,Agri04_toGrassland,DEB,0.0
2044,Agri04_toGrassland,DEC,0.0
2044,Agri04_toGrassland,DEE,0.0
2044,Agri04_toGrassland,DED,0.0
2044,Agri04_toGrassland,DEF,0.0
2044,Agri04_toGrassland,DEG,0.0
2044,Agri05_Agroforestry,DE1,39932803.00080767
2044,Agri05_Agroforestry,DE2,48792437.52595806
2044,Agri05_Agroforestry,DE3,72401.98276471734
2044,Agri05_Agroforestry,DE4,26216993.44072348
2044,Agri05_Agroforestry,DE5,594380.1126091123
2044,Agri05_Agroforestry,DE6,481162.84741387086
2044,Agri05_Agroforestry,DE7,8488241.019066688
2044,Agri05_Agroforestry,DE8,24969699.759980146
2044,Agri05_Agroforestry,DE9,46317986.427355714
2044,Agri05_Agroforestry,DEA,32352985.857887223
2044,Agri05_Agroforestry,DEB,19010878.352647845
2044,Agri05_Agroforestry,DEC,2648384.0445961496
2044,Agri05_Agroforestry,DEE,13138707.28908635
2044,Agri05_Agroforestry,DED,14637506.826189108
2044,Agri05_Agroforestry,DEF,3743948.372739403
2044,Agri05_Agroforestry,DEG,2995729.1707070433
2044,Agri06_Biochar,DE1,0.0
2044,Agri06_Biochar,DE2,0.0
2044,Agri06_Biochar,DE3,0.0
2044,Agri06_Biochar,DE4,0.0
2044,Agri06_Biochar,DE5,0.0
2044,Agri06_Biochar,DE6,0.0
2044,Agri06_Biochar,DE7,0.0
2044,Agri06_Biochar,DE8,0.0
2044,Agri06_Biochar,DE9,0.0
2044,Agri06_Biochar,DEA,0.0
2044,Agri06_Biochar,DEB,0.0
2044,Agri06_Biochar,DEC,0.0
2044,Agri06_Biochar,DEE,0.0
2044,Agri06_Biochar,DED,0.0
2044,Agri06_Biochar,DEF,0.0
2044,Agri06_Biochar,DEG,0.0
2045,Agri01_AGC,DE1,8701066.09044895
2045,Agri01_AGC,DE2,11744630.129588827
2045,Agri01_AGC,DE3,20292.346340349293
2045,Agri01_AGC,DE4,8593179.985165847
2045,Agri01_AGC,DE5,65241.901427919765
2045,Agri01_AGC,DE6,107162.51703141653
2045,Agri01_AGC,DE7,2350572.7447914053
2045,Agri01_AGC,DE8,8507001.793290863
2045,Agri01_AGC,DE9,10696561.395886993
2045,Agri01_AGC,DEA,8748414.99250507
2045,Agri01_AGC,DEB,5181476.776705588
2045,Agri01_AGC,DEC,550955.457460159
2045,Agri01_AGC,DEE,6349854.813609086
2045,Agri01_AGC,DED,5765618.917839669
2045,Agri01_AGC,DEF,1774967.075073658
2045,Agri01_AGC,DEG,1419441.3693933366
2045,Agri02_OFC,DE1,2815449.020998211
2045,Agri02_OFC,DE2,3580763.693525803
2045,Agri02_OFC,DE3,2168410.929519403
2045,Agri02_OFC,DE4,2875303.61980722
2045,Agri02_OFC,DE5,1002000.0570137391
2045,Agri02_OFC,DE6,100151.8177998828
2045,Agri02_OFC,DE7,683366.8827907102
2045,Agri02_OFC,DE8,2759645.9094546647
2045,Agri02_OFC,DE9,3310218.2216160535
2045,Agri02_OFC,DEA,2820350.0908434913
2045,Agri02_OFC,DEB,1821967.1828937698
2045,Agri02_OFC,DEC,1502420.9651052933
2045,Agri02_OFC,DEE,2036787.0319458968
2045,Agri02_OFC,DED,1883915.4905758272
2045,Agri02_OFC,DEF,446541.93628362677
2045,Agri02_OFC,DEG,357143.77165858744
2045,Agri03_No-till,DE1,0.0
2045,Agri03_No-till,DE2,0.0
2045,Agri03_No-till,DE3,0.0
2045,Agri03_No-till,DE4,0.0
2045,Agri03_No-till,DE5,0.0
2045,Agri03_No-till,DE6,0.0
2045,Agri03_No-till,DE7,0.0
2045,Agri03_No-till,DE8,0.0
2045,Agri03_No-till,DE9,0.0
2045,Agri03_No-till,DEA,0.0
2045,Agri03_No-till,DEB,0.0
2045,Agri03_No-till,DEC,0.0
2045,Agri03_No-till,DEE,0.0
2045,Agri03_No-till,DED,0.0
2045,Agri03_No-till,DEF,0.0
2045,Agri03_No-till,DEG,0.0
2045,Agri04_toGrassland,DE1,0.0
2045,Agri04_toGrassland,DE2,0.0
2045,Agri04_toGrassland,DE3,0.0
2045,Agri04_toGrassland,DE4,0.0
2045,Agri04_toGrassland,DE5,0.0
2045,Agri04_toGrassland,DE6,0.0
2045,Agri04_toGrassland,DE7,0.0
2045,Agri04_toGrassland,DE8,0.0
2045,Agri04_toGrassland,DE9,0.0
2045,Agri04_toGrassland,DEA,0.0
2045,Agri04_toGrassland,DEB,0.0
2045,Agri04_toGrassland,DEC,0.0
2045,Agri04_toGrassland,DEE,0.0
2045,Agri04_toGrassland,DED,0.0
2045,Agri04_toGrassland,DEF,0.0
2045,Agri04_toGrassland,DEG,0.0
2045,Agri05_Agroforestry,DE1,40875335.87344568
2045,Agri05_Agroforestry,DE2,49944084.11343708
2045,Agri05_Agroforestry,DE3,74110.88481195245
2045,Agri05_Agroforestry,DE4,26835792.43009363
2045,Agri05_Agroforestry,DE5,608409.2503825123
2045,Agri05_Agroforestry,DE6,492519.7211292098
2045,Agri05_Agroforestry,DE7,8688588.742996383
2045,Agri05_Agroforestry,DE8,25559058.910230804
2045,Agri05_Agroforestry,DE9,47411228.61226573
2045,Agri05_Agroforestry,DEA,33116612.510853074
2045,Agri05_Agroforestry,DEB,19459591.60187131
2045,Agri05_Agroforestry,DEC,2710893.781800207
2045,Agri05_Agroforestry,DEE,13448819.843010552
2045,Agri05_Agroforestry,DED,14982995.505179849
2045,Agri05_Agroforestry,DEF,3832316.685244166
2045,Agri05_Agroforestry,DEG,3066437.285558257
2045,Agri06_Biochar,DE1,0.0
2045,Agri06_Biochar,DE2,0.0
2045,Agri06_Biochar,DE3,0.0
2045,Agri06_Biochar,DE4,0.0
2045,Agri06_Biochar,DE5,0.0
2045,Agri06_Biochar,DE6,0.0
2045,Agri06_Biochar,DE7,0.0
2045,Agri06_Biochar,DE8,0.0
2045,Agri06_Biochar,DE9,0.0
2045,Agri06_Biochar,DEA,0.0
2045,Agri06_Biochar,DEB,0.0
2045,Agri06_Biochar,DEC,0.0
2045,Agri06_Biochar,DEE,0.0
2045,Agri06_Biochar,DED,0.0
2045,Agri06_Biochar,DEF,0.0
2045,Agri06_Biochar,DEG,0.0
2046,Agri01_AGC,DE1,7101876.478262343
2046,Agri01_AGC,DE2,9586056.650549412
2046,Agri01_AGC,DE3,16562.767787900317
2046,Agri01_AGC,DE4,7013819.016627563
2046,Agri01_AGC,DE5,53250.93733705301
2046,Agri01_AGC,DE6,87466.8633872584
2046,Agri01_AGC,DE7,1918555.3946088117
2046,Agri01_AGC,DE8,6943479.719413404
2046,Agri01_AGC,DE9,8730614.95982951
2046,Agri01_AGC,DEA,7140523.013099382
2046,Agri01_AGC,DEB,4229160.847719676
2046,Agri01_AGC,DEC,449694.04475638026
2046,Agri01_AGC,DEE,5182799.908927536
2046,Agri01_AGC,DED,4705942.116699541
2046,Agri01_AGC,DEF,1448741.6586793577
2046,Agri01_AGC,DEG,1158558.867244151
2046,Agri02_OFC,DE1,2273685.6142621213
2046,Agri02_OFC,DE2,2891734.439984694
2046,Agri02_OFC,DE3,1751153.9720612664
2046,Agri02_OFC,DE4,2322022.678525932
2046,Agri02_OFC,DE5,809189.9722319326
2046,Agri02_OFC,DE6,80880.08188941002
2046,Agri02_OFC,DE7,551869.857730013
2046,Agri02_OFC,DE8,2228620.428921759
2046,Agri02_OFC,DE9,2673248.7409373503
2046,Agri02_OFC,DEA,2277643.5946477
2046,Agri02_OFC,DEB,1471374.7407631997
2046,Agri02_OFC,DEC,1213317.275307855
2046,Agri02_OFC,DEE,1644857.8323784084
2046,Agri02_OFC,DED,1521402.6315025033
2046,Agri02_OFC,DEF,360616.00445276895
2046,Agri02_OFC,DEG,288420.30162405205
2046,Agri03_No-till,DE1,0.0
2046,Agri03_No-till,DE2,0.0
2046,Agri03_No-till,DE3,0.0
2046,Agri03_No-till,DE4,0.0
2046,Agri03_No-till,DE5,0.0
2046,Agri03_No-till,DE6,0.0
2046,Agri03_No-till,DE7,0.0
2046,Agri03_No-till,DE8,0.0
2046,Agri03_No-till,DE9,0.0
2046,Agri03_No-till,DEA,0.0
2046,Agri03_No-till,DEB,0.0
2046,Agri03_No-till,DEC,0.0
2046,Agri03_No-till,DEE,0.0
2046,Agri03_No-till,DED,0.0
2046,Agri03_No-till,DEF,0.0
2046,Agri03_No-till,DEG,0.0
2046,Agri04_toGrassland,DE1,0.0
2046,Agri04_toGrassland,DE2,0.0
2046,Agri04_toGrassland,DE3,0.0
2046,Agri04_toGrassland,DE4,0.0
2046,Agri04_toGrassland,DE5,0.0
2046,Agri04_toGrassland,DE6,0.0
2046,Agri04_toGrassland,DE7,0.0
2046,Agri04_toGrassland,DE8,0.0
2046,Agri04_toGrassland,DE9,0.0
2046,Agri04_toGrassland,DEA,0.0
2046,Agri04_toGrassland,DEB,0.0
2046,Agri04_toGrassland,DEC,0.0
2046,Agri04_toGrassland,DEE,0.0
2046,Agri04_toGrassland,DED,0.0
2046,Agri04_toGrassland,DEF,0.0
2046,Agri04_toGrassland,DEG,0.0
2046,Agri05_Agroforestry,DE1,41817868.7460837
2046,Agri05_Agroforestry,DE2,51095730.7009161
2046,Agri05_Agroforestry,DE3,75819.78685918757
2046,Agri05_Agroforestry,DE4,27454591.41946378
2046,Agri05_Agroforestry,DE5,622438.3881559124
2046,Agri05_Agroforestry,DE6,503876.5948445488
2046,Agri05_Agroforestry,DE7,8888936.46692608
2046,Agri05_Agroforestry,DE8,26148418.06048146
2046,Agri05_Agroforestry,DE9,48504470.79717574
2046,Agri05_Agroforestry,DEA,33880239.163818926
2046,Agri05_Agroforestry,DEB,19908304.85109478
2046,Agri05_Agroforestry,DEC,2773403.519004265
2046,Agri05_Agroforestry,DEE,13758932.396934757
2046,Agri05_Agroforestry,DED,15328484.18417059
2046,Agri05_Agroforestry,DEF,3920684.997748928
2046,Agri05_Agroforestry,DEG,3137145.400409471
2046,Agri06_Biochar,DE1,0.0
2046,Agri06_Biochar,DE2,0.0
2046,Agri06_Biochar,DE3,0.0
2046,Agri06_Biochar,DE4,0.0
2046,Agri06_Biochar,DE5,0.0
2046,Agri06_Biochar,DE6,0.0
2046,Agri06_Biochar,DE7,0.0
2046,Agri06_Biochar,DE8,0.0
2046,Agri06_Biochar,DE9,0.0
2046,Agri06_Biochar,DEA,0.0
2046,Agri06_Biochar,DEB,0.0
2046,Agri06_Biochar,DEC,0.0
2046,Agri06_Biochar,DEE,0.0
2046,Agri06_Biochar,DED,0.0
2046,Agri06_Biochar,DEF,0.0
2046,Agri06_Biochar,DEG,0.0
2047,Agri01_AGC,DE1,5502686.866075738
2047,Agri01_AGC,DE2,7427483.171509996
2047,Agri01_AGC,DE3,12833.18923545134
2047,Agri01_AGC,DE4,5434458.04808928
2047,Agri01_AGC,DE5,41259.97324618625
2047,Agri01_AGC,DE6,67771.20974310029
2047,Agri01_AGC,DE7,1486538.0444262186
2047,Agri01_AGC,DE8,5379957.645535946
2047,Agri01_AGC,DE9,6764668.5237720255
2047,Agri01_AGC,DEA,5532631.0336936945
2047,Agri01_AGC,DEB,3276844.9187337635
2047,Agri01_AGC,DEC,348432.63205260155
2047,Agri01_AGC,DEE,4015745.004245986
2047,Agri01_AGC,DED,3646265.315559414
2047,Agri01_AGC,DEF,1122516.2422850572
2047,Agri01_AGC,DEG,897676.3650949653
2047,Agri02_OFC,DE1,1731922.2075260344
2047,Agri02_OFC,DE2,2202705.186443589
2047,Agri02_OFC,DE3,1333897.0146031321
2047,Agri02_OFC,DE4,1768741.7372446477
2047,Agri02_OFC,DE5,616379.887450127
2047,Agri02_OFC,DE6,61608.34597893735
2047,Agri02_OFC,DE7,420372.83266931644
2047,Agri02_OFC,DE8,1697594.9483888561
2047,Agri02_OFC,DE9,2036279.2602586506
2047,Agri02_OFC,DEA,1734937.0984519115
2047,Agri02_OFC,DEB,1120782.2986326318
2047,Agri02_OFC,DEC,924213.5855104186
2047,Agri02_OFC,DEE,1252928.632810922
2047,Agri02_OFC,DED,1158889.7724291815
2047,Agri02_OFC,DEF,274690.07262191165
2047,Agri02_OFC,DEG,219696.83158951707
2047,Agri03_No-till,DE1,0.0
2047,Agri03_No-till,DE2,0.0
2047,Agri03_No-till,DE3,0.0
2047,Agri03_No-till,DE4,0.0
2047,Agri03_No-till,DE5,0.0
2047,Agri03_No-till,DE6,0.0
2047,Agri03_No-till,DE7,0.0
2047,Agri03_No-till,DE8,0.0
2047,Agri03_No-till,DE9,0.0
2047,Agri03_No-till,DEA,0.0
2047,Agri03_No-till,DEB,0.0
2047,Agri03_No-till,DEC,0.0
2047,Agri03_No-till,DEE,0.0
2047,Agri03_No-till,DED,0.0
2047,Agri03_No-till,DEF,0.0
2047,Agri03_No-till,DEG,0.0
2047,Agri04_toGrassland,DE1,0.0
2047,Agri04_toGrassland,DE2,0.0
2047,Agri04_toGrassland,DE3,0.0
2047,Agri04_toGrassland,DE4,0.0
2047,Agri04_toGrassland,DE5,0.0
2047,Agri04_toGrassland,DE6,0.0
2047,Agri04_toGrassland,DE7,0.0
2047,Agri04_toGrassland,DE8,0.0
2047,Agri04_toGrassland,DE9,0.0
2047,Agri04_toGrassland,DEA,0.0
2047,Agri04_toGrassland,DEB,0.0
2047,Agri04_toGrassland,DEC,0.0
2047,Agri04_toGrassland,DEE,0.0
2047,Agri04_toGrassland,DED,0.0
2047,Agri04_toGrassland,DEF,0.0
2047,Agri04_toGrassland,DEG,0.0
2047,Agri05_Agroforestry,DE1,42760401.61872171
2047,Agri05_Agroforestry,DE2,52247377.28839511
2047,Agri05_Agroforestry,DE3,77528.68890642269
2047,Agri05_Agroforestry,DE4,28073390.40883393
2047,Agri05_Agroforestry,DE5,636467.5259293123
2047,Agri05_Agroforestry,DE6,515233.4685598877
2047,Agri05_Agroforestry,DE7,9089284.190855775
2047,Agri05_Agroforestry,DE8,26737777.21073211
2047,Agri05_Agroforestry,DE9,49597712.98208575
2047,Agri05_Agroforestry,DEA,34643865.81678478
2047,Agri05_Agroforestry,DEB,20357018.100318246
2047,Agri05_Agroforestry,DEC,2835913.256208322
2047,Agri05_Agroforestry,DEE,14069044.950858958
2047,Agri05_Agroforestry,DED,15673972.863161331
2047,Agri05_Agroforestry,DEF,4009053.3102536905
2047,Agri05_Agroforestry,DEG,3207853.5152606843
2047,Agri06_Biochar,DE1,0.0
2047,Agri06_Biochar,DE2,0.0
2047,Agri06_Biochar,DE3,0.0
2047,Agri06_Biochar,DE4,0.0
2047,Agri06_Biochar,DE5,0.0
2047,Agri06_Biochar,DE6,0.0
2047,Agri06_Biochar,DE7,0.0
2047,Agri06_Biochar,DE8,0.0
2047,Agri06_Biochar,DE9,0.0
2047,Agri06_Biochar,DEA,0.0
2047,Agri06_Biochar,DEB,0.0
2047,Agri06_Biochar,DEC,0.0
2047,Agri06_Biochar,DEE,0.0
2047,Agri06_Biochar,DED,0.0
2047,Agri06_Biochar,DEF,0.0
2047,Agri06_Biochar,DEG,0.0
2048,Agri01_AGC,DE1,3903497.2538891328
2048,Agri01_AGC,DE2,5268909.692470579
2048,Agri01_AGC,DE3,9103.610683002364
2048,Agri01_AGC,DE4,3855097.0795509955
2048,Agri01_AGC,DE5,29269.009155319494
2048,Agri01_AGC,DE6,48075.556098942165
2048,Agri01_AGC,DE7,1054520.694243625
2048,Agri01_AGC,DE8,3816435.571658487
2048,Agri01_AGC,DE9,4798722.087714542
2048,Agri01_AGC,DEA,3924739.054288007
2048,Agri01_AGC,DEB,2324528.9897478507
2048,Agri01_AGC,DEC,247171.21934882284
2048,Agri01_AGC,DEE,2848690.0995644364
2048,Agri01_AGC,DED,2586588.5144192865
2048,Agri01_AGC,DEF,796290.8258907566
2048,Agri01_AGC,DEG,636793.8629457797
2048,Agri02_OFC,DE1,1190158.8007899506
2048,Agri02_OFC,DE2,1513675.9329024882
2048,Agri02_OFC,DE3,916640.0571450001
2048,Agri02_OFC,DE4,1215460.795963366
2048,Agri02_OFC,DE5,423569.80266832246
2048,Agri02_OFC,DE6,42336.610068464775
2048,Agri02_OFC,DE7,288875.8076086206
2048,Agri02_OFC,DE8,1166569.4678559564
2048,Agri02_OFC,DE9,1399309.7795799545
2048,Agri02_OFC,DEA,1192230.6022561262
2048,Agri02_OFC,DEB,770189.8565020658
2048,Agri02_OFC,DEC,635109.8957129838
2048,Agri02_OFC,DEE,860999.4332434378
2048,Agri02_OFC,DED,796376.9133558617
2048,Agri02_OFC,DEF,188764.14079105482
2048,Agri02_OFC,DEG,150973.3615549825
2048,Agri03_No-till,DE1,0.0
2048,Agri03_No-till,DE2,0.0
2048,Agri03_No-till,DE3,0.0
2048,Agri03_No-till,DE4,0.0
2048,Agri03_No-till,DE5,0.0
2048,Agri03_No-till,DE6,0.0
2048,Agri03_No-till,DE7,0.0
2048,Agri03_No-till,DE8,0.0
2048,Agri03_No-till,DE9,0.0
2048,Agri03_No-till,DEA,0.0
2048,Agri03_No-till,DEB,0.0
2048,Agri03_No-till,DEC,0.0
2048,Agri03_No-till,DEE,0.0
2048,Agri03_No-till,DED,0.0
2048,Agri03_No-till,DEF,0.0
2048,Agri03_No-till,DEG,0.0
2048,Agri04_toGrassland,DE1,0.0
2048,Agri04_toGrassland,DE2,0.0
2048,Agri04_toGrassland,DE3,0.0
2048,Agri04_toGrassland,DE4,0.0
2048,Agri04_toGrassland,DE5,0.0
2048,Agri04_toGrassland,DE6,0.0
2048,Agri04_toGrassland,DE7,0.0
2048,Agri04_toGrassland,DE8,0.0
2048,Agri04_toGrassland,DE9,0.0
2048,Agri04_toGrassland,DEA,0.0
2048,Agri04_toGrassland,DEB,0.0
2048,Agri04_toGrassland,DEC,0.0
2048,Agri04_toGrassland,DEE,0.0
2048,Agri04_toGrassland,DED,0.0
2048,Agri04_toGrassland,DEF,0.0
2048,Agri04_toGrassland,DEG,0.0
2048,Agri05_Agroforestry,DE1,43702934.491359726
2048,Agri05_Agroforestry,DE2,53399023.87587413
2048,Agri05_Agroforestry,DE3,79237.59095365781
2048,Agri05_Agroforestry,DE4,28692189.398204077
2048,Agri05_Agroforestry,DE5,650496.6637027124
2048,Agri05_Agroforestry,DE6,526590.3422752267
2048,Agri05_Agroforestry,DE7,9289631.91478547
2048,Agri05_Agroforestry,DE8,27327136.360982765
2048,Agri05_Agroforestry,DE9,50690955.166995764
2048,Agri05_Agroforestry,DEA,35407492.46975063
2048,Agri05_Agroforestry,DEB,20805731.349541713
2048,Agri05_Agroforestry,DEC,2898422.9934123796
2048,Agri05_Agroforestry,DEE,14379157.504783163
2048,Agri05_Agroforestry,DED,16019461.542152073
2048,Agri05_Agroforestry,DEF,4097421.622758453
2048,Agri05_Agroforestry,DEG,3278561.6301118983
2048,Agri06_Biochar,DE1,0.0
2048,Agri06_Biochar,DE2,0.0
2048,Agri06_Biochar,DE3,0.0
2048,Agri06_Biochar,DE4,0.0
2048,Agri06_Biochar,DE5,0.0
2048,Agri06_Biochar,DE6,0.0
2048,Agri06_Biochar,DE7,0.0
2048,Agri06_Biochar,DE8,0.0
2048,Agri06_Biochar,DE9,0.0
2048,Agri06_Biochar,DEA,0.0
2048,Agri06_Biochar,DEB,0.0
2048,Agri06_Biochar,DEC,0.0
2048,Agri06_Biochar,DEE,0.0
2048,Agri06_Biochar,DED,0.0
2048,Agri06_Biochar,DEF,0.0
2048,Agri06_Biochar,DEG,0.0
2049,Agri01_AGC,DE1,2304307.641702527
2049,Agri01_AGC,DE2,3110336.213431163
2049,Agri01_AGC,DE3,5374.032130553386
2049,Agri01_AGC,DE4,2275736.1110127117
2049,Agri01_AGC,DE5,17278.045064452737
2049,Agri01_AGC,DE6,28379.90245478404
2049,Agri01_AGC,DE7,622503.3440610318
2049,Agri01_AGC,DE8,2252913.497781028
2049,Agri01_AGC,DE9,2832775.6516570575
2049,Agri01_AGC,DEA,2316847.0748823197
2049,Agri01_AGC,DEB,1372213.0607619386
2049,Agri01_AGC,DEC,145909.8066450441
2049,Agri01_AGC,DEE,1681635.1948828865
2049,Agri01_AGC,DED,1526911.7132791595
2049,Agri01_AGC,DEF,470065.4094964561
2049,Agri01_AGC,DEG,375911.36079659406
2049,Agri02_OFC,DE1,648395.394053864
2049,Agri02_OFC,DE2,824646.6793613833
2049,Agri02_OFC,DE3,499383.09968686587
2049,Agri02_OFC,DE4,662179.8546820814
2049,Agri02_OFC,DE5,230759.71788651694
2049,Agri02_OFC,DE6,23064.8741579921
2049,Agri02_OFC,DE7,157378.7825479241
2049,Agri02_OFC,DE8,635543.9873230536
2049,Agri02_OFC,DE9,762340.2989012549
2049,Agri02_OFC,DEA,649524.1060603379
2049,Agri02_OFC,DEB,419597.4143714978
2049,Agri02_OFC,DEC,346006.2059155473
2049,Agri02_OFC,DEE,469070.2336759515
2049,Agri02_OFC,DED,433864.05428253993
2049,Agri02_OFC,DEF,102838.20896019752
2049,Agri02_OFC,DEG,82249.8915204475
2049,Agri03_No-till,DE1,0.0
2049,Agri03_No-till,DE2,0.0
2049,Agri03_No-till,DE3,0.0
2049,Agri03_No-till,DE4,0.0
2049,Agri03_No-till,DE5,0.0
2049,Agri03_No-till,DE6,0.0
2049,Agri03_No-till,DE7,0.0
2049,Agri03_No-till,DE8,0.0
2049,Agri03_No-till,DE9,0.0
2049,Agri03_No-till,DEA,0.0
2049,Agri03_No-till,DEB,0.0
2049,Agri03_No-till,DEC,0.0
2049,Agri03_No-till,DEE,0.0
2049,Agri03_No-till,DED,0.0
2049,Agri03_No-till,DEF,0.0
2049,Agri03_No-till,DEG,0.0
2049,Agri04_toGrassland,DE1,0.0
2049,Agri04_toGrassland,DE2,0.0
2049,Agri04_toGrassland,DE3,0.0
2049,Agri04_toGrassland,DE4,0.0
2049,Agri04_toGrassland,DE5,0.0
2049,Agri04_toGrassland,DE6,0.0
2049,Agri04_toGrassland,DE7,0.0
2049,Agri04_toGrassland,DE8,0.0
2049,Agri04_toGrassland,DE9,0.0
2049,Agri04_toGrassland,DEA,0.0
2049,Agri04_toGrassland,DEB,0.0
2049,Agri04_toGrassland,DEC,0.0
2049,Agri04_toGrassland,DEE,0.0
2049,Agri04_toGrassland,DED,0.0
2049,Agri04_toGrassland,DEF,0.0
2049,Agri04_toGrassland,DEG,0.0
2049,Agri05_Agroforestry,DE1,44645467.363997735
2049,Agri05_Agroforestry,DE2,54550670.46335314
2049,Agri05_Agroforestry,DE3,80946.49300089292
2049,Agri05_Agroforestry,DE4,29310988.387574226
2049,Agri05_Agroforestry,DE5,664525.8014761123
2049,Agri05_Agroforestry,DE6,537947.2159905656
2049,Agri05_Agroforestry,DE7,9489979.638715165
2049,Agri05_Agroforestry,DE8,27916495.51123342
2049,Agri05_Agroforestry,DE9,51784197.35190577
2049,Agri05_Agroforestry,DEA,36171119.12271648
2049,Agri05_Agroforestry,DEB,21254444.598765176
2049,Agri05_Agroforestry,DEC,2960932.730616437
2049,Agri05_Agroforestry,DEE,14689270.058707364
2049,Agri05_Agroforestry,DED,16364950.221142812
2049,Agri05_Agroforestry,DEF,4185789.9352632146
2049,Agri05_Agroforestry,DEG,3349269.744963112
2049,Agri06_Biochar,DE1,0.0
2049,Agri06_Biochar,DE2,0.0
2049,Agri06_Biochar,DE3,0.0
2049,Agri06_Biochar,DE4,0.0
2049,Agri06_Biochar,DE5,0.0
2049,Agri06_Biochar,DE6,0.0
2049,Agri06_Biochar,DE7,0.0
2049,Agri06_Biochar,DE8,0.0
2049,Agri06_Biochar,DE9,0.0
2049,Agri06_Biochar,DEA,0.0
2049,Agri06_Biochar,DEB,0.0
2049,Agri06_Biochar,DEC,0.0
2049,Agri06_Biochar,DEE,0.0
2049,Agri06_Biochar,DED,0.0
2049,Agri06_Biochar,DEF,0.0
2049,Agri06_Biochar,DEG,0.0
2050,Agri01_AGC,DE1,705118.0295159235
2050,Agri01_AGC,DE2,951762.7343917493
2050,Agri01_AGC,DE3,1644.4535781044135
2050,Agri01_AGC,DE4,696375.1424744296
2050,Agri01_AGC,DE5,5287.080973585993
2050,Agri01_AGC,DE6,8684.248810625942
2050,Agri01_AGC,DE7,190485.99387843895
2050,Agri01_AGC,DE8,689391.4239035712
2050,Agri01_AGC,DE9,866829.215599576
2050,Agri01_AGC,DEA,708955.095476634
2050,Agri01_AGC,DEB,419897.13177602703
2050,Agri01_AGC,DEC,44648.393941265495
2050,Agri01_AGC,DEE,514580.29020133783
2050,Agri01_AGC,DED,467234.91213903343
2050,Agri01_AGC,DEF,143839.99310215595
2050,Agri01_AGC,DEG,115028.85864740872
2050,Agri02_OFC,DE1,106631.98731777309
2050,Agri02_OFC,DE2,135617.42582027323
2050,Agri02_OFC,DE3,82126.14222872851
2050,Agri02_OFC,DE4,108898.91340079262
2050,Agri02_OFC,DE5,37949.63310470996
2050,Agri02_OFC,DE6,3793.1382475192795
2050,Agri02_OFC,DE7,25881.75748722656
2050,Agri02_OFC,DE8,104518.50679014697
2050,Agri02_OFC,DE9,125370.81822255047
2050,Agri02_OFC,DEA,106817.60986454545
2050,Agri02_OFC,DEB,69004.9722409272
2050,Agri02_OFC,DEC,56902.51611810869
2050,Agri02_OFC,DEE,77141.03410846222
2050,Agri02_OFC,DED,71351.19520921544
2050,Agri02_OFC,DEF,16912.27712933957
2050,Agri02_OFC,DEG,13526.421485912013
2050,Agri03_No-till,DE1,0.0
2050,Agri03_No-till,DE2,0.0
2050,Agri03_No-till,DE3,0.0
2050,Agri03_No-till,DE4,0.0
2050,Agri03_No-till,DE5,0.0
2050,Agri03_No-till,DE6,0.0
2050,Agri03_No-till,DE7,0.0
2050,Agri03_No-till,DE8,0.0
2050,Agri03_No-till,DE9,0.0
2050,Agri03_No-till,DEA,0.0
2050,Agri03_No-till,DEB,0.0
2050,Agri03_No-till,DEC,0.0
2050,Agri03_No-till,DEE,0.0
2050,Agri03_No-till,DED,0.0
2050,Agri03_No-till,DEF,0.0
2050,Agri03_No-till,DEG,0.0
2050,Agri04_toGrassland,DE1,0.0
2050,Agri04_toGrassland,DE2,0.0
2050,Agri04_toGrassland,DE3,0.0
2050,Agri04_toGrassland,DE4,0.0
2050,Agri04_toGrassland,DE5,0.0
2050,Agri04_toGrassland,DE6,0.0
2050,Agri04_toGrassland,DE7,0.0
2050,Agri04_toGrassland,DE8,0.0
2050,Agri04_toGrassland,DE9,0.0
2050,Agri04_toGrassland,DEA,0.0
2050,Agri04_toGrassland,DEB,0.0
2050,Agri04_toGrassland,DEC,0.0
2050,Agri04_toGrassland,DEE,0.0
2050,Agri04_toGrassland,DED,0.0
2050,Agri04_toGrassland,DEF,0.0
2050,Agri04_toGrassland,DEG,0.0
2050,Agri05_Agroforestry,DE1,45588000.23663574
2050,Agri05_Agroforestry,DE2,55702317.050832145
2050,Agri05_Agroforestry,DE3,82655.39504812802
2050,Agri05_Agroforestry,DE4,29929787.376944367
2050,Agri05_Agroforestry,DE5,678554.9392495123
2050,Agri05_Agroforestry,DE6,549304.0897059045
2050,Agri05_Agroforestry,DE7,9690327.362644859
2050,Agri05_Agroforestry,DE8,28505854.661484066
2050,Agri05_Agroforestry,DE9,52877439.53681577
2050,Agri05_Agroforestry,DEA,36934745.775682315
2050,Agri05_Agroforestry,DEB,21703157.84798864
2050,Agri05_Agroforestry,DEC,3023442.467820494
2050,Agri05_Agroforestry,DEE,14999382.612631565
2050,Agri05_Agroforestry,DED,16710438.90013355
2050,Agri05_Agroforestry,DEF,4274158.2477679765
2050,Agri05_Agroforestry,DEG,3419977.8598143244
2050,Agri06_Biochar,DE1,0.0
2050,Agri06_Biochar,DE2,0.0
2050,Agri06_Biochar,DE3,0.0
2050,Agri06_Biochar,DE4,0.0
2050,Agri06_Biochar,DE5,0.0
2050,Agri06_Biochar,DE6,0.0
2050,Agri06_Biochar,DE7,0.0
2050,Agri06_Biochar,DE8,0.0
2050,Agri06_Biochar,DE9,0.0
2050,Agri06_Biochar,DEA,0.0
2050,Agri06_Biochar,DEB,0.0
2050,Agri06_Biochar,DEC,0.0
2050,Agri06_Biochar,DEE,0.0
2050,Agri06_Biochar,DED,0.0
2050,Agri06_Biochar,DEF,0.0
2050,Agri06_Biochar,DEG,0.0
