Year,Technology,Region,GHG_Removal
2020,Agri01_AGC,DE1,1.2
2020,Agri01_AGC,DE2,1.2
2020,Agri01_AGC,DE3,1.2
2020,Agri01_AGC,DE4,1.2
2020,Agri01_AGC,DE5,1.2
2020,Agri01_AGC,DE6,1.2
2020,Agri01_AGC,DE7,1.2
2020,Agri01_AGC,DE8,1.2
2020,Agri01_AGC,DE9,1.2
2020,Agri01_AGC,DEA,1.2
2020,Agri01_AGC,DEB,1.2
2020,Agri01_AGC,DEC,1.2
2020,Agri01_AGC,DEE,1.2
2020,Agri01_AGC,DED,1.2
2020,Agri01_AGC,DEF,1.2
2020,Agri01_AGC,DEG,1.2
2020,Agri02_OFC,DE1,0.8
2020,Agri02_OFC,DE2,0.8
2020,Agri02_OFC,DE3,0.8
2020,Agri02_OFC,DE4,0.8
2020,Agri02_OFC,DE5,0.8
2020,Agri02_OFC,DE6,0.8
2020,Agri02_OFC,DE7,0.8
2020,Agri02_OFC,DE8,0.8
2020,Agri02_OFC,DE9,0.8
2020,Agri02_OFC,DEA,0.8
2020,Agri02_OFC,DEB,0.8
2020,Agri02_OFC,DEC,0.8
2020,Agri02_OFC,DEE,0.8
2020,Agri02_OFC,DED,0.8
2020,Agri02_OFC,DEF,0.8
2020,Agri02_OFC,DEG,0.8
2020,Agri03_No-till,DE1,2.1
2020,Agri03_No-till,DE2,2.1
2020,Agri03_No-till,DE3,2.1
2020,Agri03_No-till,DE4,2.1
2020,Agri03_No-till,DE5,2.1
2020,Agri03_No-till,DE6,2.1
2020,Agri03_No-till,DE7,2.1
2020,Agri03_No-till,DE8,2.1
2020,Agri03_No-till,DE9,2.1
2020,Agri03_No-till,DEA,2.1
2020,Agri03_No-till,DEB,2.1
2020,Agri03_No-till,DEC,2.1
2020,Agri03_No-till,DEE,2.1
2020,Agri03_No-till,DED,2.1
2020,Agri03_No-till,DEF,2.1
2020,Agri03_No-till,DEG,2.1
2020,Agri04_toGrassland,DE1,3.1
2020,Agri04_toGrassland,DE2,3.1
2020,Agri04_toGrassland,DE3,3.1
2020,Agri04_toGrassland,DE4,3.1
2020,Agri04_toGrassland,DE5,3.1
2020,Agri04_toGrassland,DE6,3.1
2020,Agri04_toGrassland,DE7,3.1
2020,Agri04_toGrassland,DE8,3.1
2020,Agri04_toGrassland,DE9,3.1
2020,Agri04_toGrassland,DEA,3.1
2020,Agri04_toGrassland,DEB,3.1
2020,Agri04_toGrassland,DEC,3.1
2020,Agri04_toGrassland,DEE,3.1
2020,Agri04_toGrassland,DED,3.1
2020,Agri04_toGrassland,DEF,3.1
2020,Agri04_toGrassland,DEG,3.1
2020,Agri05_Agroforestry,DE1,13.833333333333334
2020,Agri05_Agroforestry,DE2,13.833333333333334
2020,Agri05_Agroforestry,DE3,13.833333333333334
2020,Agri05_Agroforestry,DE4,13.833333333333334
2020,Agri05_Agroforestry,DE5,13.833333333333334
2020,Agri05_Agroforestry,DE6,13.833333333333334
2020,Agri05_Agroforestry,DE7,13.833333333333334
2020,Agri05_Agroforestry,DE8,13.833333333333334
2020,Agri05_Agroforestry,DE9,13.833333333333334
2020,Agri05_Agroforestry,DEA,13.833333333333334
2020,Agri05_Agroforestry,DEB,13.833333333333334
2020,Agri05_Agroforestry,DEC,13.833333333333334
2020,Agri05_Agroforestry,DEE,13.833333333333334
2020,Agri05_Agroforestry,DED,13.833333333333334
2020,Agri05_Agroforestry,DEF,13.833333333333334
2020,Agri05_Agroforestry,DEG,13.833333333333334
2020,Agri06_Biochar,DE1,0.87
2020,Agri06_Biochar,DE2,0.87
2020,Agri06_Biochar,DE3,0.87
2020,Agri06_Biochar,DE4,0.87
2020,Agri06_Biochar,DE5,0.87
2020,Agri06_Biochar,DE6,0.87
2020,Agri06_Biochar,DE7,0.87
2020,Agri06_Biochar,DE8,0.87
2020,Agri06_Biochar,DE9,0.87
2020,Agri06_Biochar,DEA,0.87
2020,Agri06_Biochar,DEB,0.87
2020,Agri06_Biochar,DEC,0.87
2020,Agri06_Biochar,DEE,0.87
2020,Agri06_Biochar,DED,0.87
2020,Agri06_Biochar,DEF,0.87
2020,Agri06_Biochar,DEG,0.87
2021,Agri01_AGC,DE1,1.2
2021,Agri01_AGC,DE2,1.2
2021,Agri01_AGC,DE3,1.2
2021,Agri01_AGC,DE4,1.2
2021,Agri01_AGC,DE5,1.2
2021,Agri01_AGC,DE6,1.2
2021,Agri01_AGC,DE7,1.2
2021,Agri01_AGC,DE8,1.2
2021,Agri01_AGC,DE9,1.2
2021,Agri01_AGC,DEA,1.2
2021,Agri01_AGC,DEB,1.2
2021,Agri01_AGC,DEC,1.2
2021,Agri01_AGC,DEE,1.2
2021,Agri01_AGC,DED,1.2
2021,Agri01_AGC,DEF,1.2
2021,Agri01_AGC,DEG,1.2
2021,Agri02_OFC,DE1,0.8
2021,Agri02_OFC,DE2,0.8
2021,Agri02_OFC,DE3,0.8
2021,Agri02_OFC,DE4,0.8
2021,Agri02_OFC,DE5,0.8
2021,Agri02_OFC,DE6,0.8
2021,Agri02_OFC,DE7,0.8
2021,Agri02_OFC,DE8,0.8
2021,Agri02_OFC,DE9,0.8
2021,Agri02_OFC,DEA,0.8
2021,Agri02_OFC,DEB,0.8
2021,Agri02_OFC,DEC,0.8
2021,Agri02_OFC,DEE,0.8
2021,Agri02_OFC,DED,0.8
2021,Agri02_OFC,DEF,0.8
2021,Agri02_OFC,DEG,0.8
2021,Agri03_No-till,DE1,2.1
2021,Agri03_No-till,DE2,2.1
2021,Agri03_No-till,DE3,2.1
2021,Agri03_No-till,DE4,2.1
2021,Agri03_No-till,DE5,2.1
2021,Agri03_No-till,DE6,2.1
2021,Agri03_No-till,DE7,2.1
2021,Agri03_No-till,DE8,2.1
2021,Agri03_No-till,DE9,2.1
2021,Agri03_No-till,DEA,2.1
2021,Agri03_No-till,DEB,2.1
2021,Agri03_No-till,DEC,2.1
2021,Agri03_No-till,DEE,2.1
2021,Agri03_No-till,DED,2.1
2021,Agri03_No-till,DEF,2.1
2021,Agri03_No-till,DEG,2.1
2021,Agri04_toGrassland,DE1,3.1
2021,Agri04_toGrassland,DE2,3.1
2021,Agri04_toGrassland,DE3,3.1
2021,Agri04_toGrassland,DE4,3.1
2021,Agri04_toGrassland,DE5,3.1
2021,Agri04_toGrassland,DE6,3.1
2021,Agri04_toGrassland,DE7,3.1
2021,Agri04_toGrassland,DE8,3.1
2021,Agri04_toGrassland,DE9,3.1
2021,Agri04_toGrassland,DEA,3.1
2021,Agri04_toGrassland,DEB,3.1
2021,Agri04_toGrassland,DEC,3.1
2021,Agri04_toGrassland,DEE,3.1
2021,Agri04_toGrassland,DED,3.1
2021,Agri04_toGrassland,DEF,3.1
2021,Agri04_toGrassland,DEG,3.1
2021,Agri05_Agroforestry,DE1,13.833333333333334
2021,Agri05_Agroforestry,DE2,13.833333333333334
2021,Agri05_Agroforestry,DE3,13.833333333333334
2021,Agri05_Agroforestry,DE4,13.833333333333334
2021,Agri05_Agroforestry,DE5,13.833333333333334
2021,Agri05_Agroforestry,DE6,13.833333333333334
2021,Agri05_Agroforestry,DE7,13.833333333333334
2021,Agri05_Agroforestry,DE8,13.833333333333334
2021,Agri05_Agroforestry,DE9,13.833333333333334
2021,Agri05_Agroforestry,DEA,13.833333333333334
2021,Agri05_Agroforestry,DEB,13.833333333333334
2021,Agri05_Agroforestry,DEC,13.833333333333334
2021,Agri05_Agroforestry,DEE,13.833333333333334
2021,Agri05_Agroforestry,DED,13.833333333333334
2021,Agri05_Agroforestry,DEF,13.833333333333334
2021,Agri05_Agroforestry,DEG,13.833333333333334
2021,Agri06_Biochar,DE1,0.87
2021,Agri06_Biochar,DE2,0.87
2021,Agri06_Biochar,DE3,0.87
2021,Agri06_Biochar,DE4,0.87
2021,Agri06_Biochar,DE5,0.87
2021,Agri06_Biochar,DE6,0.87
2021,Agri06_Biochar,DE7,0.87
2021,Agri06_Biochar,DE8,0.87
2021,Agri06_Biochar,DE9,0.87
2021,Agri06_Biochar,DEA,0.87
2021,Agri06_Biochar,DEB,0.87
2021,Agri06_Biochar,DEC,0.87
2021,Agri06_Biochar,DEE,0.87
2021,Agri06_Biochar,DED,0.87
2021,Agri06_Biochar,DEF,0.87
2021,Agri06_Biochar,DEG,0.87
2022,Agri01_AGC,DE1,1.2
2022,Agri01_AGC,DE2,1.2
2022,Agri01_AGC,DE3,1.2
2022,Agri01_AGC,DE4,1.2
2022,Agri01_AGC,DE5,1.2
2022,Agri01_AGC,DE6,1.2
2022,Agri01_AGC,DE7,1.2
2022,Agri01_AGC,DE8,1.2
2022,Agri01_AGC,DE9,1.2
2022,Agri01_AGC,DEA,1.2
2022,Agri01_AGC,DEB,1.2
2022,Agri01_AGC,DEC,1.2
2022,Agri01_AGC,DEE,1.2
2022,Agri01_AGC,DED,1.2
2022,Agri01_AGC,DEF,1.2
2022,Agri01_AGC,DEG,1.2
2022,Agri02_OFC,DE1,0.8
2022,Agri02_OFC,DE2,0.8
2022,Agri02_OFC,DE3,0.8
2022,Agri02_OFC,DE4,0.8
2022,Agri02_OFC,DE5,0.8
2022,Agri02_OFC,DE6,0.8
2022,Agri02_OFC,DE7,0.8
2022,Agri02_OFC,DE8,0.8
2022,Agri02_OFC,DE9,0.8
2022,Agri02_OFC,DEA,0.8
2022,Agri02_OFC,DEB,0.8
2022,Agri02_OFC,DEC,0.8
2022,Agri02_OFC,DEE,0.8
2022,Agri02_OFC,DED,0.8
2022,Agri02_OFC,DEF,0.8
2022,Agri02_OFC,DEG,0.8
2022,Agri03_No-till,DE1,2.1
2022,Agri03_No-till,DE2,2.1
2022,Agri03_No-till,DE3,2.1
2022,Agri03_No-till,DE4,2.1
2022,Agri03_No-till,DE5,2.1
2022,Agri03_No-till,DE6,2.1
2022,Agri03_No-till,DE7,2.1
2022,Agri03_No-till,DE8,2.1
2022,Agri03_No-till,DE9,2.1
2022,Agri03_No-till,DEA,2.1
2022,Agri03_No-till,DEB,2.1
2022,Agri03_No-till,DEC,2.1
2022,Agri03_No-till,DEE,2.1
2022,Agri03_No-till,DED,2.1
2022,Agri03_No-till,DEF,2.1
2022,Agri03_No-till,DEG,2.1
2022,Agri04_toGrassland,DE1,3.1
2022,Agri04_toGrassland,DE2,3.1
2022,Agri04_toGrassland,DE3,3.1
2022,Agri04_toGrassland,DE4,3.1
2022,Agri04_toGrassland,DE5,3.1
2022,Agri04_toGrassland,DE6,3.1
2022,Agri04_toGrassland,DE7,3.1
2022,Agri04_toGrassland,DE8,3.1
2022,Agri04_toGrassland,DE9,3.1
2022,Agri04_toGrassland,DEA,3.1
2022,Agri04_toGrassland,DEB,3.1
2022,Agri04_toGrassland,DEC,3.1
2022,Agri04_toGrassland,DEE,3.1
2022,Agri04_toGrassland,DED,3.1
2022,Agri04_toGrassland,DEF,3.1
2022,Agri04_toGrassland,DEG,3.1
2022,Agri05_Agroforestry,DE1,13.833333333333334
2022,Agri05_Agroforestry,DE2,13.833333333333334
2022,Agri05_Agroforestry,DE3,13.833333333333334
2022,Agri05_Agroforestry,DE4,13.833333333333334
2022,Agri05_Agroforestry,DE5,13.833333333333334
2022,Agri05_Agroforestry,DE6,13.833333333333334
2022,Agri05_Agroforestry,DE7,13.833333333333334
2022,Agri05_Agroforestry,DE8,13.833333333333334
2022,Agri05_Agroforestry,DE9,13.833333333333334
2022,Agri05_Agroforestry,DEA,13.833333333333334
2022,Agri05_Agroforestry,DEB,13.833333333333334
2022,Agri05_Agroforestry,DEC,13.833333333333334
2022,Agri05_Agroforestry,DEE,13.833333333333334
2022,Agri05_Agroforestry,DED,13.833333333333334
2022,Agri05_Agroforestry,DEF,13.833333333333334
2022,Agri05_Agroforestry,DEG,13.833333333333334
2022,Agri06_Biochar,DE1,0.87
2022,Agri06_Biochar,DE2,0.87
2022,Agri06_Biochar,DE3,0.87
2022,Agri06_Biochar,DE4,0.87
2022,Agri06_Biochar,DE5,0.87
2022,Agri06_Biochar,DE6,0.87
2022,Agri06_Biochar,DE7,0.87
2022,Agri06_Biochar,DE8,0.87
2022,Agri06_Biochar,DE9,0.87
2022,Agri06_Biochar,DEA,0.87
2022,Agri06_Biochar,DEB,0.87
2022,Agri06_Biochar,DEC,0.87
2022,Agri06_Biochar,DEE,0.87
2022,Agri06_Biochar,DED,0.87
2022,Agri06_Biochar,DEF,0.87
2022,Agri06_Biochar,DEG,0.87
2023,Agri01_AGC,DE1,1.2
2023,Agri01_AGC,DE2,1.2
2023,Agri01_AGC,DE3,1.2
2023,Agri01_AGC,DE4,1.2
2023,Agri01_AGC,DE5,1.2
2023,Agri01_AGC,DE6,1.2
2023,Agri01_AGC,DE7,1.2
2023,Agri01_AGC,DE8,1.2
2023,Agri01_AGC,DE9,1.2
2023,Agri01_AGC,DEA,1.2
2023,Agri01_AGC,DEB,1.2
2023,Agri01_AGC,DEC,1.2
2023,Agri01_AGC,DEE,1.2
2023,Agri01_AGC,DED,1.2
2023,Agri01_AGC,DEF,1.2
2023,Agri01_AGC,DEG,1.2
2023,Agri02_OFC,DE1,0.8
2023,Agri02_OFC,DE2,0.8
2023,Agri02_OFC,DE3,0.8
2023,Agri02_OFC,DE4,0.8
2023,Agri02_OFC,DE5,0.8
2023,Agri02_OFC,DE6,0.8
2023,Agri02_OFC,DE7,0.8
2023,Agri02_OFC,DE8,0.8
2023,Agri02_OFC,DE9,0.8
2023,Agri02_OFC,DEA,0.8
2023,Agri02_OFC,DEB,0.8
2023,Agri02_OFC,DEC,0.8
2023,Agri02_OFC,DEE,0.8
2023,Agri02_OFC,DED,0.8
2023,Agri02_OFC,DEF,0.8
2023,Agri02_OFC,DEG,0.8
2023,Agri03_No-till,DE1,2.1
2023,Agri03_No-till,DE2,2.1
2023,Agri03_No-till,DE3,2.1
2023,Agri03_No-till,DE4,2.1
2023,Agri03_No-till,DE5,2.1
2023,Agri03_No-till,DE6,2.1
2023,Agri03_No-till,DE7,2.1
2023,Agri03_No-till,DE8,2.1
2023,Agri03_No-till,DE9,2.1
2023,Agri03_No-till,DEA,2.1
2023,Agri03_No-till,DEB,2.1
2023,Agri03_No-till,DEC,2.1
2023,Agri03_No-till,DEE,2.1
2023,Agri03_No-till,DED,2.1
2023,Agri03_No-till,DEF,2.1
2023,Agri03_No-till,DEG,2.1
2023,Agri04_toGrassland,DE1,3.1
2023,Agri04_toGrassland,DE2,3.1
2023,Agri04_toGrassland,DE3,3.1
2023,Agri04_toGrassland,DE4,3.1
2023,Agri04_toGrassland,DE5,3.1
2023,Agri04_toGrassland,DE6,3.1
2023,Agri04_toGrassland,DE7,3.1
2023,Agri04_toGrassland,DE8,3.1
2023,Agri04_toGrassland,DE9,3.1
2023,Agri04_toGrassland,DEA,3.1
2023,Agri04_toGrassland,DEB,3.1
2023,Agri04_toGrassland,DEC,3.1
2023,Agri04_toGrassland,DEE,3.1
2023,Agri04_toGrassland,DED,3.1
2023,Agri04_toGrassland,DEF,3.1
2023,Agri04_toGrassland,DEG,3.1
2023,Agri05_Agroforestry,DE1,13.833333333333334
2023,Agri05_Agroforestry,DE2,13.833333333333334
2023,Agri05_Agroforestry,DE3,13.833333333333334
2023,Agri05_Agroforestry,DE4,13.833333333333334
2023,Agri05_Agroforestry,DE5,13.833333333333334
2023,Agri05_Agroforestry,DE6,13.833333333333334
2023,Agri05_Agroforestry,DE7,13.833333333333334
2023,Agri05_Agroforestry,DE8,13.833333333333334
2023,Agri05_Agroforestry,DE9,13.833333333333334
2023,Agri05_Agroforestry,DEA,13.833333333333334
2023,Agri05_Agroforestry,DEB,13.833333333333334
2023,Agri05_Agroforestry,DEC,13.833333333333334
2023,Agri05_Agroforestry,DEE,13.833333333333334
2023,Agri05_Agroforestry,DED,13.833333333333334
2023,Agri05_Agroforestry,DEF,13.833333333333334
2023,Agri05_Agroforestry,DEG,13.833333333333334
2023,Agri06_Biochar,DE1,0.87
2023,Agri06_Biochar,DE2,0.87
2023,Agri06_Biochar,DE3,0.87
2023,Agri06_Biochar,DE4,0.87
2023,Agri06_Biochar,DE5,0.87
2023,Agri06_Biochar,DE6,0.87
2023,Agri06_Biochar,DE7,0.87
2023,Agri06_Biochar,DE8,0.87
2023,Agri06_Biochar,DE9,0.87
2023,Agri06_Biochar,DEA,0.87
2023,Agri06_Biochar,DEB,0.87
2023,Agri06_Biochar,DEC,0.87
2023,Agri06_Biochar,DEE,0.87
2023,Agri06_Biochar,DED,0.87
2023,Agri06_Biochar,DEF,0.87
2023,Agri06_Biochar,DEG,0.87
2024,Agri01_AGC,DE1,1.2
2024,Agri01_AGC,DE2,1.2
2024,Agri01_AGC,DE3,1.2
2024,Agri01_AGC,DE4,1.2
2024,Agri01_AGC,DE5,1.2
2024,Agri01_AGC,DE6,1.2
2024,Agri01_AGC,DE7,1.2
2024,Agri01_AGC,DE8,1.2
2024,Agri01_AGC,DE9,1.2
2024,Agri01_AGC,DEA,1.2
2024,Agri01_AGC,DEB,1.2
2024,Agri01_AGC,DEC,1.2
2024,Agri01_AGC,DEE,1.2
2024,Agri01_AGC,DED,1.2
2024,Agri01_AGC,DEF,1.2
2024,Agri01_AGC,DEG,1.2
2024,Agri02_OFC,DE1,0.8
2024,Agri02_OFC,DE2,0.8
2024,Agri02_OFC,DE3,0.8
2024,Agri02_OFC,DE4,0.8
2024,Agri02_OFC,DE5,0.8
2024,Agri02_OFC,DE6,0.8
2024,Agri02_OFC,DE7,0.8
2024,Agri02_OFC,DE8,0.8
2024,Agri02_OFC,DE9,0.8
2024,Agri02_OFC,DEA,0.8
2024,Agri02_OFC,DEB,0.8
2024,Agri02_OFC,DEC,0.8
2024,Agri02_OFC,DEE,0.8
2024,Agri02_OFC,DED,0.8
2024,Agri02_OFC,DEF,0.8
2024,Agri02_OFC,DEG,0.8
2024,Agri03_No-till,DE1,2.1
2024,Agri03_No-till,DE2,2.1
2024,Agri03_No-till,DE3,2.1
2024,Agri03_No-till,DE4,2.1
2024,Agri03_No-till,DE5,2.1
2024,Agri03_No-till,DE6,2.1
2024,Agri03_No-till,DE7,2.1
2024,Agri03_No-till,DE8,2.1
2024,Agri03_No-till,DE9,2.1
2024,Agri03_No-till,DEA,2.1
2024,Agri03_No-till,DEB,2.1
2024,Agri03_No-till,DEC,2.1
2024,Agri03_No-till,DEE,2.1
2024,Agri03_No-till,DED,2.1
2024,Agri03_No-till,DEF,2.1
2024,Agri03_No-till,DEG,2.1
2024,Agri04_toGrassland,DE1,3.1
2024,Agri04_toGrassland,DE2,3.1
2024,Agri04_toGrassland,DE3,3.1
2024,Agri04_toGrassland,DE4,3.1
2024,Agri04_toGrassland,DE5,3.1
2024,Agri04_toGrassland,DE6,3.1
2024,Agri04_toGrassland,DE7,3.1
2024,Agri04_toGrassland,DE8,3.1
2024,Agri04_toGrassland,DE9,3.1
2024,Agri04_toGrassland,DEA,3.1
2024,Agri04_toGrassland,DEB,3.1
2024,Agri04_toGrassland,DEC,3.1
2024,Agri04_toGrassland,DEE,3.1
2024,Agri04_toGrassland,DED,3.1
2024,Agri04_toGrassland,DEF,3.1
2024,Agri04_toGrassland,DEG,3.1
2024,Agri05_Agroforestry,DE1,13.833333333333334
2024,Agri05_Agroforestry,DE2,13.833333333333334
2024,Agri05_Agroforestry,DE3,13.833333333333334
2024,Agri05_Agroforestry,DE4,13.833333333333334
2024,Agri05_Agroforestry,DE5,13.833333333333334
2024,Agri05_Agroforestry,DE6,13.833333333333334
2024,Agri05_Agroforestry,DE7,13.833333333333334
2024,Agri05_Agroforestry,DE8,13.833333333333334
2024,Agri05_Agroforestry,DE9,13.833333333333334
2024,Agri05_Agroforestry,DEA,13.833333333333334
2024,Agri05_Agroforestry,DEB,13.833333333333334
2024,Agri05_Agroforestry,DEC,13.833333333333334
2024,Agri05_Agroforestry,DEE,13.833333333333334
2024,Agri05_Agroforestry,DED,13.833333333333334
2024,Agri05_Agroforestry,DEF,13.833333333333334
2024,Agri05_Agroforestry,DEG,13.833333333333334
2024,Agri06_Biochar,DE1,0.87
2024,Agri06_Biochar,DE2,0.87
2024,Agri06_Biochar,DE3,0.87
2024,Agri06_Biochar,DE4,0.87
2024,Agri06_Biochar,DE5,0.87
2024,Agri06_Biochar,DE6,0.87
2024,Agri06_Biochar,DE7,0.87
2024,Agri06_Biochar,DE8,0.87
2024,Agri06_Biochar,DE9,0.87
2024,Agri06_Biochar,DEA,0.87
2024,Agri06_Biochar,DEB,0.87
2024,Agri06_Biochar,DEC,0.87
2024,Agri06_Biochar,DEE,0.87
2024,Agri06_Biochar,DED,0.87
2024,Agri06_Biochar,DEF,0.87
2024,Agri06_Biochar,DEG,0.87
2025,Agri01_AGC,DE1,1.2
2025,Agri01_AGC,DE2,1.2
2025,Agri01_AGC,DE3,1.2
2025,Agri01_AGC,DE4,1.2
2025,Agri01_AGC,DE5,1.2
2025,Agri01_AGC,DE6,1.2
2025,Agri01_AGC,DE7,1.2
2025,Agri01_AGC,DE8,1.2
2025,Agri01_AGC,DE9,1.2
2025,Agri01_AGC,DEA,1.2
2025,Agri01_AGC,DEB,1.2
2025,Agri01_AGC,DEC,1.2
2025,Agri01_AGC,DEE,1.2
2025,Agri01_AGC,DED,1.2
2025,Agri01_AGC,DEF,1.2
2025,Agri01_AGC,DEG,1.2
2025,Agri02_OFC,DE1,0.8
2025,Agri02_OFC,DE2,0.8
2025,Agri02_OFC,DE3,0.8
2025,Agri02_OFC,DE4,0.8
2025,Agri02_OFC,DE5,0.8
2025,Agri02_OFC,DE6,0.8
2025,Agri02_OFC,DE7,0.8
2025,Agri02_OFC,DE8,0.8
2025,Agri02_OFC,DE9,0.8
2025,Agri02_OFC,DEA,0.8
2025,Agri02_OFC,DEB,0.8
2025,Agri02_OFC,DEC,0.8
2025,Agri02_OFC,DEE,0.8
2025,Agri02_OFC,DED,0.8
2025,Agri02_OFC,DEF,0.8
2025,Agri02_OFC,DEG,0.8
2025,Agri03_No-till,DE1,2.1
2025,Agri03_No-till,DE2,2.1
2025,Agri03_No-till,DE3,2.1
2025,Agri03_No-till,DE4,2.1
2025,Agri03_No-till,DE5,2.1
2025,Agri03_No-till,DE6,2.1
2025,Agri03_No-till,DE7,2.1
2025,Agri03_No-till,DE8,2.1
2025,Agri03_No-till,DE9,2.1
2025,Agri03_No-till,DEA,2.1
2025,Agri03_No-till,DEB,2.1
2025,Agri03_No-till,DEC,2.1
2025,Agri03_No-till,DEE,2.1
2025,Agri03_No-till,DED,2.1
2025,Agri03_No-till,DEF,2.1
2025,Agri03_No-till,DEG,2.1
2025,Agri04_toGrassland,DE1,3.1
2025,Agri04_toGrassland,DE2,3.1
2025,Agri04_toGrassland,DE3,3.1
2025,Agri04_toGrassland,DE4,3.1
2025,Agri04_toGrassland,DE5,3.1
2025,Agri04_toGrassland,DE6,3.1
2025,Agri04_toGrassland,DE7,3.1
2025,Agri04_toGrassland,DE8,3.1
2025,Agri04_toGrassland,DE9,3.1
2025,Agri04_toGrassland,DEA,3.1
2025,Agri04_toGrassland,DEB,3.1
2025,Agri04_toGrassland,DEC,3.1
2025,Agri04_toGrassland,DEE,3.1
2025,Agri04_toGrassland,DED,3.1
2025,Agri04_toGrassland,DEF,3.1
2025,Agri04_toGrassland,DEG,3.1
2025,Agri05_Agroforestry,DE1,13.833333333333334
2025,Agri05_Agroforestry,DE2,13.833333333333334
2025,Agri05_Agroforestry,DE3,13.833333333333334
2025,Agri05_Agroforestry,DE4,13.833333333333334
2025,Agri05_Agroforestry,DE5,13.833333333333334
2025,Agri05_Agroforestry,DE6,13.833333333333334
2025,Agri05_Agroforestry,DE7,13.833333333333334
2025,Agri05_Agroforestry,DE8,13.833333333333334
2025,Agri05_Agroforestry,DE9,13.833333333333334
2025,Agri05_Agroforestry,DEA,13.833333333333334
2025,Agri05_Agroforestry,DEB,13.833333333333334
2025,Agri05_Agroforestry,DEC,13.833333333333334
2025,Agri05_Agroforestry,DEE,13.833333333333334
2025,Agri05_Agroforestry,DED,13.833333333333334
2025,Agri05_Agroforestry,DEF,13.833333333333334
2025,Agri05_Agroforestry,DEG,13.833333333333334
2025,Agri06_Biochar,DE1,0.87
2025,Agri06_Biochar,DE2,0.87
2025,Agri06_Biochar,DE3,0.87
2025,Agri06_Biochar,DE4,0.87
2025,Agri06_Biochar,DE5,0.87
2025,Agri06_Biochar,DE6,0.87
2025,Agri06_Biochar,DE7,0.87
2025,Agri06_Biochar,DE8,0.87
2025,Agri06_Biochar,DE9,0.87
2025,Agri06_Biochar,DEA,0.87
2025,Agri06_Biochar,DEB,0.87
2025,Agri06_Biochar,DEC,0.87
2025,Agri06_Biochar,DEE,0.87
2025,Agri06_Biochar,DED,0.87
2025,Agri06_Biochar,DEF,0.87
2025,Agri06_Biochar,DEG,0.87
2026,Agri01_AGC,DE1,1.2
2026,Agri01_AGC,DE2,1.2
2026,Agri01_AGC,DE3,1.2
2026,Agri01_AGC,DE4,1.2
2026,Agri01_AGC,DE5,1.2
2026,Agri01_AGC,DE6,1.2
2026,Agri01_AGC,DE7,1.2
2026,Agri01_AGC,DE8,1.2
2026,Agri01_AGC,DE9,1.2
2026,Agri01_AGC,DEA,1.2
2026,Agri01_AGC,DEB,1.2
2026,Agri01_AGC,DEC,1.2
2026,Agri01_AGC,DEE,1.2
2026,Agri01_AGC,DED,1.2
2026,Agri01_AGC,DEF,1.2
2026,Agri01_AGC,DEG,1.2
2026,Agri02_OFC,DE1,0.8
2026,Agri02_OFC,DE2,0.8
2026,Agri02_OFC,DE3,0.8
2026,Agri02_OFC,DE4,0.8
2026,Agri02_OFC,DE5,0.8
2026,Agri02_OFC,DE6,0.8
2026,Agri02_OFC,DE7,0.8
2026,Agri02_OFC,DE8,0.8
2026,Agri02_OFC,DE9,0.8
2026,Agri02_OFC,DEA,0.8
2026,Agri02_OFC,DEB,0.8
2026,Agri02_OFC,DEC,0.8
2026,Agri02_OFC,DEE,0.8
2026,Agri02_OFC,DED,0.8
2026,Agri02_OFC,DEF,0.8
2026,Agri02_OFC,DEG,0.8
2026,Agri03_No-till,DE1,2.1
2026,Agri03_No-till,DE2,2.1
2026,Agri03_No-till,DE3,2.1
2026,Agri03_No-till,DE4,2.1
2026,Agri03_No-till,DE5,2.1
2026,Agri03_No-till,DE6,2.1
2026,Agri03_No-till,DE7,2.1
2026,Agri03_No-till,DE8,2.1
2026,Agri03_No-till,DE9,2.1
2026,Agri03_No-till,DEA,2.1
2026,Agri03_No-till,DEB,2.1
2026,Agri03_No-till,DEC,2.1
2026,Agri03_No-till,DEE,2.1
2026,Agri03_No-till,DED,2.1
2026,Agri03_No-till,DEF,2.1
2026,Agri03_No-till,DEG,2.1
2026,Agri04_toGrassland,DE1,3.1
2026,Agri04_toGrassland,DE2,3.1
2026,Agri04_toGrassland,DE3,3.1
2026,Agri04_toGrassland,DE4,3.1
2026,Agri04_toGrassland,DE5,3.1
2026,Agri04_toGrassland,DE6,3.1
2026,Agri04_toGrassland,DE7,3.1
2026,Agri04_toGrassland,DE8,3.1
2026,Agri04_toGrassland,DE9,3.1
2026,Agri04_toGrassland,DEA,3.1
2026,Agri04_toGrassland,DEB,3.1
2026,Agri04_toGrassland,DEC,3.1
2026,Agri04_toGrassland,DEE,3.1
2026,Agri04_toGrassland,DED,3.1
2026,Agri04_toGrassland,DEF,3.1
2026,Agri04_toGrassland,DEG,3.1
2026,Agri05_Agroforestry,DE1,13.833333333333334
2026,Agri05_Agroforestry,DE2,13.833333333333334
2026,Agri05_Agroforestry,DE3,13.833333333333334
2026,Agri05_Agroforestry,DE4,13.833333333333334
2026,Agri05_Agroforestry,DE5,13.833333333333334
2026,Agri05_Agroforestry,DE6,13.833333333333334
2026,Agri05_Agroforestry,DE7,13.833333333333334
2026,Agri05_Agroforestry,DE8,13.833333333333334
2026,Agri05_Agroforestry,DE9,13.833333333333334
2026,Agri05_Agroforestry,DEA,13.833333333333334
2026,Agri05_Agroforestry,DEB,13.833333333333334
2026,Agri05_Agroforestry,DEC,13.833333333333334
2026,Agri05_Agroforestry,DEE,13.833333333333334
2026,Agri05_Agroforestry,DED,13.833333333333334
2026,Agri05_Agroforestry,DEF,13.833333333333334
2026,Agri05_Agroforestry,DEG,13.833333333333334
2026,Agri06_Biochar,DE1,0.87
2026,Agri06_Biochar,DE2,0.87
2026,Agri06_Biochar,DE3,0.87
2026,Agri06_Biochar,DE4,0.87
2026,Agri06_Biochar,DE5,0.87
2026,Agri06_Biochar,DE6,0.87
2026,Agri06_Biochar,DE7,0.87
2026,Agri06_Biochar,DE8,0.87
2026,Agri06_Biochar,DE9,0.87
2026,Agri06_Biochar,DEA,0.87
2026,Agri06_Biochar,DEB,0.87
2026,Agri06_Biochar,DEC,0.87
2026,Agri06_Biochar,DEE,0.87
2026,Agri06_Biochar,DED,0.87
2026,Agri06_Biochar,DEF,0.87
2026,Agri06_Biochar,DEG,0.87
2027,Agri01_AGC,DE1,1.2
2027,Agri01_AGC,DE2,1.2
2027,Agri01_AGC,DE3,1.2
2027,Agri01_AGC,DE4,1.2
2027,Agri01_AGC,DE5,1.2
2027,Agri01_AGC,DE6,1.2
2027,Agri01_AGC,DE7,1.2
2027,Agri01_AGC,DE8,1.2
2027,Agri01_AGC,DE9,1.2
2027,Agri01_AGC,DEA,1.2
2027,Agri01_AGC,DEB,1.2
2027,Agri01_AGC,DEC,1.2
2027,Agri01_AGC,DEE,1.2
2027,Agri01_AGC,DED,1.2
2027,Agri01_AGC,DEF,1.2
2027,Agri01_AGC,DEG,1.2
2027,Agri02_OFC,DE1,0.8
2027,Agri02_OFC,DE2,0.8
2027,Agri02_OFC,DE3,0.8
2027,Agri02_OFC,DE4,0.8
2027,Agri02_OFC,DE5,0.8
2027,Agri02_OFC,DE6,0.8
2027,Agri02_OFC,DE7,0.8
2027,Agri02_OFC,DE8,0.8
2027,Agri02_OFC,DE9,0.8
2027,Agri02_OFC,DEA,0.8
2027,Agri02_OFC,DEB,0.8
2027,Agri02_OFC,DEC,0.8
2027,Agri02_OFC,DEE,0.8
2027,Agri02_OFC,DED,0.8
2027,Agri02_OFC,DEF,0.8
2027,Agri02_OFC,DEG,0.8
2027,Agri03_No-till,DE1,2.1
2027,Agri03_No-till,DE2,2.1
2027,Agri03_No-till,DE3,2.1
2027,Agri03_No-till,DE4,2.1
2027,Agri03_No-till,DE5,2.1
2027,Agri03_No-till,DE6,2.1
2027,Agri03_No-till,DE7,2.1
2027,Agri03_No-till,DE8,2.1
2027,Agri03_No-till,DE9,2.1
2027,Agri03_No-till,DEA,2.1
2027,Agri03_No-till,DEB,2.1
2027,Agri03_No-till,DEC,2.1
2027,Agri03_No-till,DEE,2.1
2027,Agri03_No-till,DED,2.1
2027,Agri03_No-till,DEF,2.1
2027,Agri03_No-till,DEG,2.1
2027,Agri04_toGrassland,DE1,3.1
2027,Agri04_toGrassland,DE2,3.1
2027,Agri04_toGrassland,DE3,3.1
2027,Agri04_toGrassland,DE4,3.1
2027,Agri04_toGrassland,DE5,3.1
2027,Agri04_toGrassland,DE6,3.1
2027,Agri04_toGrassland,DE7,3.1
2027,Agri04_toGrassland,DE8,3.1
2027,Agri04_toGrassland,DE9,3.1
2027,Agri04_toGrassland,DEA,3.1
2027,Agri04_toGrassland,DEB,3.1
2027,Agri04_toGrassland,DEC,3.1
2027,Agri04_toGrassland,DEE,3.1
2027,Agri04_toGrassland,DED,3.1
2027,Agri04_toGrassland,DEF,3.1
2027,Agri04_toGrassland,DEG,3.1
2027,Agri05_Agroforestry,DE1,13.833333333333334
2027,Agri05_Agroforestry,DE2,13.833333333333334
2027,Agri05_Agroforestry,DE3,13.833333333333334
2027,Agri05_Agroforestry,DE4,13.833333333333334
2027,Agri05_Agroforestry,DE5,13.833333333333334
2027,Agri05_Agroforestry,DE6,13.833333333333334
2027,Agri05_Agroforestry,DE7,13.833333333333334
2027,Agri05_Agroforestry,DE8,13.833333333333334
2027,Agri05_Agroforestry,DE9,13.833333333333334
2027,Agri05_Agroforestry,DEA,13.833333333333334
2027,Agri05_Agroforestry,DEB,13.833333333333334
2027,Agri05_Agroforestry,DEC,13.833333333333334
2027,Agri05_Agroforestry,DEE,13.833333333333334
2027,Agri05_Agroforestry,DED,13.833333333333334
2027,Agri05_Agroforestry,DEF,13.833333333333334
2027,Agri05_Agroforestry,DEG,13.833333333333334
2027,Agri06_Biochar,DE1,0.87
2027,Agri06_Biochar,DE2,0.87
2027,Agri06_Biochar,DE3,0.87
2027,Agri06_Biochar,DE4,0.87
2027,Agri06_Biochar,DE5,0.87
2027,Agri06_Biochar,DE6,0.87
2027,Agri06_Biochar,DE7,0.87
2027,Agri06_Biochar,DE8,0.87
2027,Agri06_Biochar,DE9,0.87
2027,Agri06_Biochar,DEA,0.87
2027,Agri06_Biochar,DEB,0.87
2027,Agri06_Biochar,DEC,0.87
2027,Agri06_Biochar,DEE,0.87
2027,Agri06_Biochar,DED,0.87
2027,Agri06_Biochar,DEF,0.87
2027,Agri06_Biochar,DEG,0.87
2028,Agri01_AGC,DE1,1.2
2028,Agri01_AGC,DE2,1.2
2028,Agri01_AGC,DE3,1.2
2028,Agri01_AGC,DE4,1.2
2028,Agri01_AGC,DE5,1.2
2028,Agri01_AGC,DE6,1.2
2028,Agri01_AGC,DE7,1.2
2028,Agri01_AGC,DE8,1.2
2028,Agri01_AGC,DE9,1.2
2028,Agri01_AGC,DEA,1.2
2028,Agri01_AGC,DEB,1.2
2028,Agri01_AGC,DEC,1.2
2028,Agri01_AGC,DEE,1.2
2028,Agri01_AGC,DED,1.2
2028,Agri01_AGC,DEF,1.2
2028,Agri01_AGC,DEG,1.2
2028,Agri02_OFC,DE1,0.8
2028,Agri02_OFC,DE2,0.8
2028,Agri02_OFC,DE3,0.8
2028,Agri02_OFC,DE4,0.8
2028,Agri02_OFC,DE5,0.8
2028,Agri02_OFC,DE6,0.8
2028,Agri02_OFC,DE7,0.8
2028,Agri02_OFC,DE8,0.8
2028,Agri02_OFC,DE9,0.8
2028,Agri02_OFC,DEA,0.8
2028,Agri02_OFC,DEB,0.8
2028,Agri02_OFC,DEC,0.8
2028,Agri02_OFC,DEE,0.8
2028,Agri02_OFC,DED,0.8
2028,Agri02_OFC,DEF,0.8
2028,Agri02_OFC,DEG,0.8
2028,Agri03_No-till,DE1,2.1
2028,Agri03_No-till,DE2,2.1
2028,Agri03_No-till,DE3,2.1
2028,Agri03_No-till,DE4,2.1
2028,Agri03_No-till,DE5,2.1
2028,Agri03_No-till,DE6,2.1
2028,Agri03_No-till,DE7,2.1
2028,Agri03_No-till,DE8,2.1
2028,Agri03_No-till,DE9,2.1
2028,Agri03_No-till,DEA,2.1
2028,Agri03_No-till,DEB,2.1
2028,Agri03_No-till,DEC,2.1
2028,Agri03_No-till,DEE,2.1
2028,Agri03_No-till,DED,2.1
2028,Agri03_No-till,DEF,2.1
2028,Agri03_No-till,DEG,2.1
2028,Agri04_toGrassland,DE1,3.1
2028,Agri04_toGrassland,DE2,3.1
2028,Agri04_toGrassland,DE3,3.1
2028,Agri04_toGrassland,DE4,3.1
2028,Agri04_toGrassland,DE5,3.1
2028,Agri04_toGrassland,DE6,3.1
2028,Agri04_toGrassland,DE7,3.1
2028,Agri04_toGrassland,DE8,3.1
2028,Agri04_toGrassland,DE9,3.1
2028,Agri04_toGrassland,DEA,3.1
2028,Agri04_toGrassland,DEB,3.1
2028,Agri04_toGrassland,DEC,3.1
2028,Agri04_toGrassland,DEE,3.1
2028,Agri04_toGrassland,DED,3.1
2028,Agri04_toGrassland,DEF,3.1
2028,Agri04_toGrassland,DEG,3.1
2028,Agri05_Agroforestry,DE1,13.833333333333334
2028,Agri05_Agroforestry,DE2,13.833333333333334
2028,Agri05_Agroforestry,DE3,13.833333333333334
2028,Agri05_Agroforestry,DE4,13.833333333333334
2028,Agri05_Agroforestry,DE5,13.833333333333334
2028,Agri05_Agroforestry,DE6,13.833333333333334
2028,Agri05_Agroforestry,DE7,13.833333333333334
2028,Agri05_Agroforestry,DE8,13.833333333333334
2028,Agri05_Agroforestry,DE9,13.833333333333334
2028,Agri05_Agroforestry,DEA,13.833333333333334
2028,Agri05_Agroforestry,DEB,13.833333333333334
2028,Agri05_Agroforestry,DEC,13.833333333333334
2028,Agri05_Agroforestry,DEE,13.833333333333334
2028,Agri05_Agroforestry,DED,13.833333333333334
2028,Agri05_Agroforestry,DEF,13.833333333333334
2028,Agri05_Agroforestry,DEG,13.833333333333334
2028,Agri06_Biochar,DE1,0.87
2028,Agri06_Biochar,DE2,0.87
2028,Agri06_Biochar,DE3,0.87
2028,Agri06_Biochar,DE4,0.87
2028,Agri06_Biochar,DE5,0.87
2028,Agri06_Biochar,DE6,0.87
2028,Agri06_Biochar,DE7,0.87
2028,Agri06_Biochar,DE8,0.87
2028,Agri06_Biochar,DE9,0.87
2028,Agri06_Biochar,DEA,0.87
2028,Agri06_Biochar,DEB,0.87
2028,Agri06_Biochar,DEC,0.87
2028,Agri06_Biochar,DEE,0.87
2028,Agri06_Biochar,DED,0.87
2028,Agri06_Biochar,DEF,0.87
2028,Agri06_Biochar,DEG,0.87
2029,Agri01_AGC,DE1,1.2
2029,Agri01_AGC,DE2,1.2
2029,Agri01_AGC,DE3,1.2
2029,Agri01_AGC,DE4,1.2
2029,Agri01_AGC,DE5,1.2
2029,Agri01_AGC,DE6,1.2
2029,Agri01_AGC,DE7,1.2
2029,Agri01_AGC,DE8,1.2
2029,Agri01_AGC,DE9,1.2
2029,Agri01_AGC,DEA,1.2
2029,Agri01_AGC,DEB,1.2
2029,Agri01_AGC,DEC,1.2
2029,Agri01_AGC,DEE,1.2
2029,Agri01_AGC,DED,1.2
2029,Agri01_AGC,DEF,1.2
2029,Agri01_AGC,DEG,1.2
2029,Agri02_OFC,DE1,0.8
2029,Agri02_OFC,DE2,0.8
2029,Agri02_OFC,DE3,0.8
2029,Agri02_OFC,DE4,0.8
2029,Agri02_OFC,DE5,0.8
2029,Agri02_OFC,DE6,0.8
2029,Agri02_OFC,DE7,0.8
2029,Agri02_OFC,DE8,0.8
2029,Agri02_OFC,DE9,0.8
2029,Agri02_OFC,DEA,0.8
2029,Agri02_OFC,DEB,0.8
2029,Agri02_OFC,DEC,0.8
2029,Agri02_OFC,DEE,0.8
2029,Agri02_OFC,DED,0.8
2029,Agri02_OFC,DEF,0.8
2029,Agri02_OFC,DEG,0.8
2029,Agri03_No-till,DE1,2.1
2029,Agri03_No-till,DE2,2.1
2029,Agri03_No-till,DE3,2.1
2029,Agri03_No-till,DE4,2.1
2029,Agri03_No-till,DE5,2.1
2029,Agri03_No-till,DE6,2.1
2029,Agri03_No-till,DE7,2.1
2029,Agri03_No-till,DE8,2.1
2029,Agri03_No-till,DE9,2.1
2029,Agri03_No-till,DEA,2.1
2029,Agri03_No-till,DEB,2.1
2029,Agri03_No-till,DEC,2.1
2029,Agri03_No-till,DEE,2.1
2029,Agri03_No-till,DED,2.1
2029,Agri03_No-till,DEF,2.1
2029,Agri03_No-till,DEG,2.1
2029,Agri04_toGrassland,DE1,3.1
2029,Agri04_toGrassland,DE2,3.1
2029,Agri04_toGrassland,DE3,3.1
2029,Agri04_toGrassland,DE4,3.1
2029,Agri04_toGrassland,DE5,3.1
2029,Agri04_toGrassland,DE6,3.1
2029,Agri04_toGrassland,DE7,3.1
2029,Agri04_toGrassland,DE8,3.1
2029,Agri04_toGrassland,DE9,3.1
2029,Agri04_toGrassland,DEA,3.1
2029,Agri04_toGrassland,DEB,3.1
2029,Agri04_toGrassland,DEC,3.1
2029,Agri04_toGrassland,DEE,3.1
2029,Agri04_toGrassland,DED,3.1
2029,Agri04_toGrassland,DEF,3.1
2029,Agri04_toGrassland,DEG,3.1
2029,Agri05_Agroforestry,DE1,13.833333333333334
2029,Agri05_Agroforestry,DE2,13.833333333333334
2029,Agri05_Agroforestry,DE3,13.833333333333334
2029,Agri05_Agroforestry,DE4,13.833333333333334
2029,Agri05_Agroforestry,DE5,13.833333333333334
2029,Agri05_Agroforestry,DE6,13.833333333333334
2029,Agri05_Agroforestry,DE7,13.833333333333334
2029,Agri05_Agroforestry,DE8,13.833333333333334
2029,Agri05_Agroforestry,DE9,13.833333333333334
2029,Agri05_Agroforestry,DEA,13.833333333333334
2029,Agri05_Agroforestry,DEB,13.833333333333334
2029,Agri05_Agroforestry,DEC,13.833333333333334
2029,Agri05_Agroforestry,DEE,13.833333333333334
2029,Agri05_Agroforestry,DED,13.833333333333334
2029,Agri05_Agroforestry,DEF,13.833333333333334
2029,Agri05_Agroforestry,DEG,13.833333333333334
2029,Agri06_Biochar,DE1,0.87
2029,Agri06_Biochar,DE2,0.87
2029,Agri06_Biochar,DE3,0.87
2029,Agri06_Biochar,DE4,0.87
2029,Agri06_Biochar,DE5,0.87
2029,Agri06_Biochar,DE6,0.87
2029,Agri06_Biochar,DE7,0.87
2029,Agri06_Biochar,DE8,0.87
2029,Agri06_Biochar,DE9,0.87
2029,Agri06_Biochar,DEA,0.87
2029,Agri06_Biochar,DEB,0.87
2029,Agri06_Biochar,DEC,0.87
2029,Agri06_Biochar,DEE,0.87
2029,Agri06_Biochar,DED,0.87
2029,Agri06_Biochar,DEF,0.87
2029,Agri06_Biochar,DEG,0.87
2030,Agri01_AGC,DE1,1.2
2030,Agri01_AGC,DE2,1.2
2030,Agri01_AGC,DE3,1.2
2030,Agri01_AGC,DE4,1.2
2030,Agri01_AGC,DE5,1.2
2030,Agri01_AGC,DE6,1.2
2030,Agri01_AGC,DE7,1.2
2030,Agri01_AGC,DE8,1.2
2030,Agri01_AGC,DE9,1.2
2030,Agri01_AGC,DEA,1.2
2030,Agri01_AGC,DEB,1.2
2030,Agri01_AGC,DEC,1.2
2030,Agri01_AGC,DEE,1.2
2030,Agri01_AGC,DED,1.2
2030,Agri01_AGC,DEF,1.2
2030,Agri01_AGC,DEG,1.2
2030,Agri02_OFC,DE1,0.8
2030,Agri02_OFC,DE2,0.8
2030,Agri02_OFC,DE3,0.8
2030,Agri02_OFC,DE4,0.8
2030,Agri02_OFC,DE5,0.8
2030,Agri02_OFC,DE6,0.8
2030,Agri02_OFC,DE7,0.8
2030,Agri02_OFC,DE8,0.8
2030,Agri02_OFC,DE9,0.8
2030,Agri02_OFC,DEA,0.8
2030,Agri02_OFC,DEB,0.8
2030,Agri02_OFC,DEC,0.8
2030,Agri02_OFC,DEE,0.8
2030,Agri02_OFC,DED,0.8
2030,Agri02_OFC,DEF,0.8
2030,Agri02_OFC,DEG,0.8
2030,Agri03_No-till,DE1,2.1
2030,Agri03_No-till,DE2,2.1
2030,Agri03_No-till,DE3,2.1
2030,Agri03_No-till,DE4,2.1
2030,Agri03_No-till,DE5,2.1
2030,Agri03_No-till,DE6,2.1
2030,Agri03_No-till,DE7,2.1
2030,Agri03_No-till,DE8,2.1
2030,Agri03_No-till,DE9,2.1
2030,Agri03_No-till,DEA,2.1
2030,Agri03_No-till,DEB,2.1
2030,Agri03_No-till,DEC,2.1
2030,Agri03_No-till,DEE,2.1
2030,Agri03_No-till,DED,2.1
2030,Agri03_No-till,DEF,2.1
2030,Agri03_No-till,DEG,2.1
2030,Agri04_toGrassland,DE1,3.1
2030,Agri04_toGrassland,DE2,3.1
2030,Agri04_toGrassland,DE3,3.1
2030,Agri04_toGrassland,DE4,3.1
2030,Agri04_toGrassland,DE5,3.1
2030,Agri04_toGrassland,DE6,3.1
2030,Agri04_toGrassland,DE7,3.1
2030,Agri04_toGrassland,DE8,3.1
2030,Agri04_toGrassland,DE9,3.1
2030,Agri04_toGrassland,DEA,3.1
2030,Agri04_toGrassland,DEB,3.1
2030,Agri04_toGrassland,DEC,3.1
2030,Agri04_toGrassland,DEE,3.1
2030,Agri04_toGrassland,DED,3.1
2030,Agri04_toGrassland,DEF,3.1
2030,Agri04_toGrassland,DEG,3.1
2030,Agri05_Agroforestry,DE1,13.833333333333334
2030,Agri05_Agroforestry,DE2,13.833333333333334
2030,Agri05_Agroforestry,DE3,13.833333333333334
2030,Agri05_Agroforestry,DE4,13.833333333333334
2030,Agri05_Agroforestry,DE5,13.833333333333334
2030,Agri05_Agroforestry,DE6,13.833333333333334
2030,Agri05_Agroforestry,DE7,13.833333333333334
2030,Agri05_Agroforestry,DE8,13.833333333333334
2030,Agri05_Agroforestry,DE9,13.833333333333334
2030,Agri05_Agroforestry,DEA,13.833333333333334
2030,Agri05_Agroforestry,DEB,13.833333333333334
2030,Agri05_Agroforestry,DEC,13.833333333333334
2030,Agri05_Agroforestry,DEE,13.833333333333334
2030,Agri05_Agroforestry,DED,13.833333333333334
2030,Agri05_Agroforestry,DEF,13.833333333333334
2030,Agri05_Agroforestry,DEG,13.833333333333334
2030,Agri06_Biochar,DE1,0.87
2030,Agri06_Biochar,DE2,0.87
2030,Agri06_Biochar,DE3,0.87
2030,Agri06_Biochar,DE4,0.87
2030,Agri06_Biochar,DE5,0.87
2030,Agri06_Biochar,DE6,0.87
2030,Agri06_Biochar,DE7,0.87
2030,Agri06_Biochar,DE8,0.87
2030,Agri06_Biochar,DE9,0.87
2030,Agri06_Biochar,DEA,0.87
2030,Agri06_Biochar,DEB,0.87
2030,Agri06_Biochar,DEC,0.87
2030,Agri06_Biochar,DEE,0.87
2030,Agri06_Biochar,DED,0.87
2030,Agri06_Biochar,DEF,0.87
2030,Agri06_Biochar,DEG,0.87
2031,Agri01_AGC,DE1,1.2
2031,Agri01_AGC,DE2,1.2
2031,Agri01_AGC,DE3,1.2
2031,Agri01_AGC,DE4,1.2
2031,Agri01_AGC,DE5,1.2
2031,Agri01_AGC,DE6,1.2
2031,Agri01_AGC,DE7,1.2
2031,Agri01_AGC,DE8,1.2
2031,Agri01_AGC,DE9,1.2
2031,Agri01_AGC,DEA,1.2
2031,Agri01_AGC,DEB,1.2
2031,Agri01_AGC,DEC,1.2
2031,Agri01_AGC,DEE,1.2
2031,Agri01_AGC,DED,1.2
2031,Agri01_AGC,DEF,1.2
2031,Agri01_AGC,DEG,1.2
2031,Agri02_OFC,DE1,0.8
2031,Agri02_OFC,DE2,0.8
2031,Agri02_OFC,DE3,0.8
2031,Agri02_OFC,DE4,0.8
2031,Agri02_OFC,DE5,0.8
2031,Agri02_OFC,DE6,0.8
2031,Agri02_OFC,DE7,0.8
2031,Agri02_OFC,DE8,0.8
2031,Agri02_OFC,DE9,0.8
2031,Agri02_OFC,DEA,0.8
2031,Agri02_OFC,DEB,0.8
2031,Agri02_OFC,DEC,0.8
2031,Agri02_OFC,DEE,0.8
2031,Agri02_OFC,DED,0.8
2031,Agri02_OFC,DEF,0.8
2031,Agri02_OFC,DEG,0.8
2031,Agri03_No-till,DE1,2.1
2031,Agri03_No-till,DE2,2.1
2031,Agri03_No-till,DE3,2.1
2031,Agri03_No-till,DE4,2.1
2031,Agri03_No-till,DE5,2.1
2031,Agri03_No-till,DE6,2.1
2031,Agri03_No-till,DE7,2.1
2031,Agri03_No-till,DE8,2.1
2031,Agri03_No-till,DE9,2.1
2031,Agri03_No-till,DEA,2.1
2031,Agri03_No-till,DEB,2.1
2031,Agri03_No-till,DEC,2.1
2031,Agri03_No-till,DEE,2.1
2031,Agri03_No-till,DED,2.1
2031,Agri03_No-till,DEF,2.1
2031,Agri03_No-till,DEG,2.1
2031,Agri04_toGrassland,DE1,3.1
2031,Agri04_toGrassland,DE2,3.1
2031,Agri04_toGrassland,DE3,3.1
2031,Agri04_toGrassland,DE4,3.1
2031,Agri04_toGrassland,DE5,3.1
2031,Agri04_toGrassland,DE6,3.1
2031,Agri04_toGrassland,DE7,3.1
2031,Agri04_toGrassland,DE8,3.1
2031,Agri04_toGrassland,DE9,3.1
2031,Agri04_toGrassland,DEA,3.1
2031,Agri04_toGrassland,DEB,3.1
2031,Agri04_toGrassland,DEC,3.1
2031,Agri04_toGrassland,DEE,3.1
2031,Agri04_toGrassland,DED,3.1
2031,Agri04_toGrassland,DEF,3.1
2031,Agri04_toGrassland,DEG,3.1
2031,Agri05_Agroforestry,DE1,13.833333333333334
2031,Agri05_Agroforestry,DE2,13.833333333333334
2031,Agri05_Agroforestry,DE3,13.833333333333334
2031,Agri05_Agroforestry,DE4,13.833333333333334
2031,Agri05_Agroforestry,DE5,13.833333333333334
2031,Agri05_Agroforestry,DE6,13.833333333333334
2031,Agri05_Agroforestry,DE7,13.833333333333334
2031,Agri05_Agroforestry,DE8,13.833333333333334
2031,Agri05_Agroforestry,DE9,13.833333333333334
2031,Agri05_Agroforestry,DEA,13.833333333333334
2031,Agri05_Agroforestry,DEB,13.833333333333334
2031,Agri05_Agroforestry,DEC,13.833333333333334
2031,Agri05_Agroforestry,DEE,13.833333333333334
2031,Agri05_Agroforestry,DED,13.833333333333334
2031,Agri05_Agroforestry,DEF,13.833333333333334
2031,Agri05_Agroforestry,DEG,13.833333333333334
2031,Agri06_Biochar,DE1,0.87
2031,Agri06_Biochar,DE2,0.87
2031,Agri06_Biochar,DE3,0.87
2031,Agri06_Biochar,DE4,0.87
2031,Agri06_Biochar,DE5,0.87
2031,Agri06_Biochar,DE6,0.87
2031,Agri06_Biochar,DE7,0.87
2031,Agri06_Biochar,DE8,0.87
2031,Agri06_Biochar,DE9,0.87
2031,Agri06_Biochar,DEA,0.87
2031,Agri06_Biochar,DEB,0.87
2031,Agri06_Biochar,DEC,0.87
2031,Agri06_Biochar,DEE,0.87
2031,Agri06_Biochar,DED,0.87
2031,Agri06_Biochar,DEF,0.87
2031,Agri06_Biochar,DEG,0.87
2032,Agri01_AGC,DE1,1.2
2032,Agri01_AGC,DE2,1.2
2032,Agri01_AGC,DE3,1.2
2032,Agri01_AGC,DE4,1.2
2032,Agri01_AGC,DE5,1.2
2032,Agri01_AGC,DE6,1.2
2032,Agri01_AGC,DE7,1.2
2032,Agri01_AGC,DE8,1.2
2032,Agri01_AGC,DE9,1.2
2032,Agri01_AGC,DEA,1.2
2032,Agri01_AGC,DEB,1.2
2032,Agri01_AGC,DEC,1.2
2032,Agri01_AGC,DEE,1.2
2032,Agri01_AGC,DED,1.2
2032,Agri01_AGC,DEF,1.2
2032,Agri01_AGC,DEG,1.2
2032,Agri02_OFC,DE1,0.8
2032,Agri02_OFC,DE2,0.8
2032,Agri02_OFC,DE3,0.8
2032,Agri02_OFC,DE4,0.8
2032,Agri02_OFC,DE5,0.8
2032,Agri02_OFC,DE6,0.8
2032,Agri02_OFC,DE7,0.8
2032,Agri02_OFC,DE8,0.8
2032,Agri02_OFC,DE9,0.8
2032,Agri02_OFC,DEA,0.8
2032,Agri02_OFC,DEB,0.8
2032,Agri02_OFC,DEC,0.8
2032,Agri02_OFC,DEE,0.8
2032,Agri02_OFC,DED,0.8
2032,Agri02_OFC,DEF,0.8
2032,Agri02_OFC,DEG,0.8
2032,Agri03_No-till,DE1,2.1
2032,Agri03_No-till,DE2,2.1
2032,Agri03_No-till,DE3,2.1
2032,Agri03_No-till,DE4,2.1
2032,Agri03_No-till,DE5,2.1
2032,Agri03_No-till,DE6,2.1
2032,Agri03_No-till,DE7,2.1
2032,Agri03_No-till,DE8,2.1
2032,Agri03_No-till,DE9,2.1
2032,Agri03_No-till,DEA,2.1
2032,Agri03_No-till,DEB,2.1
2032,Agri03_No-till,DEC,2.1
2032,Agri03_No-till,DEE,2.1
2032,Agri03_No-till,DED,2.1
2032,Agri03_No-till,DEF,2.1
2032,Agri03_No-till,DEG,2.1
2032,Agri04_toGrassland,DE1,3.1
2032,Agri04_toGrassland,DE2,3.1
2032,Agri04_toGrassland,DE3,3.1
2032,Agri04_toGrassland,DE4,3.1
2032,Agri04_toGrassland,DE5,3.1
2032,Agri04_toGrassland,DE6,3.1
2032,Agri04_toGrassland,DE7,3.1
2032,Agri04_toGrassland,DE8,3.1
2032,Agri04_toGrassland,DE9,3.1
2032,Agri04_toGrassland,DEA,3.1
2032,Agri04_toGrassland,DEB,3.1
2032,Agri04_toGrassland,DEC,3.1
2032,Agri04_toGrassland,DEE,3.1
2032,Agri04_toGrassland,DED,3.1
2032,Agri04_toGrassland,DEF,3.1
2032,Agri04_toGrassland,DEG,3.1
2032,Agri05_Agroforestry,DE1,13.833333333333334
2032,Agri05_Agroforestry,DE2,13.833333333333334
2032,Agri05_Agroforestry,DE3,13.833333333333334
2032,Agri05_Agroforestry,DE4,13.833333333333334
2032,Agri05_Agroforestry,DE5,13.833333333333334
2032,Agri05_Agroforestry,DE6,13.833333333333334
2032,Agri05_Agroforestry,DE7,13.833333333333334
2032,Agri05_Agroforestry,DE8,13.833333333333334
2032,Agri05_Agroforestry,DE9,13.833333333333334
2032,Agri05_Agroforestry,DEA,13.833333333333334
2032,Agri05_Agroforestry,DEB,13.833333333333334
2032,Agri05_Agroforestry,DEC,13.833333333333334
2032,Agri05_Agroforestry,DEE,13.833333333333334
2032,Agri05_Agroforestry,DED,13.833333333333334
2032,Agri05_Agroforestry,DEF,13.833333333333334
2032,Agri05_Agroforestry,DEG,13.833333333333334
2032,Agri06_Biochar,DE1,0.87
2032,Agri06_Biochar,DE2,0.87
2032,Agri06_Biochar,DE3,0.87
2032,Agri06_Biochar,DE4,0.87
2032,Agri06_Biochar,DE5,0.87
2032,Agri06_Biochar,DE6,0.87
2032,Agri06_Biochar,DE7,0.87
2032,Agri06_Biochar,DE8,0.87
2032,Agri06_Biochar,DE9,0.87
2032,Agri06_Biochar,DEA,0.87
2032,Agri06_Biochar,DEB,0.87
2032,Agri06_Biochar,DEC,0.87
2032,Agri06_Biochar,DEE,0.87
2032,Agri06_Biochar,DED,0.87
2032,Agri06_Biochar,DEF,0.87
2032,Agri06_Biochar,DEG,0.87
2033,Agri01_AGC,DE1,1.2
2033,Agri01_AGC,DE2,1.2
2033,Agri01_AGC,DE3,1.2
2033,Agri01_AGC,DE4,1.2
2033,Agri01_AGC,DE5,1.2
2033,Agri01_AGC,DE6,1.2
2033,Agri01_AGC,DE7,1.2
2033,Agri01_AGC,DE8,1.2
2033,Agri01_AGC,DE9,1.2
2033,Agri01_AGC,DEA,1.2
2033,Agri01_AGC,DEB,1.2
2033,Agri01_AGC,DEC,1.2
2033,Agri01_AGC,DEE,1.2
2033,Agri01_AGC,DED,1.2
2033,Agri01_AGC,DEF,1.2
2033,Agri01_AGC,DEG,1.2
2033,Agri02_OFC,DE1,0.8
2033,Agri02_OFC,DE2,0.8
2033,Agri02_OFC,DE3,0.8
2033,Agri02_OFC,DE4,0.8
2033,Agri02_OFC,DE5,0.8
2033,Agri02_OFC,DE6,0.8
2033,Agri02_OFC,DE7,0.8
2033,Agri02_OFC,DE8,0.8
2033,Agri02_OFC,DE9,0.8
2033,Agri02_OFC,DEA,0.8
2033,Agri02_OFC,DEB,0.8
2033,Agri02_OFC,DEC,0.8
2033,Agri02_OFC,DEE,0.8
2033,Agri02_OFC,DED,0.8
2033,Agri02_OFC,DEF,0.8
2033,Agri02_OFC,DEG,0.8
2033,Agri03_No-till,DE1,2.1
2033,Agri03_No-till,DE2,2.1
2033,Agri03_No-till,DE3,2.1
2033,Agri03_No-till,DE4,2.1
2033,Agri03_No-till,DE5,2.1
2033,Agri03_No-till,DE6,2.1
2033,Agri03_No-till,DE7,2.1
2033,Agri03_No-till,DE8,2.1
2033,Agri03_No-till,DE9,2.1
2033,Agri03_No-till,DEA,2.1
2033,Agri03_No-till,DEB,2.1
2033,Agri03_No-till,DEC,2.1
2033,Agri03_No-till,DEE,2.1
2033,Agri03_No-till,DED,2.1
2033,Agri03_No-till,DEF,2.1
2033,Agri03_No-till,DEG,2.1
2033,Agri04_toGrassland,DE1,3.1
2033,Agri04_toGrassland,DE2,3.1
2033,Agri04_toGrassland,DE3,3.1
2033,Agri04_toGrassland,DE4,3.1
2033,Agri04_toGrassland,DE5,3.1
2033,Agri04_toGrassland,DE6,3.1
2033,Agri04_toGrassland,DE7,3.1
2033,Agri04_toGrassland,DE8,3.1
2033,Agri04_toGrassland,DE9,3.1
2033,Agri04_toGrassland,DEA,3.1
2033,Agri04_toGrassland,DEB,3.1
2033,Agri04_toGrassland,DEC,3.1
2033,Agri04_toGrassland,DEE,3.1
2033,Agri04_toGrassland,DED,3.1
2033,Agri04_toGrassland,DEF,3.1
2033,Agri04_toGrassland,DEG,3.1
2033,Agri05_Agroforestry,DE1,13.833333333333334
2033,Agri05_Agroforestry,DE2,13.833333333333334
2033,Agri05_Agroforestry,DE3,13.833333333333334
2033,Agri05_Agroforestry,DE4,13.833333333333334
2033,Agri05_Agroforestry,DE5,13.833333333333334
2033,Agri05_Agroforestry,DE6,13.833333333333334
2033,Agri05_Agroforestry,DE7,13.833333333333334
2033,Agri05_Agroforestry,DE8,13.833333333333334
2033,Agri05_Agroforestry,DE9,13.833333333333334
2033,Agri05_Agroforestry,DEA,13.833333333333334
2033,Agri05_Agroforestry,DEB,13.833333333333334
2033,Agri05_Agroforestry,DEC,13.833333333333334
2033,Agri05_Agroforestry,DEE,13.833333333333334
2033,Agri05_Agroforestry,DED,13.833333333333334
2033,Agri05_Agroforestry,DEF,13.833333333333334
2033,Agri05_Agroforestry,DEG,13.833333333333334
2033,Agri06_Biochar,DE1,0.87
2033,Agri06_Biochar,DE2,0.87
2033,Agri06_Biochar,DE3,0.87
2033,Agri06_Biochar,DE4,0.87
2033,Agri06_Biochar,DE5,0.87
2033,Agri06_Biochar,DE6,0.87
2033,Agri06_Biochar,DE7,0.87
2033,Agri06_Biochar,DE8,0.87
2033,Agri06_Biochar,DE9,0.87
2033,Agri06_Biochar,DEA,0.87
2033,Agri06_Biochar,DEB,0.87
2033,Agri06_Biochar,DEC,0.87
2033,Agri06_Biochar,DEE,0.87
2033,Agri06_Biochar,DED,0.87
2033,Agri06_Biochar,DEF,0.87
2033,Agri06_Biochar,DEG,0.87
2034,Agri01_AGC,DE1,1.2
2034,Agri01_AGC,DE2,1.2
2034,Agri01_AGC,DE3,1.2
2034,Agri01_AGC,DE4,1.2
2034,Agri01_AGC,DE5,1.2
2034,Agri01_AGC,DE6,1.2
2034,Agri01_AGC,DE7,1.2
2034,Agri01_AGC,DE8,1.2
2034,Agri01_AGC,DE9,1.2
2034,Agri01_AGC,DEA,1.2
2034,Agri01_AGC,DEB,1.2
2034,Agri01_AGC,DEC,1.2
2034,Agri01_AGC,DEE,1.2
2034,Agri01_AGC,DED,1.2
2034,Agri01_AGC,DEF,1.2
2034,Agri01_AGC,DEG,1.2
2034,Agri02_OFC,DE1,0.8
2034,Agri02_OFC,DE2,0.8
2034,Agri02_OFC,DE3,0.8
2034,Agri02_OFC,DE4,0.8
2034,Agri02_OFC,DE5,0.8
2034,Agri02_OFC,DE6,0.8
2034,Agri02_OFC,DE7,0.8
2034,Agri02_OFC,DE8,0.8
2034,Agri02_OFC,DE9,0.8
2034,Agri02_OFC,DEA,0.8
2034,Agri02_OFC,DEB,0.8
2034,Agri02_OFC,DEC,0.8
2034,Agri02_OFC,DEE,0.8
2034,Agri02_OFC,DED,0.8
2034,Agri02_OFC,DEF,0.8
2034,Agri02_OFC,DEG,0.8
2034,Agri03_No-till,DE1,2.1
2034,Agri03_No-till,DE2,2.1
2034,Agri03_No-till,DE3,2.1
2034,Agri03_No-till,DE4,2.1
2034,Agri03_No-till,DE5,2.1
2034,Agri03_No-till,DE6,2.1
2034,Agri03_No-till,DE7,2.1
2034,Agri03_No-till,DE8,2.1
2034,Agri03_No-till,DE9,2.1
2034,Agri03_No-till,DEA,2.1
2034,Agri03_No-till,DEB,2.1
2034,Agri03_No-till,DEC,2.1
2034,Agri03_No-till,DEE,2.1
2034,Agri03_No-till,DED,2.1
2034,Agri03_No-till,DEF,2.1
2034,Agri03_No-till,DEG,2.1
2034,Agri04_toGrassland,DE1,3.1
2034,Agri04_toGrassland,DE2,3.1
2034,Agri04_toGrassland,DE3,3.1
2034,Agri04_toGrassland,DE4,3.1
2034,Agri04_toGrassland,DE5,3.1
2034,Agri04_toGrassland,DE6,3.1
2034,Agri04_toGrassland,DE7,3.1
2034,Agri04_toGrassland,DE8,3.1
2034,Agri04_toGrassland,DE9,3.1
2034,Agri04_toGrassland,DEA,3.1
2034,Agri04_toGrassland,DEB,3.1
2034,Agri04_toGrassland,DEC,3.1
2034,Agri04_toGrassland,DEE,3.1
2034,Agri04_toGrassland,DED,3.1
2034,Agri04_toGrassland,DEF,3.1
2034,Agri04_toGrassland,DEG,3.1
2034,Agri05_Agroforestry,DE1,13.833333333333334
2034,Agri05_Agroforestry,DE2,13.833333333333334
2034,Agri05_Agroforestry,DE3,13.833333333333334
2034,Agri05_Agroforestry,DE4,13.833333333333334
2034,Agri05_Agroforestry,DE5,13.833333333333334
2034,Agri05_Agroforestry,DE6,13.833333333333334
2034,Agri05_Agroforestry,DE7,13.833333333333334
2034,Agri05_Agroforestry,DE8,13.833333333333334
2034,Agri05_Agroforestry,DE9,13.833333333333334
2034,Agri05_Agroforestry,DEA,13.833333333333334
2034,Agri05_Agroforestry,DEB,13.833333333333334
2034,Agri05_Agroforestry,DEC,13.833333333333334
2034,Agri05_Agroforestry,DEE,13.833333333333334
2034,Agri05_Agroforestry,DED,13.833333333333334
2034,Agri05_Agroforestry,DEF,13.833333333333334
2034,Agri05_Agroforestry,DEG,13.833333333333334
2034,Agri06_Biochar,DE1,0.87
2034,Agri06_Biochar,DE2,0.87
2034,Agri06_Biochar,DE3,0.87
2034,Agri06_Biochar,DE4,0.87
2034,Agri06_Biochar,DE5,0.87
2034,Agri06_Biochar,DE6,0.87
2034,Agri06_Biochar,DE7,0.87
2034,Agri06_Biochar,DE8,0.87
2034,Agri06_Biochar,DE9,0.87
2034,Agri06_Biochar,DEA,0.87
2034,Agri06_Biochar,DEB,0.87
2034,Agri06_Biochar,DEC,0.87
2034,Agri06_Biochar,DEE,0.87
2034,Agri06_Biochar,DED,0.87
2034,Agri06_Biochar,DEF,0.87
2034,Agri06_Biochar,DEG,0.87
2035,Agri01_AGC,DE1,1.2
2035,Agri01_AGC,DE2,1.2
2035,Agri01_AGC,DE3,1.2
2035,Agri01_AGC,DE4,1.2
2035,Agri01_AGC,DE5,1.2
2035,Agri01_AGC,DE6,1.2
2035,Agri01_AGC,DE7,1.2
2035,Agri01_AGC,DE8,1.2
2035,Agri01_AGC,DE9,1.2
2035,Agri01_AGC,DEA,1.2
2035,Agri01_AGC,DEB,1.2
2035,Agri01_AGC,DEC,1.2
2035,Agri01_AGC,DEE,1.2
2035,Agri01_AGC,DED,1.2
2035,Agri01_AGC,DEF,1.2
2035,Agri01_AGC,DEG,1.2
2035,Agri02_OFC,DE1,0.8
2035,Agri02_OFC,DE2,0.8
2035,Agri02_OFC,DE3,0.8
2035,Agri02_OFC,DE4,0.8
2035,Agri02_OFC,DE5,0.8
2035,Agri02_OFC,DE6,0.8
2035,Agri02_OFC,DE7,0.8
2035,Agri02_OFC,DE8,0.8
2035,Agri02_OFC,DE9,0.8
2035,Agri02_OFC,DEA,0.8
2035,Agri02_OFC,DEB,0.8
2035,Agri02_OFC,DEC,0.8
2035,Agri02_OFC,DEE,0.8
2035,Agri02_OFC,DED,0.8
2035,Agri02_OFC,DEF,0.8
2035,Agri02_OFC,DEG,0.8
2035,Agri03_No-till,DE1,2.1
2035,Agri03_No-till,DE2,2.1
2035,Agri03_No-till,DE3,2.1
2035,Agri03_No-till,DE4,2.1
2035,Agri03_No-till,DE5,2.1
2035,Agri03_No-till,DE6,2.1
2035,Agri03_No-till,DE7,2.1
2035,Agri03_No-till,DE8,2.1
2035,Agri03_No-till,DE9,2.1
2035,Agri03_No-till,DEA,2.1
2035,Agri03_No-till,DEB,2.1
2035,Agri03_No-till,DEC,2.1
2035,Agri03_No-till,DEE,2.1
2035,Agri03_No-till,DED,2.1
2035,Agri03_No-till,DEF,2.1
2035,Agri03_No-till,DEG,2.1
2035,Agri04_toGrassland,DE1,3.1
2035,Agri04_toGrassland,DE2,3.1
2035,Agri04_toGrassland,DE3,3.1
2035,Agri04_toGrassland,DE4,3.1
2035,Agri04_toGrassland,DE5,3.1
2035,Agri04_toGrassland,DE6,3.1
2035,Agri04_toGrassland,DE7,3.1
2035,Agri04_toGrassland,DE8,3.1
2035,Agri04_toGrassland,DE9,3.1
2035,Agri04_toGrassland,DEA,3.1
2035,Agri04_toGrassland,DEB,3.1
2035,Agri04_toGrassland,DEC,3.1
2035,Agri04_toGrassland,DEE,3.1
2035,Agri04_toGrassland,DED,3.1
2035,Agri04_toGrassland,DEF,3.1
2035,Agri04_toGrassland,DEG,3.1
2035,Agri05_Agroforestry,DE1,13.833333333333334
2035,Agri05_Agroforestry,DE2,13.833333333333334
2035,Agri05_Agroforestry,DE3,13.833333333333334
2035,Agri05_Agroforestry,DE4,13.833333333333334
2035,Agri05_Agroforestry,DE5,13.833333333333334
2035,Agri05_Agroforestry,DE6,13.833333333333334
2035,Agri05_Agroforestry,DE7,13.833333333333334
2035,Agri05_Agroforestry,DE8,13.833333333333334
2035,Agri05_Agroforestry,DE9,13.833333333333334
2035,Agri05_Agroforestry,DEA,13.833333333333334
2035,Agri05_Agroforestry,DEB,13.833333333333334
2035,Agri05_Agroforestry,DEC,13.833333333333334
2035,Agri05_Agroforestry,DEE,13.833333333333334
2035,Agri05_Agroforestry,DED,13.833333333333334
2035,Agri05_Agroforestry,DEF,13.833333333333334
2035,Agri05_Agroforestry,DEG,13.833333333333334
2035,Agri06_Biochar,DE1,0.87
2035,Agri06_Biochar,DE2,0.87
2035,Agri06_Biochar,DE3,0.87
2035,Agri06_Biochar,DE4,0.87
2035,Agri06_Biochar,DE5,0.87
2035,Agri06_Biochar,DE6,0.87
2035,Agri06_Biochar,DE7,0.87
2035,Agri06_Biochar,DE8,0.87
2035,Agri06_Biochar,DE9,0.87
2035,Agri06_Biochar,DEA,0.87
2035,Agri06_Biochar,DEB,0.87
2035,Agri06_Biochar,DEC,0.87
2035,Agri06_Biochar,DEE,0.87
2035,Agri06_Biochar,DED,0.87
2035,Agri06_Biochar,DEF,0.87
2035,Agri06_Biochar,DEG,0.87
2036,Agri01_AGC,DE1,1.2
2036,Agri01_AGC,DE2,1.2
2036,Agri01_AGC,DE3,1.2
2036,Agri01_AGC,DE4,1.2
2036,Agri01_AGC,DE5,1.2
2036,Agri01_AGC,DE6,1.2
2036,Agri01_AGC,DE7,1.2
2036,Agri01_AGC,DE8,1.2
2036,Agri01_AGC,DE9,1.2
2036,Agri01_AGC,DEA,1.2
2036,Agri01_AGC,DEB,1.2
2036,Agri01_AGC,DEC,1.2
2036,Agri01_AGC,DEE,1.2
2036,Agri01_AGC,DED,1.2
2036,Agri01_AGC,DEF,1.2
2036,Agri01_AGC,DEG,1.2
2036,Agri02_OFC,DE1,0.8
2036,Agri02_OFC,DE2,0.8
2036,Agri02_OFC,DE3,0.8
2036,Agri02_OFC,DE4,0.8
2036,Agri02_OFC,DE5,0.8
2036,Agri02_OFC,DE6,0.8
2036,Agri02_OFC,DE7,0.8
2036,Agri02_OFC,DE8,0.8
2036,Agri02_OFC,DE9,0.8
2036,Agri02_OFC,DEA,0.8
2036,Agri02_OFC,DEB,0.8
2036,Agri02_OFC,DEC,0.8
2036,Agri02_OFC,DEE,0.8
2036,Agri02_OFC,DED,0.8
2036,Agri02_OFC,DEF,0.8
2036,Agri02_OFC,DEG,0.8
2036,Agri03_No-till,DE1,2.1
2036,Agri03_No-till,DE2,2.1
2036,Agri03_No-till,DE3,2.1
2036,Agri03_No-till,DE4,2.1
2036,Agri03_No-till,DE5,2.1
2036,Agri03_No-till,DE6,2.1
2036,Agri03_No-till,DE7,2.1
2036,Agri03_No-till,DE8,2.1
2036,Agri03_No-till,DE9,2.1
2036,Agri03_No-till,DEA,2.1
2036,Agri03_No-till,DEB,2.1
2036,Agri03_No-till,DEC,2.1
2036,Agri03_No-till,DEE,2.1
2036,Agri03_No-till,DED,2.1
2036,Agri03_No-till,DEF,2.1
2036,Agri03_No-till,DEG,2.1
2036,Agri04_toGrassland,DE1,3.1
2036,Agri04_toGrassland,DE2,3.1
2036,Agri04_toGrassland,DE3,3.1
2036,Agri04_toGrassland,DE4,3.1
2036,Agri04_toGrassland,DE5,3.1
2036,Agri04_toGrassland,DE6,3.1
2036,Agri04_toGrassland,DE7,3.1
2036,Agri04_toGrassland,DE8,3.1
2036,Agri04_toGrassland,DE9,3.1
2036,Agri04_toGrassland,DEA,3.1
2036,Agri04_toGrassland,DEB,3.1
2036,Agri04_toGrassland,DEC,3.1
2036,Agri04_toGrassland,DEE,3.1
2036,Agri04_toGrassland,DED,3.1
2036,Agri04_toGrassland,DEF,3.1
2036,Agri04_toGrassland,DEG,3.1
2036,Agri05_Agroforestry,DE1,13.833333333333334
2036,Agri05_Agroforestry,DE2,13.833333333333334
2036,Agri05_Agroforestry,DE3,13.833333333333334
2036,Agri05_Agroforestry,DE4,13.833333333333334
2036,Agri05_Agroforestry,DE5,13.833333333333334
2036,Agri05_Agroforestry,DE6,13.833333333333334
2036,Agri05_Agroforestry,DE7,13.833333333333334
2036,Agri05_Agroforestry,DE8,13.833333333333334
2036,Agri05_Agroforestry,DE9,13.833333333333334
2036,Agri05_Agroforestry,DEA,13.833333333333334
2036,Agri05_Agroforestry,DEB,13.833333333333334
2036,Agri05_Agroforestry,DEC,13.833333333333334
2036,Agri05_Agroforestry,DEE,13.833333333333334
2036,Agri05_Agroforestry,DED,13.833333333333334
2036,Agri05_Agroforestry,DEF,13.833333333333334
2036,Agri05_Agroforestry,DEG,13.833333333333334
2036,Agri06_Biochar,DE1,0.87
2036,Agri06_Biochar,DE2,0.87
2036,Agri06_Biochar,DE3,0.87
2036,Agri06_Biochar,DE4,0.87
2036,Agri06_Biochar,DE5,0.87
2036,Agri06_Biochar,DE6,0.87
2036,Agri06_Biochar,DE7,0.87
2036,Agri06_Biochar,DE8,0.87
2036,Agri06_Biochar,DE9,0.87
2036,Agri06_Biochar,DEA,0.87
2036,Agri06_Biochar,DEB,0.87
2036,Agri06_Biochar,DEC,0.87
2036,Agri06_Biochar,DEE,0.87
2036,Agri06_Biochar,DED,0.87
2036,Agri06_Biochar,DEF,0.87
2036,Agri06_Biochar,DEG,0.87
2037,Agri01_AGC,DE1,1.2
2037,Agri01_AGC,DE2,1.2
2037,Agri01_AGC,DE3,1.2
2037,Agri01_AGC,DE4,1.2
2037,Agri01_AGC,DE5,1.2
2037,Agri01_AGC,DE6,1.2
2037,Agri01_AGC,DE7,1.2
2037,Agri01_AGC,DE8,1.2
2037,Agri01_AGC,DE9,1.2
2037,Agri01_AGC,DEA,1.2
2037,Agri01_AGC,DEB,1.2
2037,Agri01_AGC,DEC,1.2
2037,Agri01_AGC,DEE,1.2
2037,Agri01_AGC,DED,1.2
2037,Agri01_AGC,DEF,1.2
2037,Agri01_AGC,DEG,1.2
2037,Agri02_OFC,DE1,0.8
2037,Agri02_OFC,DE2,0.8
2037,Agri02_OFC,DE3,0.8
2037,Agri02_OFC,DE4,0.8
2037,Agri02_OFC,DE5,0.8
2037,Agri02_OFC,DE6,0.8
2037,Agri02_OFC,DE7,0.8
2037,Agri02_OFC,DE8,0.8
2037,Agri02_OFC,DE9,0.8
2037,Agri02_OFC,DEA,0.8
2037,Agri02_OFC,DEB,0.8
2037,Agri02_OFC,DEC,0.8
2037,Agri02_OFC,DEE,0.8
2037,Agri02_OFC,DED,0.8
2037,Agri02_OFC,DEF,0.8
2037,Agri02_OFC,DEG,0.8
2037,Agri03_No-till,DE1,2.1
2037,Agri03_No-till,DE2,2.1
2037,Agri03_No-till,DE3,2.1
2037,Agri03_No-till,DE4,2.1
2037,Agri03_No-till,DE5,2.1
2037,Agri03_No-till,DE6,2.1
2037,Agri03_No-till,DE7,2.1
2037,Agri03_No-till,DE8,2.1
2037,Agri03_No-till,DE9,2.1
2037,Agri03_No-till,DEA,2.1
2037,Agri03_No-till,DEB,2.1
2037,Agri03_No-till,DEC,2.1
2037,Agri03_No-till,DEE,2.1
2037,Agri03_No-till,DED,2.1
2037,Agri03_No-till,DEF,2.1
2037,Agri03_No-till,DEG,2.1
2037,Agri04_toGrassland,DE1,3.1
2037,Agri04_toGrassland,DE2,3.1
2037,Agri04_toGrassland,DE3,3.1
2037,Agri04_toGrassland,DE4,3.1
2037,Agri04_toGrassland,DE5,3.1
2037,Agri04_toGrassland,DE6,3.1
2037,Agri04_toGrassland,DE7,3.1
2037,Agri04_toGrassland,DE8,3.1
2037,Agri04_toGrassland,DE9,3.1
2037,Agri04_toGrassland,DEA,3.1
2037,Agri04_toGrassland,DEB,3.1
2037,Agri04_toGrassland,DEC,3.1
2037,Agri04_toGrassland,DEE,3.1
2037,Agri04_toGrassland,DED,3.1
2037,Agri04_toGrassland,DEF,3.1
2037,Agri04_toGrassland,DEG,3.1
2037,Agri05_Agroforestry,DE1,13.833333333333334
2037,Agri05_Agroforestry,DE2,13.833333333333334
2037,Agri05_Agroforestry,DE3,13.833333333333334
2037,Agri05_Agroforestry,DE4,13.833333333333334
2037,Agri05_Agroforestry,DE5,13.833333333333334
2037,Agri05_Agroforestry,DE6,13.833333333333334
2037,Agri05_Agroforestry,DE7,13.833333333333334
2037,Agri05_Agroforestry,DE8,13.833333333333334
2037,Agri05_Agroforestry,DE9,13.833333333333334
2037,Agri05_Agroforestry,DEA,13.833333333333334
2037,Agri05_Agroforestry,DEB,13.833333333333334
2037,Agri05_Agroforestry,DEC,13.833333333333334
2037,Agri05_Agroforestry,DEE,13.833333333333334
2037,Agri05_Agroforestry,DED,13.833333333333334
2037,Agri05_Agroforestry,DEF,13.833333333333334
2037,Agri05_Agroforestry,DEG,13.833333333333334
2037,Agri06_Biochar,DE1,0.87
2037,Agri06_Biochar,DE2,0.87
2037,Agri06_Biochar,DE3,0.87
2037,Agri06_Biochar,DE4,0.87
2037,Agri06_Biochar,DE5,0.87
2037,Agri06_Biochar,DE6,0.87
2037,Agri06_Biochar,DE7,0.87
2037,Agri06_Biochar,DE8,0.87
2037,Agri06_Biochar,DE9,0.87
2037,Agri06_Biochar,DEA,0.87
2037,Agri06_Biochar,DEB,0.87
2037,Agri06_Biochar,DEC,0.87
2037,Agri06_Biochar,DEE,0.87
2037,Agri06_Biochar,DED,0.87
2037,Agri06_Biochar,DEF,0.87
2037,Agri06_Biochar,DEG,0.87
2038,Agri01_AGC,DE1,1.2
2038,Agri01_AGC,DE2,1.2
2038,Agri01_AGC,DE3,1.2
2038,Agri01_AGC,DE4,1.2
2038,Agri01_AGC,DE5,1.2
2038,Agri01_AGC,DE6,1.2
2038,Agri01_AGC,DE7,1.2
2038,Agri01_AGC,DE8,1.2
2038,Agri01_AGC,DE9,1.2
2038,Agri01_AGC,DEA,1.2
2038,Agri01_AGC,DEB,1.2
2038,Agri01_AGC,DEC,1.2
2038,Agri01_AGC,DEE,1.2
2038,Agri01_AGC,DED,1.2
2038,Agri01_AGC,DEF,1.2
2038,Agri01_AGC,DEG,1.2
2038,Agri02_OFC,DE1,0.8
2038,Agri02_OFC,DE2,0.8
2038,Agri02_OFC,DE3,0.8
2038,Agri02_OFC,DE4,0.8
2038,Agri02_OFC,DE5,0.8
2038,Agri02_OFC,DE6,0.8
2038,Agri02_OFC,DE7,0.8
2038,Agri02_OFC,DE8,0.8
2038,Agri02_OFC,DE9,0.8
2038,Agri02_OFC,DEA,0.8
2038,Agri02_OFC,DEB,0.8
2038,Agri02_OFC,DEC,0.8
2038,Agri02_OFC,DEE,0.8
2038,Agri02_OFC,DED,0.8
2038,Agri02_OFC,DEF,0.8
2038,Agri02_OFC,DEG,0.8
2038,Agri03_No-till,DE1,2.1
2038,Agri03_No-till,DE2,2.1
2038,Agri03_No-till,DE3,2.1
2038,Agri03_No-till,DE4,2.1
2038,Agri03_No-till,DE5,2.1
2038,Agri03_No-till,DE6,2.1
2038,Agri03_No-till,DE7,2.1
2038,Agri03_No-till,DE8,2.1
2038,Agri03_No-till,DE9,2.1
2038,Agri03_No-till,DEA,2.1
2038,Agri03_No-till,DEB,2.1
2038,Agri03_No-till,DEC,2.1
2038,Agri03_No-till,DEE,2.1
2038,Agri03_No-till,DED,2.1
2038,Agri03_No-till,DEF,2.1
2038,Agri03_No-till,DEG,2.1
2038,Agri04_toGrassland,DE1,3.1
2038,Agri04_toGrassland,DE2,3.1
2038,Agri04_toGrassland,DE3,3.1
2038,Agri04_toGrassland,DE4,3.1
2038,Agri04_toGrassland,DE5,3.1
2038,Agri04_toGrassland,DE6,3.1
2038,Agri04_toGrassland,DE7,3.1
2038,Agri04_toGrassland,DE8,3.1
2038,Agri04_toGrassland,DE9,3.1
2038,Agri04_toGrassland,DEA,3.1
2038,Agri04_toGrassland,DEB,3.1
2038,Agri04_toGrassland,DEC,3.1
2038,Agri04_toGrassland,DEE,3.1
2038,Agri04_toGrassland,DED,3.1
2038,Agri04_toGrassland,DEF,3.1
2038,Agri04_toGrassland,DEG,3.1
2038,Agri05_Agroforestry,DE1,13.833333333333334
2038,Agri05_Agroforestry,DE2,13.833333333333334
2038,Agri05_Agroforestry,DE3,13.833333333333334
2038,Agri05_Agroforestry,DE4,13.833333333333334
2038,Agri05_Agroforestry,DE5,13.833333333333334
2038,Agri05_Agroforestry,DE6,13.833333333333334
2038,Agri05_Agroforestry,DE7,13.833333333333334
2038,Agri05_Agroforestry,DE8,13.833333333333334
2038,Agri05_Agroforestry,DE9,13.833333333333334
2038,Agri05_Agroforestry,DEA,13.833333333333334
2038,Agri05_Agroforestry,DEB,13.833333333333334
2038,Agri05_Agroforestry,DEC,13.833333333333334
2038,Agri05_Agroforestry,DEE,13.833333333333334
2038,Agri05_Agroforestry,DED,13.833333333333334
2038,Agri05_Agroforestry,DEF,13.833333333333334
2038,Agri05_Agroforestry,DEG,13.833333333333334
2038,Agri06_Biochar,DE1,0.87
2038,Agri06_Biochar,DE2,0.87
2038,Agri06_Biochar,DE3,0.87
2038,Agri06_Biochar,DE4,0.87
2038,Agri06_Biochar,DE5,0.87
2038,Agri06_Biochar,DE6,0.87
2038,Agri06_Biochar,DE7,0.87
2038,Agri06_Biochar,DE8,0.87
2038,Agri06_Biochar,DE9,0.87
2038,Agri06_Biochar,DEA,0.87
2038,Agri06_Biochar,DEB,0.87
2038,Agri06_Biochar,DEC,0.87
2038,Agri06_Biochar,DEE,0.87
2038,Agri06_Biochar,DED,0.87
2038,Agri06_Biochar,DEF,0.87
2038,Agri06_Biochar,DEG,0.87
2039,Agri01_AGC,DE1,1.2
2039,Agri01_AGC,DE2,1.2
2039,Agri01_AGC,DE3,1.2
2039,Agri01_AGC,DE4,1.2
2039,Agri01_AGC,DE5,1.2
2039,Agri01_AGC,DE6,1.2
2039,Agri01_AGC,DE7,1.2
2039,Agri01_AGC,DE8,1.2
2039,Agri01_AGC,DE9,1.2
2039,Agri01_AGC,DEA,1.2
2039,Agri01_AGC,DEB,1.2
2039,Agri01_AGC,DEC,1.2
2039,Agri01_AGC,DEE,1.2
2039,Agri01_AGC,DED,1.2
2039,Agri01_AGC,DEF,1.2
2039,Agri01_AGC,DEG,1.2
2039,Agri02_OFC,DE1,0.8
2039,Agri02_OFC,DE2,0.8
2039,Agri02_OFC,DE3,0.8
2039,Agri02_OFC,DE4,0.8
2039,Agri02_OFC,DE5,0.8
2039,Agri02_OFC,DE6,0.8
2039,Agri02_OFC,DE7,0.8
2039,Agri02_OFC,DE8,0.8
2039,Agri02_OFC,DE9,0.8
2039,Agri02_OFC,DEA,0.8
2039,Agri02_OFC,DEB,0.8
2039,Agri02_OFC,DEC,0.8
2039,Agri02_OFC,DEE,0.8
2039,Agri02_OFC,DED,0.8
2039,Agri02_OFC,DEF,0.8
2039,Agri02_OFC,DEG,0.8
2039,Agri03_No-till,DE1,2.1
2039,Agri03_No-till,DE2,2.1
2039,Agri03_No-till,DE3,2.1
2039,Agri03_No-till,DE4,2.1
2039,Agri03_No-till,DE5,2.1
2039,Agri03_No-till,DE6,2.1
2039,Agri03_No-till,DE7,2.1
2039,Agri03_No-till,DE8,2.1
2039,Agri03_No-till,DE9,2.1
2039,Agri03_No-till,DEA,2.1
2039,Agri03_No-till,DEB,2.1
2039,Agri03_No-till,DEC,2.1
2039,Agri03_No-till,DEE,2.1
2039,Agri03_No-till,DED,2.1
2039,Agri03_No-till,DEF,2.1
2039,Agri03_No-till,DEG,2.1
2039,Agri04_toGrassland,DE1,3.1
2039,Agri04_toGrassland,DE2,3.1
2039,Agri04_toGrassland,DE3,3.1
2039,Agri04_toGrassland,DE4,3.1
2039,Agri04_toGrassland,DE5,3.1
2039,Agri04_toGrassland,DE6,3.1
2039,Agri04_toGrassland,DE7,3.1
2039,Agri04_toGrassland,DE8,3.1
2039,Agri04_toGrassland,DE9,3.1
2039,Agri04_toGrassland,DEA,3.1
2039,Agri04_toGrassland,DEB,3.1
2039,Agri04_toGrassland,DEC,3.1
2039,Agri04_toGrassland,DEE,3.1
2039,Agri04_toGrassland,DED,3.1
2039,Agri04_toGrassland,DEF,3.1
2039,Agri04_toGrassland,DEG,3.1
2039,Agri05_Agroforestry,DE1,13.833333333333334
2039,Agri05_Agroforestry,DE2,13.833333333333334
2039,Agri05_Agroforestry,DE3,13.833333333333334
2039,Agri05_Agroforestry,DE4,13.833333333333334
2039,Agri05_Agroforestry,DE5,13.833333333333334
2039,Agri05_Agroforestry,DE6,13.833333333333334
2039,Agri05_Agroforestry,DE7,13.833333333333334
2039,Agri05_Agroforestry,DE8,13.833333333333334
2039,Agri05_Agroforestry,DE9,13.833333333333334
2039,Agri05_Agroforestry,DEA,13.833333333333334
2039,Agri05_Agroforestry,DEB,13.833333333333334
2039,Agri05_Agroforestry,DEC,13.833333333333334
2039,Agri05_Agroforestry,DEE,13.833333333333334
2039,Agri05_Agroforestry,DED,13.833333333333334
2039,Agri05_Agroforestry,DEF,13.833333333333334
2039,Agri05_Agroforestry,DEG,13.833333333333334
2039,Agri06_Biochar,DE1,0.87
2039,Agri06_Biochar,DE2,0.87
2039,Agri06_Biochar,DE3,0.87
2039,Agri06_Biochar,DE4,0.87
2039,Agri06_Biochar,DE5,0.87
2039,Agri06_Biochar,DE6,0.87
2039,Agri06_Biochar,DE7,0.87
2039,Agri06_Biochar,DE8,0.87
2039,Agri06_Biochar,DE9,0.87
2039,Agri06_Biochar,DEA,0.87
2039,Agri06_Biochar,DEB,0.87
2039,Agri06_Biochar,DEC,0.87
2039,Agri06_Biochar,DEE,0.87
2039,Agri06_Biochar,DED,0.87
2039,Agri06_Biochar,DEF,0.87
2039,Agri06_Biochar,DEG,0.87
2040,Agri01_AGC,DE1,1.2
2040,Agri01_AGC,DE2,1.2
2040,Agri01_AGC,DE3,1.2
2040,Agri01_AGC,DE4,1.2
2040,Agri01_AGC,DE5,1.2
2040,Agri01_AGC,DE6,1.2
2040,Agri01_AGC,DE7,1.2
2040,Agri01_AGC,DE8,1.2
2040,Agri01_AGC,DE9,1.2
2040,Agri01_AGC,DEA,1.2
2040,Agri01_AGC,DEB,1.2
2040,Agri01_AGC,DEC,1.2
2040,Agri01_AGC,DEE,1.2
2040,Agri01_AGC,DED,1.2
2040,Agri01_AGC,DEF,1.2
2040,Agri01_AGC,DEG,1.2
2040,Agri02_OFC,DE1,0.8
2040,Agri02_OFC,DE2,0.8
2040,Agri02_OFC,DE3,0.8
2040,Agri02_OFC,DE4,0.8
2040,Agri02_OFC,DE5,0.8
2040,Agri02_OFC,DE6,0.8
2040,Agri02_OFC,DE7,0.8
2040,Agri02_OFC,DE8,0.8
2040,Agri02_OFC,DE9,0.8
2040,Agri02_OFC,DEA,0.8
2040,Agri02_OFC,DEB,0.8
2040,Agri02_OFC,DEC,0.8
2040,Agri02_OFC,DEE,0.8
2040,Agri02_OFC,DED,0.8
2040,Agri02_OFC,DEF,0.8
2040,Agri02_OFC,DEG,0.8
2040,Agri03_No-till,DE1,2.1
2040,Agri03_No-till,DE2,2.1
2040,Agri03_No-till,DE3,2.1
2040,Agri03_No-till,DE4,2.1
2040,Agri03_No-till,DE5,2.1
2040,Agri03_No-till,DE6,2.1
2040,Agri03_No-till,DE7,2.1
2040,Agri03_No-till,DE8,2.1
2040,Agri03_No-till,DE9,2.1
2040,Agri03_No-till,DEA,2.1
2040,Agri03_No-till,DEB,2.1
2040,Agri03_No-till,DEC,2.1
2040,Agri03_No-till,DEE,2.1
2040,Agri03_No-till,DED,2.1
2040,Agri03_No-till,DEF,2.1
2040,Agri03_No-till,DEG,2.1
2040,Agri04_toGrassland,DE1,3.1
2040,Agri04_toGrassland,DE2,3.1
2040,Agri04_toGrassland,DE3,3.1
2040,Agri04_toGrassland,DE4,3.1
2040,Agri04_toGrassland,DE5,3.1
2040,Agri04_toGrassland,DE6,3.1
2040,Agri04_toGrassland,DE7,3.1
2040,Agri04_toGrassland,DE8,3.1
2040,Agri04_toGrassland,DE9,3.1
2040,Agri04_toGrassland,DEA,3.1
2040,Agri04_toGrassland,DEB,3.1
2040,Agri04_toGrassland,DEC,3.1
2040,Agri04_toGrassland,DEE,3.1
2040,Agri04_toGrassland,DED,3.1
2040,Agri04_toGrassland,DEF,3.1
2040,Agri04_toGrassland,DEG,3.1
2040,Agri05_Agroforestry,DE1,13.833333333333334
2040,Agri05_Agroforestry,DE2,13.833333333333334
2040,Agri05_Agroforestry,DE3,13.833333333333334
2040,Agri05_Agroforestry,DE4,13.833333333333334
2040,Agri05_Agroforestry,DE5,13.833333333333334
2040,Agri05_Agroforestry,DE6,13.833333333333334
2040,Agri05_Agroforestry,DE7,13.833333333333334
2040,Agri05_Agroforestry,DE8,13.833333333333334
2040,Agri05_Agroforestry,DE9,13.833333333333334
2040,Agri05_Agroforestry,DEA,13.833333333333334
2040,Agri05_Agroforestry,DEB,13.833333333333334
2040,Agri05_Agroforestry,DEC,13.833333333333334
2040,Agri05_Agroforestry,DEE,13.833333333333334
2040,Agri05_Agroforestry,DED,13.833333333333334
2040,Agri05_Agroforestry,DEF,13.833333333333334
2040,Agri05_Agroforestry,DEG,13.833333333333334
2040,Agri06_Biochar,DE1,0.87
2040,Agri06_Biochar,DE2,0.87
2040,Agri06_Biochar,DE3,0.87
2040,Agri06_Biochar,DE4,0.87
2040,Agri06_Biochar,DE5,0.87
2040,Agri06_Biochar,DE6,0.87
2040,Agri06_Biochar,DE7,0.87
2040,Agri06_Biochar,DE8,0.87
2040,Agri06_Biochar,DE9,0.87
2040,Agri06_Biochar,DEA,0.87
2040,Agri06_Biochar,DEB,0.87
2040,Agri06_Biochar,DEC,0.87
2040,Agri06_Biochar,DEE,0.87
2040,Agri06_Biochar,DED,0.87
2040,Agri06_Biochar,DEF,0.87
2040,Agri06_Biochar,DEG,0.87
2041,Agri01_AGC,DE1,1.2
2041,Agri01_AGC,DE2,1.2
2041,Agri01_AGC,DE3,1.2
2041,Agri01_AGC,DE4,1.2
2041,Agri01_AGC,DE5,1.2
2041,Agri01_AGC,DE6,1.2
2041,Agri01_AGC,DE7,1.2
2041,Agri01_AGC,DE8,1.2
2041,Agri01_AGC,DE9,1.2
2041,Agri01_AGC,DEA,1.2
2041,Agri01_AGC,DEB,1.2
2041,Agri01_AGC,DEC,1.2
2041,Agri01_AGC,DEE,1.2
2041,Agri01_AGC,DED,1.2
2041,Agri01_AGC,DEF,1.2
2041,Agri01_AGC,DEG,1.2
2041,Agri02_OFC,DE1,0.8
2041,Agri02_OFC,DE2,0.8
2041,Agri02_OFC,DE3,0.8
2041,Agri02_OFC,DE4,0.8
2041,Agri02_OFC,DE5,0.8
2041,Agri02_OFC,DE6,0.8
2041,Agri02_OFC,DE7,0.8
2041,Agri02_OFC,DE8,0.8
2041,Agri02_OFC,DE9,0.8
2041,Agri02_OFC,DEA,0.8
2041,Agri02_OFC,DEB,0.8
2041,Agri02_OFC,DEC,0.8
2041,Agri02_OFC,DEE,0.8
2041,Agri02_OFC,DED,0.8
2041,Agri02_OFC,DEF,0.8
2041,Agri02_OFC,DEG,0.8
2041,Agri03_No-till,DE1,2.1
2041,Agri03_No-till,DE2,2.1
2041,Agri03_No-till,DE3,2.1
2041,Agri03_No-till,DE4,2.1
2041,Agri03_No-till,DE5,2.1
2041,Agri03_No-till,DE6,2.1
2041,Agri03_No-till,DE7,2.1
2041,Agri03_No-till,DE8,2.1
2041,Agri03_No-till,DE9,2.1
2041,Agri03_No-till,DEA,2.1
2041,Agri03_No-till,DEB,2.1
2041,Agri03_No-till,DEC,2.1
2041,Agri03_No-till,DEE,2.1
2041,Agri03_No-till,DED,2.1
2041,Agri03_No-till,DEF,2.1
2041,Agri03_No-till,DEG,2.1
2041,Agri04_toGrassland,DE1,3.1
2041,Agri04_toGrassland,DE2,3.1
2041,Agri04_toGrassland,DE3,3.1
2041,Agri04_toGrassland,DE4,3.1
2041,Agri04_toGrassland,DE5,3.1
2041,Agri04_toGrassland,DE6,3.1
2041,Agri04_toGrassland,DE7,3.1
2041,Agri04_toGrassland,DE8,3.1
2041,Agri04_toGrassland,DE9,3.1
2041,Agri04_toGrassland,DEA,3.1
2041,Agri04_toGrassland,DEB,3.1
2041,Agri04_toGrassland,DEC,3.1
2041,Agri04_toGrassland,DEE,3.1
2041,Agri04_toGrassland,DED,3.1
2041,Agri04_toGrassland,DEF,3.1
2041,Agri04_toGrassland,DEG,3.1
2041,Agri05_Agroforestry,DE1,13.833333333333334
2041,Agri05_Agroforestry,DE2,13.833333333333334
2041,Agri05_Agroforestry,DE3,13.833333333333334
2041,Agri05_Agroforestry,DE4,13.833333333333334
2041,Agri05_Agroforestry,DE5,13.833333333333334
2041,Agri05_Agroforestry,DE6,13.833333333333334
2041,Agri05_Agroforestry,DE7,13.833333333333334
2041,Agri05_Agroforestry,DE8,13.833333333333334
2041,Agri05_Agroforestry,DE9,13.833333333333334
2041,Agri05_Agroforestry,DEA,13.833333333333334
2041,Agri05_Agroforestry,DEB,13.833333333333334
2041,Agri05_Agroforestry,DEC,13.833333333333334
2041,Agri05_Agroforestry,DEE,13.833333333333334
2041,Agri05_Agroforestry,DED,13.833333333333334
2041,Agri05_Agroforestry,DEF,13.833333333333334
2041,Agri05_Agroforestry,DEG,13.833333333333334
2041,Agri06_Biochar,DE1,0.87
2041,Agri06_Biochar,DE2,0.87
2041,Agri06_Biochar,DE3,0.87
2041,Agri06_Biochar,DE4,0.87
2041,Agri06_Biochar,DE5,0.87
2041,Agri06_Biochar,DE6,0.87
2041,Agri06_Biochar,DE7,0.87
2041,Agri06_Biochar,DE8,0.87
2041,Agri06_Biochar,DE9,0.87
2041,Agri06_Biochar,DEA,0.87
2041,Agri06_Biochar,DEB,0.87
2041,Agri06_Biochar,DEC,0.87
2041,Agri06_Biochar,DEE,0.87
2041,Agri06_Biochar,DED,0.87
2041,Agri06_Biochar,DEF,0.87
2041,Agri06_Biochar,DEG,0.87
2042,Agri01_AGC,DE1,1.2
2042,Agri01_AGC,DE2,1.2
2042,Agri01_AGC,DE3,1.2
2042,Agri01_AGC,DE4,1.2
2042,Agri01_AGC,DE5,1.2
2042,Agri01_AGC,DE6,1.2
2042,Agri01_AGC,DE7,1.2
2042,Agri01_AGC,DE8,1.2
2042,Agri01_AGC,DE9,1.2
2042,Agri01_AGC,DEA,1.2
2042,Agri01_AGC,DEB,1.2
2042,Agri01_AGC,DEC,1.2
2042,Agri01_AGC,DEE,1.2
2042,Agri01_AGC,DED,1.2
2042,Agri01_AGC,DEF,1.2
2042,Agri01_AGC,DEG,1.2
2042,Agri02_OFC,DE1,0.8
2042,Agri02_OFC,DE2,0.8
2042,Agri02_OFC,DE3,0.8
2042,Agri02_OFC,DE4,0.8
2042,Agri02_OFC,DE5,0.8
2042,Agri02_OFC,DE6,0.8
2042,Agri02_OFC,DE7,0.8
2042,Agri02_OFC,DE8,0.8
2042,Agri02_OFC,DE9,0.8
2042,Agri02_OFC,DEA,0.8
2042,Agri02_OFC,DEB,0.8
2042,Agri02_OFC,DEC,0.8
2042,Agri02_OFC,DEE,0.8
2042,Agri02_OFC,DED,0.8
2042,Agri02_OFC,DEF,0.8
2042,Agri02_OFC,DEG,0.8
2042,Agri03_No-till,DE1,2.1
2042,Agri03_No-till,DE2,2.1
2042,Agri03_No-till,DE3,2.1
2042,Agri03_No-till,DE4,2.1
2042,Agri03_No-till,DE5,2.1
2042,Agri03_No-till,DE6,2.1
2042,Agri03_No-till,DE7,2.1
2042,Agri03_No-till,DE8,2.1
2042,Agri03_No-till,DE9,2.1
2042,Agri03_No-till,DEA,2.1
2042,Agri03_No-till,DEB,2.1
2042,Agri03_No-till,DEC,2.1
2042,Agri03_No-till,DEE,2.1
2042,Agri03_No-till,DED,2.1
2042,Agri03_No-till,DEF,2.1
2042,Agri03_No-till,DEG,2.1
2042,Agri04_toGrassland,DE1,3.1
2042,Agri04_toGrassland,DE2,3.1
2042,Agri04_toGrassland,DE3,3.1
2042,Agri04_toGrassland,DE4,3.1
2042,Agri04_toGrassland,DE5,3.1
2042,Agri04_toGrassland,DE6,3.1
2042,Agri04_toGrassland,DE7,3.1
2042,Agri04_toGrassland,DE8,3.1
2042,Agri04_toGrassland,DE9,3.1
2042,Agri04_toGrassland,DEA,3.1
2042,Agri04_toGrassland,DEB,3.1
2042,Agri04_toGrassland,DEC,3.1
2042,Agri04_toGrassland,DEE,3.1
2042,Agri04_toGrassland,DED,3.1
2042,Agri04_toGrassland,DEF,3.1
2042,Agri04_toGrassland,DEG,3.1
2042,Agri05_Agroforestry,DE1,13.833333333333334
2042,Agri05_Agroforestry,DE2,13.833333333333334
2042,Agri05_Agroforestry,DE3,13.833333333333334
2042,Agri05_Agroforestry,DE4,13.833333333333334
2042,Agri05_Agroforestry,DE5,13.833333333333334
2042,Agri05_Agroforestry,DE6,13.833333333333334
2042,Agri05_Agroforestry,DE7,13.833333333333334
2042,Agri05_Agroforestry,DE8,13.833333333333334
2042,Agri05_Agroforestry,DE9,13.833333333333334
2042,Agri05_Agroforestry,DEA,13.833333333333334
2042,Agri05_Agroforestry,DEB,13.833333333333334
2042,Agri05_Agroforestry,DEC,13.833333333333334
2042,Agri05_Agroforestry,DEE,13.833333333333334
2042,Agri05_Agroforestry,DED,13.833333333333334
2042,Agri05_Agroforestry,DEF,13.833333333333334
2042,Agri05_Agroforestry,DEG,13.833333333333334
2042,Agri06_Biochar,DE1,0.87
2042,Agri06_Biochar,DE2,0.87
2042,Agri06_Biochar,DE3,0.87
2042,Agri06_Biochar,DE4,0.87
2042,Agri06_Biochar,DE5,0.87
2042,Agri06_Biochar,DE6,0.87
2042,Agri06_Biochar,DE7,0.87
2042,Agri06_Biochar,DE8,0.87
2042,Agri06_Biochar,DE9,0.87
2042,Agri06_Biochar,DEA,0.87
2042,Agri06_Biochar,DEB,0.87
2042,Agri06_Biochar,DEC,0.87
2042,Agri06_Biochar,DEE,0.87
2042,Agri06_Biochar,DED,0.87
2042,Agri06_Biochar,DEF,0.87
2042,Agri06_Biochar,DEG,0.87
2043,Agri01_AGC,DE1,1.2
2043,Agri01_AGC,DE2,1.2
2043,Agri01_AGC,DE3,1.2
2043,Agri01_AGC,DE4,1.2
2043,Agri01_AGC,DE5,1.2
2043,Agri01_AGC,DE6,1.2
2043,Agri01_AGC,DE7,1.2
2043,Agri01_AGC,DE8,1.2
2043,Agri01_AGC,DE9,1.2
2043,Agri01_AGC,DEA,1.2
2043,Agri01_AGC,DEB,1.2
2043,Agri01_AGC,DEC,1.2
2043,Agri01_AGC,DEE,1.2
2043,Agri01_AGC,DED,1.2
2043,Agri01_AGC,DEF,1.2
2043,Agri01_AGC,DEG,1.2
2043,Agri02_OFC,DE1,0.8
2043,Agri02_OFC,DE2,0.8
2043,Agri02_OFC,DE3,0.8
2043,Agri02_OFC,DE4,0.8
2043,Agri02_OFC,DE5,0.8
2043,Agri02_OFC,DE6,0.8
2043,Agri02_OFC,DE7,0.8
2043,Agri02_OFC,DE8,0.8
2043,Agri02_OFC,DE9,0.8
2043,Agri02_OFC,DEA,0.8
2043,Agri02_OFC,DEB,0.8
2043,Agri02_OFC,DEC,0.8
2043,Agri02_OFC,DEE,0.8
2043,Agri02_OFC,DED,0.8
2043,Agri02_OFC,DEF,0.8
2043,Agri02_OFC,DEG,0.8
2043,Agri03_No-till,DE1,2.1
2043,Agri03_No-till,DE2,2.1
2043,Agri03_No-till,DE3,2.1
2043,Agri03_No-till,DE4,2.1
2043,Agri03_No-till,DE5,2.1
2043,Agri03_No-till,DE6,2.1
2043,Agri03_No-till,DE7,2.1
2043,Agri03_No-till,DE8,2.1
2043,Agri03_No-till,DE9,2.1
2043,Agri03_No-till,DEA,2.1
2043,Agri03_No-till,DEB,2.1
2043,Agri03_No-till,DEC,2.1
2043,Agri03_No-till,DEE,2.1
2043,Agri03_No-till,DED,2.1
2043,Agri03_No-till,DEF,2.1
2043,Agri03_No-till,DEG,2.1
2043,Agri04_toGrassland,DE1,3.1
2043,Agri04_toGrassland,DE2,3.1
2043,Agri04_toGrassland,DE3,3.1
2043,Agri04_toGrassland,DE4,3.1
2043,Agri04_toGrassland,DE5,3.1
2043,Agri04_toGrassland,DE6,3.1
2043,Agri04_toGrassland,DE7,3.1
2043,Agri04_toGrassland,DE8,3.1
2043,Agri04_toGrassland,DE9,3.1
2043,Agri04_toGrassland,DEA,3.1
2043,Agri04_toGrassland,DEB,3.1
2043,Agri04_toGrassland,DEC,3.1
2043,Agri04_toGrassland,DEE,3.1
2043,Agri04_toGrassland,DED,3.1
2043,Agri04_toGrassland,DEF,3.1
2043,Agri04_toGrassland,DEG,3.1
2043,Agri05_Agroforestry,DE1,13.833333333333334
2043,Agri05_Agroforestry,DE2,13.833333333333334
2043,Agri05_Agroforestry,DE3,13.833333333333334
2043,Agri05_Agroforestry,DE4,13.833333333333334
2043,Agri05_Agroforestry,DE5,13.833333333333334
2043,Agri05_Agroforestry,DE6,13.833333333333334
2043,Agri05_Agroforestry,DE7,13.833333333333334
2043,Agri05_Agroforestry,DE8,13.833333333333334
2043,Agri05_Agroforestry,DE9,13.833333333333334
2043,Agri05_Agroforestry,DEA,13.833333333333334
2043,Agri05_Agroforestry,DEB,13.833333333333334
2043,Agri05_Agroforestry,DEC,13.833333333333334
2043,Agri05_Agroforestry,DEE,13.833333333333334
2043,Agri05_Agroforestry,DED,13.833333333333334
2043,Agri05_Agroforestry,DEF,13.833333333333334
2043,Agri05_Agroforestry,DEG,13.833333333333334
2043,Agri06_Biochar,DE1,0.87
2043,Agri06_Biochar,DE2,0.87
2043,Agri06_Biochar,DE3,0.87
2043,Agri06_Biochar,DE4,0.87
2043,Agri06_Biochar,DE5,0.87
2043,Agri06_Biochar,DE6,0.87
2043,Agri06_Biochar,DE7,0.87
2043,Agri06_Biochar,DE8,0.87
2043,Agri06_Biochar,DE9,0.87
2043,Agri06_Biochar,DEA,0.87
2043,Agri06_Biochar,DEB,0.87
2043,Agri06_Biochar,DEC,0.87
2043,Agri06_Biochar,DEE,0.87
2043,Agri06_Biochar,DED,0.87
2043,Agri06_Biochar,DEF,0.87
2043,Agri06_Biochar,DEG,0.87
2044,Agri01_AGC,DE1,1.2
2044,Agri01_AGC,DE2,1.2
2044,Agri01_AGC,DE3,1.2
2044,Agri01_AGC,DE4,1.2
2044,Agri01_AGC,DE5,1.2
2044,Agri01_AGC,DE6,1.2
2044,Agri01_AGC,DE7,1.2
2044,Agri01_AGC,DE8,1.2
2044,Agri01_AGC,DE9,1.2
2044,Agri01_AGC,DEA,1.2
2044,Agri01_AGC,DEB,1.2
2044,Agri01_AGC,DEC,1.2
2044,Agri01_AGC,DEE,1.2
2044,Agri01_AGC,DED,1.2
2044,Agri01_AGC,DEF,1.2
2044,Agri01_AGC,DEG,1.2
2044,Agri02_OFC,DE1,0.8
2044,Agri02_OFC,DE2,0.8
2044,Agri02_OFC,DE3,0.8
2044,Agri02_OFC,DE4,0.8
2044,Agri02_OFC,DE5,0.8
2044,Agri02_OFC,DE6,0.8
2044,Agri02_OFC,DE7,0.8
2044,Agri02_OFC,DE8,0.8
2044,Agri02_OFC,DE9,0.8
2044,Agri02_OFC,DEA,0.8
2044,Agri02_OFC,DEB,0.8
2044,Agri02_OFC,DEC,0.8
2044,Agri02_OFC,DEE,0.8
2044,Agri02_OFC,DED,0.8
2044,Agri02_OFC,DEF,0.8
2044,Agri02_OFC,DEG,0.8
2044,Agri03_No-till,DE1,2.1
2044,Agri03_No-till,DE2,2.1
2044,Agri03_No-till,DE3,2.1
2044,Agri03_No-till,DE4,2.1
2044,Agri03_No-till,DE5,2.1
2044,Agri03_No-till,DE6,2.1
2044,Agri03_No-till,DE7,2.1
2044,Agri03_No-till,DE8,2.1
2044,Agri03_No-till,DE9,2.1
2044,Agri03_No-till,DEA,2.1
2044,Agri03_No-till,DEB,2.1
2044,Agri03_No-till,DEC,2.1
2044,Agri03_No-till,DEE,2.1
2044,Agri03_No-till,DED,2.1
2044,Agri03_No-till,DEF,2.1
2044,Agri03_No-till,DEG,2.1
2044,Agri04_toGrassland,DE1,3.1
2044,Agri04_toGrassland,DE2,3.1
2044,Agri04_toGrassland,DE3,3.1
2044,Agri04_toGrassland,DE4,3.1
2044,Agri04_toGrassland,DE5,3.1
2044,Agri04_toGrassland,DE6,3.1
2044,Agri04_toGrassland,DE7,3.1
2044,Agri04_toGrassland,DE8,3.1
2044,Agri04_toGrassland,DE9,3.1
2044,Agri04_toGrassland,DEA,3.1
2044,Agri04_toGrassland,DEB,3.1
2044,Agri04_toGrassland,DEC,3.1
2044,Agri04_toGrassland,DEE,3.1
2044,Agri04_toGrassland,DED,3.1
2044,Agri04_toGrassland,DEF,3.1
2044,Agri04_toGrassland,DEG,3.1
2044,Agri05_Agroforestry,DE1,13.833333333333334
2044,Agri05_Agroforestry,DE2,13.833333333333334
2044,Agri05_Agroforestry,DE3,13.833333333333334
2044,Agri05_Agroforestry,DE4,13.833333333333334
2044,Agri05_Agroforestry,DE5,13.833333333333334
2044,Agri05_Agroforestry,DE6,13.833333333333334
2044,Agri05_Agroforestry,DE7,13.833333333333334
2044,Agri05_Agroforestry,DE8,13.833333333333334
2044,Agri05_Agroforestry,DE9,13.833333333333334
2044,Agri05_Agroforestry,DEA,13.833333333333334
2044,Agri05_Agroforestry,DEB,13.833333333333334
2044,Agri05_Agroforestry,DEC,13.833333333333334
2044,Agri05_Agroforestry,DEE,13.833333333333334
2044,Agri05_Agroforestry,DED,13.833333333333334
2044,Agri05_Agroforestry,DEF,13.833333333333334
2044,Agri05_Agroforestry,DEG,13.833333333333334
2044,Agri06_Biochar,DE1,0.87
2044,Agri06_Biochar,DE2,0.87
2044,Agri06_Biochar,DE3,0.87
2044,Agri06_Biochar,DE4,0.87
2044,Agri06_Biochar,DE5,0.87
2044,Agri06_Biochar,DE6,0.87
2044,Agri06_Biochar,DE7,0.87
2044,Agri06_Biochar,DE8,0.87
2044,Agri06_Biochar,DE9,0.87
2044,Agri06_Biochar,DEA,0.87
2044,Agri06_Biochar,DEB,0.87
2044,Agri06_Biochar,DEC,0.87
2044,Agri06_Biochar,DEE,0.87
2044,Agri06_Biochar,DED,0.87
2044,Agri06_Biochar,DEF,0.87
2044,Agri06_Biochar,DEG,0.87
2045,Agri01_AGC,DE1,1.2
2045,Agri01_AGC,DE2,1.2
2045,Agri01_AGC,DE3,1.2
2045,Agri01_AGC,DE4,1.2
2045,Agri01_AGC,DE5,1.2
2045,Agri01_AGC,DE6,1.2
2045,Agri01_AGC,DE7,1.2
2045,Agri01_AGC,DE8,1.2
2045,Agri01_AGC,DE9,1.2
2045,Agri01_AGC,DEA,1.2
2045,Agri01_AGC,DEB,1.2
2045,Agri01_AGC,DEC,1.2
2045,Agri01_AGC,DEE,1.2
2045,Agri01_AGC,DED,1.2
2045,Agri01_AGC,DEF,1.2
2045,Agri01_AGC,DEG,1.2
2045,Agri02_OFC,DE1,0.8
2045,Agri02_OFC,DE2,0.8
2045,Agri02_OFC,DE3,0.8
2045,Agri02_OFC,DE4,0.8
2045,Agri02_OFC,DE5,0.8
2045,Agri02_OFC,DE6,0.8
2045,Agri02_OFC,DE7,0.8
2045,Agri02_OFC,DE8,0.8
2045,Agri02_OFC,DE9,0.8
2045,Agri02_OFC,DEA,0.8
2045,Agri02_OFC,DEB,0.8
2045,Agri02_OFC,DEC,0.8
2045,Agri02_OFC,DEE,0.8
2045,Agri02_OFC,DED,0.8
2045,Agri02_OFC,DEF,0.8
2045,Agri02_OFC,DEG,0.8
2045,Agri03_No-till,DE1,2.1
2045,Agri03_No-till,DE2,2.1
2045,Agri03_No-till,DE3,2.1
2045,Agri03_No-till,DE4,2.1
2045,Agri03_No-till,DE5,2.1
2045,Agri03_No-till,DE6,2.1
2045,Agri03_No-till,DE7,2.1
2045,Agri03_No-till,DE8,2.1
2045,Agri03_No-till,DE9,2.1
2045,Agri03_No-till,DEA,2.1
2045,Agri03_No-till,DEB,2.1
2045,Agri03_No-till,DEC,2.1
2045,Agri03_No-till,DEE,2.1
2045,Agri03_No-till,DED,2.1
2045,Agri03_No-till,DEF,2.1
2045,Agri03_No-till,DEG,2.1
2045,Agri04_toGrassland,DE1,3.1
2045,Agri04_toGrassland,DE2,3.1
2045,Agri04_toGrassland,DE3,3.1
2045,Agri04_toGrassland,DE4,3.1
2045,Agri04_toGrassland,DE5,3.1
2045,Agri04_toGrassland,DE6,3.1
2045,Agri04_toGrassland,DE7,3.1
2045,Agri04_toGrassland,DE8,3.1
2045,Agri04_toGrassland,DE9,3.1
2045,Agri04_toGrassland,DEA,3.1
2045,Agri04_toGrassland,DEB,3.1
2045,Agri04_toGrassland,DEC,3.1
2045,Agri04_toGrassland,DEE,3.1
2045,Agri04_toGrassland,DED,3.1
2045,Agri04_toGrassland,DEF,3.1
2045,Agri04_toGrassland,DEG,3.1
2045,Agri05_Agroforestry,DE1,13.833333333333334
2045,Agri05_Agroforestry,DE2,13.833333333333334
2045,Agri05_Agroforestry,DE3,13.833333333333334
2045,Agri05_Agroforestry,DE4,13.833333333333334
2045,Agri05_Agroforestry,DE5,13.833333333333334
2045,Agri05_Agroforestry,DE6,13.833333333333334
2045,Agri05_Agroforestry,DE7,13.833333333333334
2045,Agri05_Agroforestry,DE8,13.833333333333334
2045,Agri05_Agroforestry,DE9,13.833333333333334
2045,Agri05_Agroforestry,DEA,13.833333333333334
2045,Agri05_Agroforestry,DEB,13.833333333333334
2045,Agri05_Agroforestry,DEC,13.833333333333334
2045,Agri05_Agroforestry,DEE,13.833333333333334
2045,Agri05_Agroforestry,DED,13.833333333333334
2045,Agri05_Agroforestry,DEF,13.833333333333334
2045,Agri05_Agroforestry,DEG,13.833333333333334
2045,Agri06_Biochar,DE1,0.87
2045,Agri06_Biochar,DE2,0.87
2045,Agri06_Biochar,DE3,0.87
2045,Agri06_Biochar,DE4,0.87
2045,Agri06_Biochar,DE5,0.87
2045,Agri06_Biochar,DE6,0.87
2045,Agri06_Biochar,DE7,0.87
2045,Agri06_Biochar,DE8,0.87
2045,Agri06_Biochar,DE9,0.87
2045,Agri06_Biochar,DEA,0.87
2045,Agri06_Biochar,DEB,0.87
2045,Agri06_Biochar,DEC,0.87
2045,Agri06_Biochar,DEE,0.87
2045,Agri06_Biochar,DED,0.87
2045,Agri06_Biochar,DEF,0.87
2045,Agri06_Biochar,DEG,0.87
2046,Agri01_AGC,DE1,1.2
2046,Agri01_AGC,DE2,1.2
2046,Agri01_AGC,DE3,1.2
2046,Agri01_AGC,DE4,1.2
2046,Agri01_AGC,DE5,1.2
2046,Agri01_AGC,DE6,1.2
2046,Agri01_AGC,DE7,1.2
2046,Agri01_AGC,DE8,1.2
2046,Agri01_AGC,DE9,1.2
2046,Agri01_AGC,DEA,1.2
2046,Agri01_AGC,DEB,1.2
2046,Agri01_AGC,DEC,1.2
2046,Agri01_AGC,DEE,1.2
2046,Agri01_AGC,DED,1.2
2046,Agri01_AGC,DEF,1.2
2046,Agri01_AGC,DEG,1.2
2046,Agri02_OFC,DE1,0.8
2046,Agri02_OFC,DE2,0.8
2046,Agri02_OFC,DE3,0.8
2046,Agri02_OFC,DE4,0.8
2046,Agri02_OFC,DE5,0.8
2046,Agri02_OFC,DE6,0.8
2046,Agri02_OFC,DE7,0.8
2046,Agri02_OFC,DE8,0.8
2046,Agri02_OFC,DE9,0.8
2046,Agri02_OFC,DEA,0.8
2046,Agri02_OFC,DEB,0.8
2046,Agri02_OFC,DEC,0.8
2046,Agri02_OFC,DEE,0.8
2046,Agri02_OFC,DED,0.8
2046,Agri02_OFC,DEF,0.8
2046,Agri02_OFC,DEG,0.8
2046,Agri03_No-till,DE1,2.1
2046,Agri03_No-till,DE2,2.1
2046,Agri03_No-till,DE3,2.1
2046,Agri03_No-till,DE4,2.1
2046,Agri03_No-till,DE5,2.1
2046,Agri03_No-till,DE6,2.1
2046,Agri03_No-till,DE7,2.1
2046,Agri03_No-till,DE8,2.1
2046,Agri03_No-till,DE9,2.1
2046,Agri03_No-till,DEA,2.1
2046,Agri03_No-till,DEB,2.1
2046,Agri03_No-till,DEC,2.1
2046,Agri03_No-till,DEE,2.1
2046,Agri03_No-till,DED,2.1
2046,Agri03_No-till,DEF,2.1
2046,Agri03_No-till,DEG,2.1
2046,Agri04_toGrassland,DE1,3.1
2046,Agri04_toGrassland,DE2,3.1
2046,Agri04_toGrassland,DE3,3.1
2046,Agri04_toGrassland,DE4,3.1
2046,Agri04_toGrassland,DE5,3.1
2046,Agri04_toGrassland,DE6,3.1
2046,Agri04_toGrassland,DE7,3.1
2046,Agri04_toGrassland,DE8,3.1
2046,Agri04_toGrassland,DE9,3.1
2046,Agri04_toGrassland,DEA,3.1
2046,Agri04_toGrassland,DEB,3.1
2046,Agri04_toGrassland,DEC,3.1
2046,Agri04_toGrassland,DEE,3.1
2046,Agri04_toGrassland,DED,3.1
2046,Agri04_toGrassland,DEF,3.1
2046,Agri04_toGrassland,DEG,3.1
2046,Agri05_Agroforestry,DE1,13.833333333333334
2046,Agri05_Agroforestry,DE2,13.833333333333334
2046,Agri05_Agroforestry,DE3,13.833333333333334
2046,Agri05_Agroforestry,DE4,13.833333333333334
2046,Agri05_Agroforestry,DE5,13.833333333333334
2046,Agri05_Agroforestry,DE6,13.833333333333334
2046,Agri05_Agroforestry,DE7,13.833333333333334
2046,Agri05_Agroforestry,DE8,13.833333333333334
2046,Agri05_Agroforestry,DE9,13.833333333333334
2046,Agri05_Agroforestry,DEA,13.833333333333334
2046,Agri05_Agroforestry,DEB,13.833333333333334
2046,Agri05_Agroforestry,DEC,13.833333333333334
2046,Agri05_Agroforestry,DEE,13.833333333333334
2046,Agri05_Agroforestry,DED,13.833333333333334
2046,Agri05_Agroforestry,DEF,13.833333333333334
2046,Agri05_Agroforestry,DEG,13.833333333333334
2046,Agri06_Biochar,DE1,0.87
2046,Agri06_Biochar,DE2,0.87
2046,Agri06_Biochar,DE3,0.87
2046,Agri06_Biochar,DE4,0.87
2046,Agri06_Biochar,DE5,0.87
2046,Agri06_Biochar,DE6,0.87
2046,Agri06_Biochar,DE7,0.87
2046,Agri06_Biochar,DE8,0.87
2046,Agri06_Biochar,DE9,0.87
2046,Agri06_Biochar,DEA,0.87
2046,Agri06_Biochar,DEB,0.87
2046,Agri06_Biochar,DEC,0.87
2046,Agri06_Biochar,DEE,0.87
2046,Agri06_Biochar,DED,0.87
2046,Agri06_Biochar,DEF,0.87
2046,Agri06_Biochar,DEG,0.87
2047,Agri01_AGC,DE1,1.2
2047,Agri01_AGC,DE2,1.2
2047,Agri01_AGC,DE3,1.2
2047,Agri01_AGC,DE4,1.2
2047,Agri01_AGC,DE5,1.2
2047,Agri01_AGC,DE6,1.2
2047,Agri01_AGC,DE7,1.2
2047,Agri01_AGC,DE8,1.2
2047,Agri01_AGC,DE9,1.2
2047,Agri01_AGC,DEA,1.2
2047,Agri01_AGC,DEB,1.2
2047,Agri01_AGC,DEC,1.2
2047,Agri01_AGC,DEE,1.2
2047,Agri01_AGC,DED,1.2
2047,Agri01_AGC,DEF,1.2
2047,Agri01_AGC,DEG,1.2
2047,Agri02_OFC,DE1,0.8
2047,Agri02_OFC,DE2,0.8
2047,Agri02_OFC,DE3,0.8
2047,Agri02_OFC,DE4,0.8
2047,Agri02_OFC,DE5,0.8
2047,Agri02_OFC,DE6,0.8
2047,Agri02_OFC,DE7,0.8
2047,Agri02_OFC,DE8,0.8
2047,Agri02_OFC,DE9,0.8
2047,Agri02_OFC,DEA,0.8
2047,Agri02_OFC,DEB,0.8
2047,Agri02_OFC,DEC,0.8
2047,Agri02_OFC,DEE,0.8
2047,Agri02_OFC,DED,0.8
2047,Agri02_OFC,DEF,0.8
2047,Agri02_OFC,DEG,0.8
2047,Agri03_No-till,DE1,2.1
2047,Agri03_No-till,DE2,2.1
2047,Agri03_No-till,DE3,2.1
2047,Agri03_No-till,DE4,2.1
2047,Agri03_No-till,DE5,2.1
2047,Agri03_No-till,DE6,2.1
2047,Agri03_No-till,DE7,2.1
2047,Agri03_No-till,DE8,2.1
2047,Agri03_No-till,DE9,2.1
2047,Agri03_No-till,DEA,2.1
2047,Agri03_No-till,DEB,2.1
2047,Agri03_No-till,DEC,2.1
2047,Agri03_No-till,DEE,2.1
2047,Agri03_No-till,DED,2.1
2047,Agri03_No-till,DEF,2.1
2047,Agri03_No-till,DEG,2.1
2047,Agri04_toGrassland,DE1,3.1
2047,Agri04_toGrassland,DE2,3.1
2047,Agri04_toGrassland,DE3,3.1
2047,Agri04_toGrassland,DE4,3.1
2047,Agri04_toGrassland,DE5,3.1
2047,Agri04_toGrassland,DE6,3.1
2047,Agri04_toGrassland,DE7,3.1
2047,Agri04_toGrassland,DE8,3.1
2047,Agri04_toGrassland,DE9,3.1
2047,Agri04_toGrassland,DEA,3.1
2047,Agri04_toGrassland,DEB,3.1
2047,Agri04_toGrassland,DEC,3.1
2047,Agri04_toGrassland,DEE,3.1
2047,Agri04_toGrassland,DED,3.1
2047,Agri04_toGrassland,DEF,3.1
2047,Agri04_toGrassland,DEG,3.1
2047,Agri05_Agroforestry,DE1,13.833333333333334
2047,Agri05_Agroforestry,DE2,13.833333333333334
2047,Agri05_Agroforestry,DE3,13.833333333333334
2047,Agri05_Agroforestry,DE4,13.833333333333334
2047,Agri05_Agroforestry,DE5,13.833333333333334
2047,Agri05_Agroforestry,DE6,13.833333333333334
2047,Agri05_Agroforestry,DE7,13.833333333333334
2047,Agri05_Agroforestry,DE8,13.833333333333334
2047,Agri05_Agroforestry,DE9,13.833333333333334
2047,Agri05_Agroforestry,DEA,13.833333333333334
2047,Agri05_Agroforestry,DEB,13.833333333333334
2047,Agri05_Agroforestry,DEC,13.833333333333334
2047,Agri05_Agroforestry,DEE,13.833333333333334
2047,Agri05_Agroforestry,DED,13.833333333333334
2047,Agri05_Agroforestry,DEF,13.833333333333334
2047,Agri05_Agroforestry,DEG,13.833333333333334
2047,Agri06_Biochar,DE1,0.87
2047,Agri06_Biochar,DE2,0.87
2047,Agri06_Biochar,DE3,0.87
2047,Agri06_Biochar,DE4,0.87
2047,Agri06_Biochar,DE5,0.87
2047,Agri06_Biochar,DE6,0.87
2047,Agri06_Biochar,DE7,0.87
2047,Agri06_Biochar,DE8,0.87
2047,Agri06_Biochar,DE9,0.87
2047,Agri06_Biochar,DEA,0.87
2047,Agri06_Biochar,DEB,0.87
2047,Agri06_Biochar,DEC,0.87
2047,Agri06_Biochar,DEE,0.87
2047,Agri06_Biochar,DED,0.87
2047,Agri06_Biochar,DEF,0.87
2047,Agri06_Biochar,DEG,0.87
2048,Agri01_AGC,DE1,1.2
2048,Agri01_AGC,DE2,1.2
2048,Agri01_AGC,DE3,1.2
2048,Agri01_AGC,DE4,1.2
2048,Agri01_AGC,DE5,1.2
2048,Agri01_AGC,DE6,1.2
2048,Agri01_AGC,DE7,1.2
2048,Agri01_AGC,DE8,1.2
2048,Agri01_AGC,DE9,1.2
2048,Agri01_AGC,DEA,1.2
2048,Agri01_AGC,DEB,1.2
2048,Agri01_AGC,DEC,1.2
2048,Agri01_AGC,DEE,1.2
2048,Agri01_AGC,DED,1.2
2048,Agri01_AGC,DEF,1.2
2048,Agri01_AGC,DEG,1.2
2048,Agri02_OFC,DE1,0.8
2048,Agri02_OFC,DE2,0.8
2048,Agri02_OFC,DE3,0.8
2048,Agri02_OFC,DE4,0.8
2048,Agri02_OFC,DE5,0.8
2048,Agri02_OFC,DE6,0.8
2048,Agri02_OFC,DE7,0.8
2048,Agri02_OFC,DE8,0.8
2048,Agri02_OFC,DE9,0.8
2048,Agri02_OFC,DEA,0.8
2048,Agri02_OFC,DEB,0.8
2048,Agri02_OFC,DEC,0.8
2048,Agri02_OFC,DEE,0.8
2048,Agri02_OFC,DED,0.8
2048,Agri02_OFC,DEF,0.8
2048,Agri02_OFC,DEG,0.8
2048,Agri03_No-till,DE1,2.1
2048,Agri03_No-till,DE2,2.1
2048,Agri03_No-till,DE3,2.1
2048,Agri03_No-till,DE4,2.1
2048,Agri03_No-till,DE5,2.1
2048,Agri03_No-till,DE6,2.1
2048,Agri03_No-till,DE7,2.1
2048,Agri03_No-till,DE8,2.1
2048,Agri03_No-till,DE9,2.1
2048,Agri03_No-till,DEA,2.1
2048,Agri03_No-till,DEB,2.1
2048,Agri03_No-till,DEC,2.1
2048,Agri03_No-till,DEE,2.1
2048,Agri03_No-till,DED,2.1
2048,Agri03_No-till,DEF,2.1
2048,Agri03_No-till,DEG,2.1
2048,Agri04_toGrassland,DE1,3.1
2048,Agri04_toGrassland,DE2,3.1
2048,Agri04_toGrassland,DE3,3.1
2048,Agri04_toGrassland,DE4,3.1
2048,Agri04_toGrassland,DE5,3.1
2048,Agri04_toGrassland,DE6,3.1
2048,Agri04_toGrassland,DE7,3.1
2048,Agri04_toGrassland,DE8,3.1
2048,Agri04_toGrassland,DE9,3.1
2048,Agri04_toGrassland,DEA,3.1
2048,Agri04_toGrassland,DEB,3.1
2048,Agri04_toGrassland,DEC,3.1
2048,Agri04_toGrassland,DEE,3.1
2048,Agri04_toGrassland,DED,3.1
2048,Agri04_toGrassland,DEF,3.1
2048,Agri04_toGrassland,DEG,3.1
2048,Agri05_Agroforestry,DE1,13.833333333333334
2048,Agri05_Agroforestry,DE2,13.833333333333334
2048,Agri05_Agroforestry,DE3,13.833333333333334
2048,Agri05_Agroforestry,DE4,13.833333333333334
2048,Agri05_Agroforestry,DE5,13.833333333333334
2048,Agri05_Agroforestry,DE6,13.833333333333334
2048,Agri05_Agroforestry,DE7,13.833333333333334
2048,Agri05_Agroforestry,DE8,13.833333333333334
2048,Agri05_Agroforestry,DE9,13.833333333333334
2048,Agri05_Agroforestry,DEA,13.833333333333334
2048,Agri05_Agroforestry,DEB,13.833333333333334
2048,Agri05_Agroforestry,DEC,13.833333333333334
2048,Agri05_Agroforestry,DEE,13.833333333333334
2048,Agri05_Agroforestry,DED,13.833333333333334
2048,Agri05_Agroforestry,DEF,13.833333333333334
2048,Agri05_Agroforestry,DEG,13.833333333333334
2048,Agri06_Biochar,DE1,0.87
2048,Agri06_Biochar,DE2,0.87
2048,Agri06_Biochar,DE3,0.87
2048,Agri06_Biochar,DE4,0.87
2048,Agri06_Biochar,DE5,0.87
2048,Agri06_Biochar,DE6,0.87
2048,Agri06_Biochar,DE7,0.87
2048,Agri06_Biochar,DE8,0.87
2048,Agri06_Biochar,DE9,0.87
2048,Agri06_Biochar,DEA,0.87
2048,Agri06_Biochar,DEB,0.87
2048,Agri06_Biochar,DEC,0.87
2048,Agri06_Biochar,DEE,0.87
2048,Agri06_Biochar,DED,0.87
2048,Agri06_Biochar,DEF,0.87
2048,Agri06_Biochar,DEG,0.87
2049,Agri01_AGC,DE1,1.2
2049,Agri01_AGC,DE2,1.2
2049,Agri01_AGC,DE3,1.2
2049,Agri01_AGC,DE4,1.2
2049,Agri01_AGC,DE5,1.2
2049,Agri01_AGC,DE6,1.2
2049,Agri01_AGC,DE7,1.2
2049,Agri01_AGC,DE8,1.2
2049,Agri01_AGC,DE9,1.2
2049,Agri01_AGC,DEA,1.2
2049,Agri01_AGC,DEB,1.2
2049,Agri01_AGC,DEC,1.2
2049,Agri01_AGC,DEE,1.2
2049,Agri01_AGC,DED,1.2
2049,Agri01_AGC,DEF,1.2
2049,Agri01_AGC,DEG,1.2
2049,Agri02_OFC,DE1,0.8
2049,Agri02_OFC,DE2,0.8
2049,Agri02_OFC,DE3,0.8
2049,Agri02_OFC,DE4,0.8
2049,Agri02_OFC,DE5,0.8
2049,Agri02_OFC,DE6,0.8
2049,Agri02_OFC,DE7,0.8
2049,Agri02_OFC,DE8,0.8
2049,Agri02_OFC,DE9,0.8
2049,Agri02_OFC,DEA,0.8
2049,Agri02_OFC,DEB,0.8
2049,Agri02_OFC,DEC,0.8
2049,Agri02_OFC,DEE,0.8
2049,Agri02_OFC,DED,0.8
2049,Agri02_OFC,DEF,0.8
2049,Agri02_OFC,DEG,0.8
2049,Agri03_No-till,DE1,2.1
2049,Agri03_No-till,DE2,2.1
2049,Agri03_No-till,DE3,2.1
2049,Agri03_No-till,DE4,2.1
2049,Agri03_No-till,DE5,2.1
2049,Agri03_No-till,DE6,2.1
2049,Agri03_No-till,DE7,2.1
2049,Agri03_No-till,DE8,2.1
2049,Agri03_No-till,DE9,2.1
2049,Agri03_No-till,DEA,2.1
2049,Agri03_No-till,DEB,2.1
2049,Agri03_No-till,DEC,2.1
2049,Agri03_No-till,DEE,2.1
2049,Agri03_No-till,DED,2.1
2049,Agri03_No-till,DEF,2.1
2049,Agri03_No-till,DEG,2.1
2049,Agri04_toGrassland,DE1,3.1
2049,Agri04_toGrassland,DE2,3.1
2049,Agri04_toGrassland,DE3,3.1
2049,Agri04_toGrassland,DE4,3.1
2049,Agri04_toGrassland,DE5,3.1
2049,Agri04_toGrassland,DE6,3.1
2049,Agri04_toGrassland,DE7,3.1
2049,Agri04_toGrassland,DE8,3.1
2049,Agri04_toGrassland,DE9,3.1
2049,Agri04_toGrassland,DEA,3.1
2049,Agri04_toGrassland,DEB,3.1
2049,Agri04_toGrassland,DEC,3.1
2049,Agri04_toGrassland,DEE,3.1
2049,Agri04_toGrassland,DED,3.1
2049,Agri04_toGrassland,DEF,3.1
2049,Agri04_toGrassland,DEG,3.1
2049,Agri05_Agroforestry,DE1,13.833333333333334
2049,Agri05_Agroforestry,DE2,13.833333333333334
2049,Agri05_Agroforestry,DE3,13.833333333333334
2049,Agri05_Agroforestry,DE4,13.833333333333334
2049,Agri05_Agroforestry,DE5,13.833333333333334
2049,Agri05_Agroforestry,DE6,13.833333333333334
2049,Agri05_Agroforestry,DE7,13.833333333333334
2049,Agri05_Agroforestry,DE8,13.833333333333334
2049,Agri05_Agroforestry,DE9,13.833333333333334
2049,Agri05_Agroforestry,DEA,13.833333333333334
2049,Agri05_Agroforestry,DEB,13.833333333333334
2049,Agri05_Agroforestry,DEC,13.833333333333334
2049,Agri05_Agroforestry,DEE,13.833333333333334
2049,Agri05_Agroforestry,DED,13.833333333333334
2049,Agri05_Agroforestry,DEF,13.833333333333334
2049,Agri05_Agroforestry,DEG,13.833333333333334
2049,Agri06_Biochar,DE1,0.87
2049,Agri06_Biochar,DE2,0.87
2049,Agri06_Biochar,DE3,0.87
2049,Agri06_Biochar,DE4,0.87
2049,Agri06_Biochar,DE5,0.87
2049,Agri06_Biochar,DE6,0.87
2049,Agri06_Biochar,DE7,0.87
2049,Agri06_Biochar,DE8,0.87
2049,Agri06_Biochar,DE9,0.87
2049,Agri06_Biochar,DEA,0.87
2049,Agri06_Biochar,DEB,0.87
2049,Agri06_Biochar,DEC,0.87
2049,Agri06_Biochar,DEE,0.87
2049,Agri06_Biochar,DED,0.87
2049,Agri06_Biochar,DEF,0.87
2049,Agri06_Biochar,DEG,0.87
2050,Agri01_AGC,DE1,1.2
2050,Agri01_AGC,DE2,1.2
2050,Agri01_AGC,DE3,1.2
2050,Agri01_AGC,DE4,1.2
2050,Agri01_AGC,DE5,1.2
2050,Agri01_AGC,DE6,1.2
2050,Agri01_AGC,DE7,1.2
2050,Agri01_AGC,DE8,1.2
2050,Agri01_AGC,DE9,1.2
2050,Agri01_AGC,DEA,1.2
2050,Agri01_AGC,DEB,1.2
2050,Agri01_AGC,DEC,1.2
2050,Agri01_AGC,DEE,1.2
2050,Agri01_AGC,DED,1.2
2050,Agri01_AGC,DEF,1.2
2050,Agri01_AGC,DEG,1.2
2050,Agri02_OFC,DE1,0.8
2050,Agri02_OFC,DE2,0.8
2050,Agri02_OFC,DE3,0.8
2050,Agri02_OFC,DE4,0.8
2050,Agri02_OFC,DE5,0.8
2050,Agri02_OFC,DE6,0.8
2050,Agri02_OFC,DE7,0.8
2050,Agri02_OFC,DE8,0.8
2050,Agri02_OFC,DE9,0.8
2050,Agri02_OFC,DEA,0.8
2050,Agri02_OFC,DEB,0.8
2050,Agri02_OFC,DEC,0.8
2050,Agri02_OFC,DEE,0.8
2050,Agri02_OFC,DED,0.8
2050,Agri02_OFC,DEF,0.8
2050,Agri02_OFC,DEG,0.8
2050,Agri03_No-till,DE1,2.1
2050,Agri03_No-till,DE2,2.1
2050,Agri03_No-till,DE3,2.1
2050,Agri03_No-till,DE4,2.1
2050,Agri03_No-till,DE5,2.1
2050,Agri03_No-till,DE6,2.1
2050,Agri03_No-till,DE7,2.1
2050,Agri03_No-till,DE8,2.1
2050,Agri03_No-till,DE9,2.1
2050,Agri03_No-till,DEA,2.1
2050,Agri03_No-till,DEB,2.1
2050,Agri03_No-till,DEC,2.1
2050,Agri03_No-till,DEE,2.1
2050,Agri03_No-till,DED,2.1
2050,Agri03_No-till,DEF,2.1
2050,Agri03_No-till,DEG,2.1
2050,Agri04_toGrassland,DE1,3.1
2050,Agri04_toGrassland,DE2,3.1
2050,Agri04_toGrassland,DE3,3.1
2050,Agri04_toGrassland,DE4,3.1
2050,Agri04_toGrassland,DE5,3.1
2050,Agri04_toGrassland,DE6,3.1
2050,Agri04_toGrassland,DE7,3.1
2050,Agri04_toGrassland,DE8,3.1
2050,Agri04_toGrassland,DE9,3.1
2050,Agri04_toGrassland,DEA,3.1
2050,Agri04_toGrassland,DEB,3.1
2050,Agri04_toGrassland,DEC,3.1
2050,Agri04_toGrassland,DEE,3.1
2050,Agri04_toGrassland,DED,3.1
2050,Agri04_toGrassland,DEF,3.1
2050,Agri04_toGrassland,DEG,3.1
2050,Agri05_Agroforestry,DE1,13.833333333333334
2050,Agri05_Agroforestry,DE2,13.833333333333334
2050,Agri05_Agroforestry,DE3,13.833333333333334
2050,Agri05_Agroforestry,DE4,13.833333333333334
2050,Agri05_Agroforestry,DE5,13.833333333333334
2050,Agri05_Agroforestry,DE6,13.833333333333334
2050,Agri05_Agroforestry,DE7,13.833333333333334
2050,Agri05_Agroforestry,DE8,13.833333333333334
2050,Agri05_Agroforestry,DE9,13.833333333333334
2050,Agri05_Agroforestry,DEA,13.833333333333334
2050,Agri05_Agroforestry,DEB,13.833333333333334
2050,Agri05_Agroforestry,DEC,13.833333333333334
2050,Agri05_Agroforestry,DEE,13.833333333333334
2050,Agri05_Agroforestry,DED,13.833333333333334
2050,Agri05_Agroforestry,DEF,13.833333333333334
2050,Agri05_Agroforestry,DEG,13.833333333333334
2050,Agri06_Biochar,DE1,0.87
2050,Agri06_Biochar,DE2,0.87
2050,Agri06_Biochar,DE3,0.87
2050,Agri06_Biochar,DE4,0.87
2050,Agri06_Biochar,DE5,0.87
2050,Agri06_Biochar,DE6,0.87
2050,Agri06_Biochar,DE7,0.87
2050,Agri06_Biochar,DE8,0.87
2050,Agri06_Biochar,DE9,0.87
2050,Agri06_Biochar,DEA,0.87
2050,Agri06_Biochar,DEB,0.87
2050,Agri06_Biochar,DEC,0.87
2050,Agri06_Biochar,DEE,0.87
2050,Agri06_Biochar,DED,0.87
2050,Agri06_Biochar,DEF,0.87
2050,Agri06_Biochar,DEG,0.87
