year,techAgri,r,capAgri
2020,Agri01_AGC,DE1,0.0
2020,Agri01_AGC,DE2,0.0
2020,Agri01_AGC,DE3,0.0
2020,Agri01_AGC,DE4,0.0
2020,Agri01_AGC,DE5,0.0
2020,Agri01_AGC,DE6,0.0
2020,Agri01_AGC,DE7,0.0
2020,Agri01_AGC,DE8,0.0
2020,Agri01_AGC,DE9,0.0
2020,Agri01_AGC,DEA,0.0
2020,Agri01_AGC,DEB,0.0
2020,Agri01_AGC,DEC,0.0
2020,Agri01_AGC,DEE,0.0
2020,Agri01_AGC,DED,0.0
2020,Agri01_AGC,DEF,0.0
2020,Agri01_AGC,DEG,0.0
2020,Agri02_OFC,DE1,0.0
2020,Agri02_OFC,DE2,0.0
2020,Agri02_OFC,DE3,0.0
2020,Agri02_OFC,DE4,0.0
2020,Agri02_OFC,DE5,0.0
2020,Agri02_OFC,DE6,0.0
2020,Agri02_OFC,DE7,0.0
2020,Agri02_OFC,DE8,0.0
2020,Agri02_OFC,DE9,0.0
2020,Agri02_OFC,DEA,0.0
2020,Agri02_OFC,DEB,0.0
2020,Agri02_OFC,DEC,0.0
2020,Agri02_OFC,DEE,0.0
2020,Agri02_OFC,DED,0.0
2020,Agri02_OFC,DEF,0.0
2020,Agri02_OFC,DEG,0.0
2020,Agri03_No-till,DE1,0.0
2020,Agri03_No-till,DE2,0.0
2020,Agri03_No-till,DE3,0.0
2020,Agri03_No-till,DE4,0.0
2020,Agri03_No-till,DE5,0.0
2020,Agri03_No-till,DE6,0.0
2020,Agri03_No-till,DE7,0.0
2020,Agri03_No-till,DE8,0.0
2020,Agri03_No-till,DE9,0.0
2020,Agri03_No-till,DEA,0.0
2020,Agri03_No-till,DEB,0.0
2020,Agri03_No-till,DEC,0.0
2020,Agri03_No-till,DEE,0.0
2020,Agri03_No-till,DED,0.0
2020,Agri03_No-till,DEF,0.0
2020,Agri03_No-till,DEG,0.0
2020,Agri04_toGrassland,DE1,0.0
2020,Agri04_toGrassland,DE2,0.0
2020,Agri04_toGrassland,DE3,0.0
2020,Agri04_toGrassland,DE4,0.0
2020,Agri04_toGrassland,DE5,0.0
2020,Agri04_toGrassland,DE6,0.0
2020,Agri04_toGrassland,DE7,0.0
2020,Agri04_toGrassland,DE8,0.0
2020,Agri04_toGrassland,DE9,0.0
2020,Agri04_toGrassland,DEA,0.0
2020,Agri04_toGrassland,DEB,0.0
2020,Agri04_toGrassland,DEC,0.0
2020,Agri04_toGrassland,DEE,0.0
2020,Agri04_toGrassland,DED,0.0
2020,Agri04_toGrassland,DEF,0.0
2020,Agri04_toGrassland,DEG,0.0
2020,Agri05_Agroforestry,DE1,0.0
2020,Agri05_Agroforestry,DE2,0.0
2020,Agri05_Agroforestry,DE3,0.0
2020,Agri05_Agroforestry,DE4,0.0
2020,Agri05_Agroforestry,DE5,0.0
2020,Agri05_Agroforestry,DE6,0.0
2020,Agri05_Agroforestry,DE7,0.0
2020,Agri05_Agroforestry,DE8,0.0
2020,Agri05_Agroforestry,DE9,0.0
2020,Agri05_Agroforestry,DEA,0.0
2020,Agri05_Agroforestry,DEB,0.0
2020,Agri05_Agroforestry,DEC,0.0
2020,Agri05_Agroforestry,DEE,0.0
2020,Agri05_Agroforestry,DED,0.0
2020,Agri05_Agroforestry,DEF,0.0
2020,Agri05_Agroforestry,DEG,0.0
2020,Agri06_Biochar,DE1,0.0
2020,Agri06_Biochar,DE2,0.0
2020,Agri06_Biochar,DE3,0.0
2020,Agri06_Biochar,DE4,0.0
2020,Agri06_Biochar,DE5,0.0
2020,Agri06_Biochar,DE6,0.0
2020,Agri06_Biochar,DE7,0.0
2020,Agri06_Biochar,DE8,0.0
2020,Agri06_Biochar,DE9,0.0
2020,Agri06_Biochar,DEA,0.0
2020,Agri06_Biochar,DEB,0.0
2020,Agri06_Biochar,DEC,0.0
2020,Agri06_Biochar,DEE,0.0
2020,Agri06_Biochar,DED,0.0
2020,Agri06_Biochar,DEF,0.0
2020,Agri06_Biochar,DEG,0.0
2021,Agri01_AGC,DE1,0.0
2021,Agri01_AGC,DE2,0.0
2021,Agri01_AGC,DE3,0.0
2021,Agri01_AGC,DE4,0.0
2021,Agri01_AGC,DE5,0.0
2021,Agri01_AGC,DE6,0.0
2021,Agri01_AGC,DE7,0.0
2021,Agri01_AGC,DE8,0.0
2021,Agri01_AGC,DE9,0.0
2021,Agri01_AGC,DEA,0.0
2021,Agri01_AGC,DEB,0.0
2021,Agri01_AGC,DEC,0.0
2021,Agri01_AGC,DEE,0.0
2021,Agri01_AGC,DED,0.0
2021,Agri01_AGC,DEF,0.0
2021,Agri01_AGC,DEG,0.0
2021,Agri02_OFC,DE1,0.0
2021,Agri02_OFC,DE2,0.0
2021,Agri02_OFC,DE3,0.0
2021,Agri02_OFC,DE4,0.0
2021,Agri02_OFC,DE5,0.0
2021,Agri02_OFC,DE6,0.0
2021,Agri02_OFC,DE7,0.0
2021,Agri02_OFC,DE8,0.0
2021,Agri02_OFC,DE9,0.0
2021,Agri02_OFC,DEA,0.0
2021,Agri02_OFC,DEB,0.0
2021,Agri02_OFC,DEC,0.0
2021,Agri02_OFC,DEE,0.0
2021,Agri02_OFC,DED,0.0
2021,Agri02_OFC,DEF,0.0
2021,Agri02_OFC,DEG,0.0
2021,Agri03_No-till,DE1,0.0
2021,Agri03_No-till,DE2,0.0
2021,Agri03_No-till,DE3,0.0
2021,Agri03_No-till,DE4,0.0
2021,Agri03_No-till,DE5,0.0
2021,Agri03_No-till,DE6,0.0
2021,Agri03_No-till,DE7,0.0
2021,Agri03_No-till,DE8,0.0
2021,Agri03_No-till,DE9,0.0
2021,Agri03_No-till,DEA,0.0
2021,Agri03_No-till,DEB,0.0
2021,Agri03_No-till,DEC,0.0
2021,Agri03_No-till,DEE,0.0
2021,Agri03_No-till,DED,0.0
2021,Agri03_No-till,DEF,0.0
2021,Agri03_No-till,DEG,0.0
2021,Agri04_toGrassland,DE1,0.0
2021,Agri04_toGrassland,DE2,0.0
2021,Agri04_toGrassland,DE3,0.0
2021,Agri04_toGrassland,DE4,0.0
2021,Agri04_toGrassland,DE5,0.0
2021,Agri04_toGrassland,DE6,0.0
2021,Agri04_toGrassland,DE7,0.0
2021,Agri04_toGrassland,DE8,0.0
2021,Agri04_toGrassland,DE9,0.0
2021,Agri04_toGrassland,DEA,0.0
2021,Agri04_toGrassland,DEB,0.0
2021,Agri04_toGrassland,DEC,0.0
2021,Agri04_toGrassland,DEE,0.0
2021,Agri04_toGrassland,DED,0.0
2021,Agri04_toGrassland,DEF,0.0
2021,Agri04_toGrassland,DEG,0.0
2021,Agri05_Agroforestry,DE1,842.3959134243154
2021,Agri05_Agroforestry,DE2,1836.7504899644246
2021,Agri05_Agroforestry,DE3,1.7151966508704921
2021,Agri05_Agroforestry,DE4,726.3326420551376
2021,Agri05_Agroforestry,DE5,5.514526952611857
2021,Agri05_Agroforestry,DE6,9.057838222761864
2021,Agri05_Agroforestry,DE7,473.71471967375044
2021,Agri05_Agroforestry,DE8,801.3224399480562
2021,Agri05_Agroforestry,DE9,1516.6675365027138
2021,Agri05_Agroforestry,DEA,880.1938934114353
2021,Agri05_Agroforestry,DEB,437.9607692924721
2021,Agri05_Agroforestry,DEC,46.56913200497929
2021,Agri05_Agroforestry,DEE,671.7192524927134
2021,Agri05_Agroforestry,DED,499.8538276604978
2021,Agri05_Agroforestry,DEF,579.192331800296
2021,Agri05_Agroforestry,DEG,463.03948994296286
2021,Agri06_Biochar,DE1,0.0
2021,Agri06_Biochar,DE2,0.0
2021,Agri06_Biochar,DE3,0.0
2021,Agri06_Biochar,DE4,0.0
2021,Agri06_Biochar,DE5,0.0
2021,Agri06_Biochar,DE6,0.0
2021,Agri06_Biochar,DE7,0.0
2021,Agri06_Biochar,DE8,0.0
2021,Agri06_Biochar,DE9,0.0
2021,Agri06_Biochar,DEA,0.0
2021,Agri06_Biochar,DEB,0.0
2021,Agri06_Biochar,DEC,0.0
2021,Agri06_Biochar,DEE,0.0
2021,Agri06_Biochar,DED,0.0
2021,Agri06_Biochar,DEF,0.0
2021,Agri06_Biochar,DEG,0.0
2022,Agri01_AGC,DE1,0.0
2022,Agri01_AGC,DE2,0.0
2022,Agri01_AGC,DE3,0.0
2022,Agri01_AGC,DE4,0.0
2022,Agri01_AGC,DE5,0.0
2022,Agri01_AGC,DE6,0.0
2022,Agri01_AGC,DE7,0.0
2022,Agri01_AGC,DE8,0.0
2022,Agri01_AGC,DE9,0.0
2022,Agri01_AGC,DEA,0.0
2022,Agri01_AGC,DEB,0.0
2022,Agri01_AGC,DEC,0.0
2022,Agri01_AGC,DEE,0.0
2022,Agri01_AGC,DED,0.0
2022,Agri01_AGC,DEF,0.0
2022,Agri01_AGC,DEG,0.0
2022,Agri02_OFC,DE1,0.0
2022,Agri02_OFC,DE2,0.0
2022,Agri02_OFC,DE3,0.0
2022,Agri02_OFC,DE4,0.0
2022,Agri02_OFC,DE5,0.0
2022,Agri02_OFC,DE6,0.0
2022,Agri02_OFC,DE7,0.0
2022,Agri02_OFC,DE8,0.0
2022,Agri02_OFC,DE9,0.0
2022,Agri02_OFC,DEA,0.0
2022,Agri02_OFC,DEB,0.0
2022,Agri02_OFC,DEC,0.0
2022,Agri02_OFC,DEE,0.0
2022,Agri02_OFC,DED,0.0
2022,Agri02_OFC,DEF,0.0
2022,Agri02_OFC,DEG,0.0
2022,Agri03_No-till,DE1,0.0
2022,Agri03_No-till,DE2,0.0
2022,Agri03_No-till,DE3,0.0
2022,Agri03_No-till,DE4,0.0
2022,Agri03_No-till,DE5,0.0
2022,Agri03_No-till,DE6,0.0
2022,Agri03_No-till,DE7,0.0
2022,Agri03_No-till,DE8,0.0
2022,Agri03_No-till,DE9,0.0
2022,Agri03_No-till,DEA,0.0
2022,Agri03_No-till,DEB,0.0
2022,Agri03_No-till,DEC,0.0
2022,Agri03_No-till,DEE,0.0
2022,Agri03_No-till,DED,0.0
2022,Agri03_No-till,DEF,0.0
2022,Agri03_No-till,DEG,0.0
2022,Agri04_toGrassland,DE1,0.0
2022,Agri04_toGrassland,DE2,0.0
2022,Agri04_toGrassland,DE3,0.0
2022,Agri04_toGrassland,DE4,0.0
2022,Agri04_toGrassland,DE5,0.0
2022,Agri04_toGrassland,DE6,0.0
2022,Agri04_toGrassland,DE7,0.0
2022,Agri04_toGrassland,DE8,0.0
2022,Agri04_toGrassland,DE9,0.0
2022,Agri04_toGrassland,DEA,0.0
2022,Agri04_toGrassland,DEB,0.0
2022,Agri04_toGrassland,DEC,0.0
2022,Agri04_toGrassland,DEE,0.0
2022,Agri04_toGrassland,DED,0.0
2022,Agri04_toGrassland,DEF,0.0
2022,Agri04_toGrassland,DEG,0.0
2022,Agri05_Agroforestry,DE1,2011.905478477729
2022,Agri05_Agroforestry,DE2,3967.4694790066105
2022,Agri05_Agroforestry,DE3,94.54500000000002
2022,Agri05_Agroforestry,DE4,1808.099445005285
2022,Agri05_Agroforestry,DE5,174.38077884158056
2022,Agri05_Agroforestry,DE6,33.08632547983604
2022,Agri05_Agroforestry,DE7,983.8860597952475
2022,Agri05_Agroforestry,DE8,1927.1627403671841
2022,Agri05_Agroforestry,DE9,3334.008096924678
2022,Agri05_Agroforestry,DEA,2082.276598845163
2022,Agri05_Agroforestry,DEB,1104.7007533773574
2022,Agri05_Agroforestry,DEC,331.96315031681894
2022,Agri05_Agroforestry,DEE,1570.1468766898925
2022,Agri05_Agroforestry,DED,1228.7695063846245
2022,Agri05_Agroforestry,DEF,1139.2029705512805
2022,Agri05_Agroforestry,DEG,910.7690482318587
2022,Agri06_Biochar,DE1,0.0
2022,Agri06_Biochar,DE2,0.0
2022,Agri06_Biochar,DE3,0.0
2022,Agri06_Biochar,DE4,0.0
2022,Agri06_Biochar,DE5,0.0
2022,Agri06_Biochar,DE6,0.0
2022,Agri06_Biochar,DE7,0.0
2022,Agri06_Biochar,DE8,0.0
2022,Agri06_Biochar,DE9,0.0
2022,Agri06_Biochar,DEA,0.0
2022,Agri06_Biochar,DEB,0.0
2022,Agri06_Biochar,DEC,0.0
2022,Agri06_Biochar,DEE,0.0
2022,Agri06_Biochar,DED,0.0
2022,Agri06_Biochar,DEF,0.0
2022,Agri06_Biochar,DEG,0.0
2023,Agri01_AGC,DE1,0.0
2023,Agri01_AGC,DE2,0.0
2023,Agri01_AGC,DE3,0.0
2023,Agri01_AGC,DE4,0.0
2023,Agri01_AGC,DE5,0.0
2023,Agri01_AGC,DE6,0.0
2023,Agri01_AGC,DE7,0.0
2023,Agri01_AGC,DE8,0.0
2023,Agri01_AGC,DE9,0.0
2023,Agri01_AGC,DEA,0.0
2023,Agri01_AGC,DEB,0.0
2023,Agri01_AGC,DEC,0.0
2023,Agri01_AGC,DEE,0.0
2023,Agri01_AGC,DED,0.0
2023,Agri01_AGC,DEF,0.0
2023,Agri01_AGC,DEG,0.0
2023,Agri02_OFC,DE1,0.0
2023,Agri02_OFC,DE2,0.0
2023,Agri02_OFC,DE3,0.0
2023,Agri02_OFC,DE4,0.0
2023,Agri02_OFC,DE5,0.0
2023,Agri02_OFC,DE6,0.0
2023,Agri02_OFC,DE7,0.0
2023,Agri02_OFC,DE8,0.0
2023,Agri02_OFC,DE9,0.0
2023,Agri02_OFC,DEA,0.0
2023,Agri02_OFC,DEB,0.0
2023,Agri02_OFC,DEC,0.0
2023,Agri02_OFC,DEE,0.0
2023,Agri02_OFC,DED,0.0
2023,Agri02_OFC,DEF,0.0
2023,Agri02_OFC,DEG,0.0
2023,Agri03_No-till,DE1,0.0
2023,Agri03_No-till,DE2,0.0
2023,Agri03_No-till,DE3,0.0
2023,Agri03_No-till,DE4,0.0
2023,Agri03_No-till,DE5,0.0
2023,Agri03_No-till,DE6,0.0
2023,Agri03_No-till,DE7,0.0
2023,Agri03_No-till,DE8,0.0
2023,Agri03_No-till,DE9,0.0
2023,Agri03_No-till,DEA,0.0
2023,Agri03_No-till,DEB,0.0
2023,Agri03_No-till,DEC,0.0
2023,Agri03_No-till,DEE,0.0
2023,Agri03_No-till,DED,0.0
2023,Agri03_No-till,DEF,0.0
2023,Agri03_No-till,DEG,0.0
2023,Agri04_toGrassland,DE1,0.0
2023,Agri04_toGrassland,DE2,0.0
2023,Agri04_toGrassland,DE3,0.0
2023,Agri04_toGrassland,DE4,0.0
2023,Agri04_toGrassland,DE5,0.0
2023,Agri04_toGrassland,DE6,0.0
2023,Agri04_toGrassland,DE7,0.0
2023,Agri04_toGrassland,DE8,0.0
2023,Agri04_toGrassland,DE9,0.0
2023,Agri04_toGrassland,DEA,0.0
2023,Agri04_toGrassland,DEB,0.0
2023,Agri04_toGrassland,DEC,0.0
2023,Agri04_toGrassland,DEE,0.0
2023,Agri04_toGrassland,DED,0.0
2023,Agri04_toGrassland,DEF,0.0
2023,Agri04_toGrassland,DEG,0.0
2023,Agri05_Agroforestry,DE1,3508.52869516024
2023,Agri05_Agroforestry,DE2,6392.156967126557
2023,Agri05_Agroforestry,DE3,94.54500000000002
2023,Agri05_Agroforestry,DE4,3245.300408850442
2023,Agri05_Agroforestry,DE5,506.5987556669062
2023,Agri05_Agroforestry,DE6,72.08546177122254
2023,Agri05_Agroforestry,DE7,1530.5140203644912
2023,Agri05_Agroforestry,DE8,3377.520901257384
2023,Agri05_Agroforestry,DE9,5452.021681265891
2023,Agri05_Agroforestry,DEA,3606.248116301183
2023,Agri05_Agroforestry,DEB,2000.2199522546557
2023,Agri05_Agroforestry,DEC,856.1820549355189
2023,Agri05_Agroforestry,DEE,2695.282872591537
2023,Agri05_Agroforestry,DED,2186.74703617238
2023,Agri05_Agroforestry,DEF,1680.0319162529536
2023,Agri05_Agroforestry,DEG,1343.1886748666877
2023,Agri06_Biochar,DE1,0.0
2023,Agri06_Biochar,DE2,0.0
2023,Agri06_Biochar,DE3,0.0
2023,Agri06_Biochar,DE4,0.0
2023,Agri06_Biochar,DE5,0.0
2023,Agri06_Biochar,DE6,0.0
2023,Agri06_Biochar,DE7,0.0
2023,Agri06_Biochar,DE8,0.0
2023,Agri06_Biochar,DE9,0.0
2023,Agri06_Biochar,DEA,0.0
2023,Agri06_Biochar,DEB,0.0
2023,Agri06_Biochar,DEC,0.0
2023,Agri06_Biochar,DEE,0.0
2023,Agri06_Biochar,DED,0.0
2023,Agri06_Biochar,DEF,0.0
2023,Agri06_Biochar,DEG,0.0
2024,Agri01_AGC,DE1,0.0
2024,Agri01_AGC,DE2,0.0
2024,Agri01_AGC,DE3,0.0
2024,Agri01_AGC,DE4,0.0
2024,Agri01_AGC,DE5,0.0
2024,Agri01_AGC,DE6,0.0
2024,Agri01_AGC,DE7,0.0
2024,Agri01_AGC,DE8,0.0
2024,Agri01_AGC,DE9,0.0
2024,Agri01_AGC,DEA,0.0
2024,Agri01_AGC,DEB,0.0
2024,Agri01_AGC,DEC,0.0
2024,Agri01_AGC,DEE,0.0
2024,Agri01_AGC,DED,0.0
2024,Agri01_AGC,DEF,0.0
2024,Agri01_AGC,DEG,0.0
2024,Agri02_OFC,DE1,0.0
2024,Agri02_OFC,DE2,0.0
2024,Agri02_OFC,DE3,0.0
2024,Agri02_OFC,DE4,0.0
2024,Agri02_OFC,DE5,0.0
2024,Agri02_OFC,DE6,0.0
2024,Agri02_OFC,DE7,0.0
2024,Agri02_OFC,DE8,0.0
2024,Agri02_OFC,DE9,0.0
2024,Agri02_OFC,DEA,0.0
2024,Agri02_OFC,DEB,0.0
2024,Agri02_OFC,DEC,0.0
2024,Agri02_OFC,DEE,0.0
2024,Agri02_OFC,DED,0.0
2024,Agri02_OFC,DEF,0.0
2024,Agri02_OFC,DEG,0.0
2024,Agri03_No-till,DE1,0.0
2024,Agri03_No-till,DE2,0.0
2024,Agri03_No-till,DE3,0.0
2024,Agri03_No-till,DE4,0.0
2024,Agri03_No-till,DE5,0.0
2024,Agri03_No-till,DE6,0.0
2024,Agri03_No-till,DE7,0.0
2024,Agri03_No-till,DE8,0.0
2024,Agri03_No-till,DE9,0.0
2024,Agri03_No-till,DEA,0.0
2024,Agri03_No-till,DEB,0.0
2024,Agri03_No-till,DEC,0.0
2024,Agri03_No-till,DEE,0.0
2024,Agri03_No-till,DED,0.0
2024,Agri03_No-till,DEF,0.0
2024,Agri03_No-till,DEG,0.0
2024,Agri04_toGrassland,DE1,0.0
2024,Agri04_toGrassland,DE2,0.0
2024,Agri04_toGrassland,DE3,0.0
2024,Agri04_toGrassland,DE4,0.0
2024,Agri04_toGrassland,DE5,0.0
2024,Agri04_toGrassland,DE6,0.0
2024,Agri04_toGrassland,DE7,0.0
2024,Agri04_toGrassland,DE8,0.0
2024,Agri04_toGrassland,DE9,0.0
2024,Agri04_toGrassland,DEA,0.0
2024,Agri04_toGrassland,DEB,0.0
2024,Agri04_toGrassland,DEC,0.0
2024,Agri04_toGrassland,DEE,0.0
2024,Agri04_toGrassland,DED,0.0
2024,Agri04_toGrassland,DEF,0.0
2024,Agri04_toGrassland,DEG,0.0
2024,Agri05_Agroforestry,DE1,5332.26556347185
2024,Agri05_Agroforestry,DE2,9110.812954324265
2024,Agri05_Agroforestry,DE3,94.54500000000002
2024,Agri05_Agroforestry,DE4,5037.935533590609
2024,Agri05_Agroforestry,DE5,776.162
2024,Agri05_Agroforestry,DE6,126.05524709692136
2024,Agri05_Agroforestry,DE7,2113.5986013814813
2024,Agri05_Agroforestry,DE8,5152.3969226186555
2024,Agri05_Agroforestry,DE9,7870.708289526354
2024,Agri05_Agroforestry,DEA,5452.108445779496
2024,Agri05_Agroforestry,DEB,3124.5183659243676
2024,Agri05_Agroforestry,DEC,1619.2258458610793
2024,Agri05_Agroforestry,DEE,4047.1272401976466
2024,Agri05_Agroforestry,DED,3373.7864170237644
2024,Agri05_Agroforestry,DEF,2201.6791689053152
2024,Agri05_Agroforestry,DEG,1760.2983698474497
2024,Agri06_Biochar,DE1,0.0
2024,Agri06_Biochar,DE2,0.0
2024,Agri06_Biochar,DE3,0.0
2024,Agri06_Biochar,DE4,0.0
2024,Agri06_Biochar,DE5,0.0
2024,Agri06_Biochar,DE6,0.0
2024,Agri06_Biochar,DE7,0.0
2024,Agri06_Biochar,DE8,0.0
2024,Agri06_Biochar,DE9,0.0
2024,Agri06_Biochar,DEA,0.0
2024,Agri06_Biochar,DEB,0.0
2024,Agri06_Biochar,DEC,0.0
2024,Agri06_Biochar,DEE,0.0
2024,Agri06_Biochar,DED,0.0
2024,Agri06_Biochar,DEF,0.0
2024,Agri06_Biochar,DEG,0.0
2025,Agri01_AGC,DE1,0.0
2025,Agri01_AGC,DE2,0.0
2025,Agri01_AGC,DE3,0.0
2025,Agri01_AGC,DE4,0.0
2025,Agri01_AGC,DE5,0.0
2025,Agri01_AGC,DE6,0.0
2025,Agri01_AGC,DE7,0.0
2025,Agri01_AGC,DE8,0.0
2025,Agri01_AGC,DE9,0.0
2025,Agri01_AGC,DEA,0.0
2025,Agri01_AGC,DEB,0.0
2025,Agri01_AGC,DEC,0.0
2025,Agri01_AGC,DEE,0.0
2025,Agri01_AGC,DED,0.0
2025,Agri01_AGC,DEF,0.0
2025,Agri01_AGC,DEG,0.0
2025,Agri02_OFC,DE1,0.0
2025,Agri02_OFC,DE2,0.0
2025,Agri02_OFC,DE3,0.0
2025,Agri02_OFC,DE4,0.0
2025,Agri02_OFC,DE5,0.0
2025,Agri02_OFC,DE6,0.0
2025,Agri02_OFC,DE7,0.0
2025,Agri02_OFC,DE8,0.0
2025,Agri02_OFC,DE9,0.0
2025,Agri02_OFC,DEA,0.0
2025,Agri02_OFC,DEB,0.0
2025,Agri02_OFC,DEC,0.0
2025,Agri02_OFC,DEE,0.0
2025,Agri02_OFC,DED,0.0
2025,Agri02_OFC,DEF,0.0
2025,Agri02_OFC,DEG,0.0
2025,Agri03_No-till,DE1,0.0
2025,Agri03_No-till,DE2,0.0
2025,Agri03_No-till,DE3,0.0
2025,Agri03_No-till,DE4,0.0
2025,Agri03_No-till,DE5,0.0
2025,Agri03_No-till,DE6,0.0
2025,Agri03_No-till,DE7,0.0
2025,Agri03_No-till,DE8,0.0
2025,Agri03_No-till,DE9,0.0
2025,Agri03_No-till,DEA,0.0
2025,Agri03_No-till,DEB,0.0
2025,Agri03_No-till,DEC,0.0
2025,Agri03_No-till,DEE,0.0
2025,Agri03_No-till,DED,0.0
2025,Agri03_No-till,DEF,0.0
2025,Agri03_No-till,DEG,0.0
2025,Agri04_toGrassland,DE1,0.0
2025,Agri04_toGrassland,DE2,0.0
2025,Agri04_toGrassland,DE3,0.0
2025,Agri04_toGrassland,DE4,0.0
2025,Agri04_toGrassland,DE5,0.0
2025,Agri04_toGrassland,DE6,0.0
2025,Agri04_toGrassland,DE7,0.0
2025,Agri04_toGrassland,DE8,0.0
2025,Agri04_toGrassland,DE9,0.0
2025,Agri04_toGrassland,DEA,0.0
2025,Agri04_toGrassland,DEB,0.0
2025,Agri04_toGrassland,DEC,0.0
2025,Agri04_toGrassland,DEE,0.0
2025,Agri04_toGrassland,DED,0.0
2025,Agri04_toGrassland,DEF,0.0
2025,Agri04_toGrassland,DEG,0.0
2025,Agri05_Agroforestry,DE1,7483.1160834125585
2025,Agri05_Agroforestry,DE2,12123.437440599733
2025,Agri05_Agroforestry,DE3,94.54500000000002
2025,Agri05_Agroforestry,DE4,7186.004819225787
2025,Agri05_Agroforestry,DE5,776.162
2025,Agri05_Agroforestry,DE6,194.99568145693252
2025,Agri05_Agroforestry,DE7,2733.139802846218
2025,Agri05_Agroforestry,DE8,7251.790804450999
2025,Agri05_Agroforestry,DE9,10590.067921706068
2025,Agri05_Agroforestry,DEA,7619.857587280101
2025,Agri05_Agroforestry,DEB,4477.595994386493
2025,Agri05_Agroforestry,DEC,2621.0945230935
2025,Agri05_Agroforestry,DEE,5625.6799795082225
2025,Agri05_Agroforestry,DED,4789.887648938778
2025,Agri05_Agroforestry,DEF,2704.1447285083655
2025,Agri05_Agroforestry,DEG,2162.098133174145
2025,Agri06_Biochar,DE1,0.0
2025,Agri06_Biochar,DE2,0.0
2025,Agri06_Biochar,DE3,0.0
2025,Agri06_Biochar,DE4,0.0
2025,Agri06_Biochar,DE5,0.0
2025,Agri06_Biochar,DE6,0.0
2025,Agri06_Biochar,DE7,0.0
2025,Agri06_Biochar,DE8,0.0
2025,Agri06_Biochar,DE9,0.0
2025,Agri06_Biochar,DEA,0.0
2025,Agri06_Biochar,DEB,0.0
2025,Agri06_Biochar,DEC,0.0
2025,Agri06_Biochar,DEE,0.0
2025,Agri06_Biochar,DED,0.0
2025,Agri06_Biochar,DEF,0.0
2025,Agri06_Biochar,DEG,0.0
2026,Agri01_AGC,DE1,0.0
2026,Agri01_AGC,DE2,0.0
2026,Agri01_AGC,DE3,0.0
2026,Agri01_AGC,DE4,0.0
2026,Agri01_AGC,DE5,0.0
2026,Agri01_AGC,DE6,0.0
2026,Agri01_AGC,DE7,0.0
2026,Agri01_AGC,DE8,0.0
2026,Agri01_AGC,DE9,0.0
2026,Agri01_AGC,DEA,0.0
2026,Agri01_AGC,DEB,0.0
2026,Agri01_AGC,DEC,0.0
2026,Agri01_AGC,DEE,0.0
2026,Agri01_AGC,DED,0.0
2026,Agri01_AGC,DEF,0.0
2026,Agri01_AGC,DEG,0.0
2026,Agri02_OFC,DE1,0.0
2026,Agri02_OFC,DE2,0.0
2026,Agri02_OFC,DE3,0.0
2026,Agri02_OFC,DE4,0.0
2026,Agri02_OFC,DE5,0.0
2026,Agri02_OFC,DE6,0.0
2026,Agri02_OFC,DE7,0.0
2026,Agri02_OFC,DE8,0.0
2026,Agri02_OFC,DE9,0.0
2026,Agri02_OFC,DEA,0.0
2026,Agri02_OFC,DEB,0.0
2026,Agri02_OFC,DEC,0.0
2026,Agri02_OFC,DEE,0.0
2026,Agri02_OFC,DED,0.0
2026,Agri02_OFC,DEF,0.0
2026,Agri02_OFC,DEG,0.0
2026,Agri03_No-till,DE1,0.0
2026,Agri03_No-till,DE2,0.0
2026,Agri03_No-till,DE3,0.0
2026,Agri03_No-till,DE4,0.0
2026,Agri03_No-till,DE5,0.0
2026,Agri03_No-till,DE6,0.0
2026,Agri03_No-till,DE7,0.0
2026,Agri03_No-till,DE8,0.0
2026,Agri03_No-till,DE9,0.0
2026,Agri03_No-till,DEA,0.0
2026,Agri03_No-till,DEB,0.0
2026,Agri03_No-till,DEC,0.0
2026,Agri03_No-till,DEE,0.0
2026,Agri03_No-till,DED,0.0
2026,Agri03_No-till,DEF,0.0
2026,Agri03_No-till,DEG,0.0
2026,Agri04_toGrassland,DE1,0.0
2026,Agri04_toGrassland,DE2,0.0
2026,Agri04_toGrassland,DE3,0.0
2026,Agri04_toGrassland,DE4,0.0
2026,Agri04_toGrassland,DE5,0.0
2026,Agri04_toGrassland,DE6,0.0
2026,Agri04_toGrassland,DE7,0.0
2026,Agri04_toGrassland,DE8,0.0
2026,Agri04_toGrassland,DE9,0.0
2026,Agri04_toGrassland,DEA,0.0
2026,Agri04_toGrassland,DEB,0.0
2026,Agri04_toGrassland,DEC,0.0
2026,Agri04_toGrassland,DEE,0.0
2026,Agri04_toGrassland,DED,0.0
2026,Agri04_toGrassland,DEF,0.0
2026,Agri04_toGrassland,DEG,0.0
2026,Agri05_Agroforestry,DE1,9961.080254982364
2026,Agri05_Agroforestry,DE2,15430.030425952964
2026,Agri05_Agroforestry,DE3,94.54500000000002
2026,Agri05_Agroforestry,DE4,9689.508265755974
2026,Agri05_Agroforestry,DE5,776.162
2026,Agri05_Agroforestry,DE6,278.90676485125596
2026,Agri05_Agroforestry,DE7,3389.1376247587013
2026,Agri05_Agroforestry,DE8,9675.702546754414
2026,Agri05_Agroforestry,DE9,13610.100577805031
2026,Agri05_Agroforestry,DEA,10109.495540803
2026,Agri05_Agroforestry,DEB,6059.452837641031
2026,Agri05_Agroforestry,DEC,3458.3510000000006
2026,Agri05_Agroforestry,DEE,7430.9410905232635
2026,Agri05_Agroforestry,DED,6435.050731917419
2026,Agri05_Agroforestry,DEF,3187.4285950621047
2026,Agri05_Agroforestry,DEG,2548.587964846773
2026,Agri06_Biochar,DE1,0.0
2026,Agri06_Biochar,DE2,0.0
2026,Agri06_Biochar,DE3,0.0
2026,Agri06_Biochar,DE4,0.0
2026,Agri06_Biochar,DE5,0.0
2026,Agri06_Biochar,DE6,0.0
2026,Agri06_Biochar,DE7,0.0
2026,Agri06_Biochar,DE8,0.0
2026,Agri06_Biochar,DE9,0.0
2026,Agri06_Biochar,DEA,0.0
2026,Agri06_Biochar,DEB,0.0
2026,Agri06_Biochar,DEC,0.0
2026,Agri06_Biochar,DEE,0.0
2026,Agri06_Biochar,DED,0.0
2026,Agri06_Biochar,DEF,0.0
2026,Agri06_Biochar,DEG,0.0
2027,Agri01_AGC,DE1,0.0
2027,Agri01_AGC,DE2,0.0
2027,Agri01_AGC,DE3,0.0
2027,Agri01_AGC,DE4,0.0
2027,Agri01_AGC,DE5,0.0
2027,Agri01_AGC,DE6,0.0
2027,Agri01_AGC,DE7,0.0
2027,Agri01_AGC,DE8,0.0
2027,Agri01_AGC,DE9,0.0
2027,Agri01_AGC,DEA,0.0
2027,Agri01_AGC,DEB,0.0
2027,Agri01_AGC,DEC,0.0
2027,Agri01_AGC,DEE,0.0
2027,Agri01_AGC,DED,0.0
2027,Agri01_AGC,DEF,0.0
2027,Agri01_AGC,DEG,0.0
2027,Agri02_OFC,DE1,0.0
2027,Agri02_OFC,DE2,0.0
2027,Agri02_OFC,DE3,0.0
2027,Agri02_OFC,DE4,0.0
2027,Agri02_OFC,DE5,0.0
2027,Agri02_OFC,DE6,0.0
2027,Agri02_OFC,DE7,0.0
2027,Agri02_OFC,DE8,0.0
2027,Agri02_OFC,DE9,0.0
2027,Agri02_OFC,DEA,0.0
2027,Agri02_OFC,DEB,0.0
2027,Agri02_OFC,DEC,0.0
2027,Agri02_OFC,DEE,0.0
2027,Agri02_OFC,DED,0.0
2027,Agri02_OFC,DEF,0.0
2027,Agri02_OFC,DEG,0.0
2027,Agri03_No-till,DE1,0.0
2027,Agri03_No-till,DE2,0.0
2027,Agri03_No-till,DE3,0.0
2027,Agri03_No-till,DE4,0.0
2027,Agri03_No-till,DE5,0.0
2027,Agri03_No-till,DE6,0.0
2027,Agri03_No-till,DE7,0.0
2027,Agri03_No-till,DE8,0.0
2027,Agri03_No-till,DE9,0.0
2027,Agri03_No-till,DEA,0.0
2027,Agri03_No-till,DEB,0.0
2027,Agri03_No-till,DEC,0.0
2027,Agri03_No-till,DEE,0.0
2027,Agri03_No-till,DED,0.0
2027,Agri03_No-till,DEF,0.0
2027,Agri03_No-till,DEG,0.0
2027,Agri04_toGrassland,DE1,0.0
2027,Agri04_toGrassland,DE2,0.0
2027,Agri04_toGrassland,DE3,0.0
2027,Agri04_toGrassland,DE4,0.0
2027,Agri04_toGrassland,DE5,0.0
2027,Agri04_toGrassland,DE6,0.0
2027,Agri04_toGrassland,DE7,0.0
2027,Agri04_toGrassland,DE8,0.0
2027,Agri04_toGrassland,DE9,0.0
2027,Agri04_toGrassland,DEA,0.0
2027,Agri04_toGrassland,DEB,0.0
2027,Agri04_toGrassland,DEC,0.0
2027,Agri04_toGrassland,DEE,0.0
2027,Agri04_toGrassland,DED,0.0
2027,Agri04_toGrassland,DEF,0.0
2027,Agri04_toGrassland,DEG,0.0
2027,Agri05_Agroforestry,DE1,12766.158078181268
2027,Agri05_Agroforestry,DE2,19030.591910383955
2027,Agri05_Agroforestry,DE3,94.54500000000002
2027,Agri05_Agroforestry,DE4,12548.445873181172
2027,Agri05_Agroforestry,DE5,776.162
2027,Agri05_Agroforestry,DE6,377.7884972798917
2027,Agri05_Agroforestry,DE7,4081.5920671189315
2027,Agri05_Agroforestry,DE8,12424.132149528901
2027,Agri05_Agroforestry,DE9,16930.806257823246
2027,Agri05_Agroforestry,DEA,12921.02230634819
2027,Agri05_Agroforestry,DEB,7870.088895687982
2027,Agri05_Agroforestry,DEC,3458.3510000000006
2027,Agri05_Agroforestry,DEE,9462.91057324277
2027,Agri05_Agroforestry,DED,8309.27566595969
2027,Agri05_Agroforestry,DEF,3651.5307685665325
2027,Agri05_Agroforestry,DEG,2919.7678648653346
2027,Agri06_Biochar,DE1,0.0
2027,Agri06_Biochar,DE2,0.0
2027,Agri06_Biochar,DE3,0.0
2027,Agri06_Biochar,DE4,0.0
2027,Agri06_Biochar,DE5,0.0
2027,Agri06_Biochar,DE6,0.0
2027,Agri06_Biochar,DE7,0.0
2027,Agri06_Biochar,DE8,0.0
2027,Agri06_Biochar,DE9,0.0
2027,Agri06_Biochar,DEA,0.0
2027,Agri06_Biochar,DEB,0.0
2027,Agri06_Biochar,DEC,0.0
2027,Agri06_Biochar,DEE,0.0
2027,Agri06_Biochar,DED,0.0
2027,Agri06_Biochar,DEF,0.0
2027,Agri06_Biochar,DEG,0.0
2028,Agri01_AGC,DE1,0.0
2028,Agri01_AGC,DE2,0.0
2028,Agri01_AGC,DE3,0.0
2028,Agri01_AGC,DE4,0.0
2028,Agri01_AGC,DE5,0.0
2028,Agri01_AGC,DE6,0.0
2028,Agri01_AGC,DE7,0.0
2028,Agri01_AGC,DE8,0.0
2028,Agri01_AGC,DE9,0.0
2028,Agri01_AGC,DEA,0.0
2028,Agri01_AGC,DEB,0.0
2028,Agri01_AGC,DEC,0.0
2028,Agri01_AGC,DEE,0.0
2028,Agri01_AGC,DED,0.0
2028,Agri01_AGC,DEF,0.0
2028,Agri01_AGC,DEG,0.0
2028,Agri02_OFC,DE1,0.0
2028,Agri02_OFC,DE2,0.0
2028,Agri02_OFC,DE3,0.0
2028,Agri02_OFC,DE4,0.0
2028,Agri02_OFC,DE5,0.0
2028,Agri02_OFC,DE6,0.0
2028,Agri02_OFC,DE7,0.0
2028,Agri02_OFC,DE8,0.0
2028,Agri02_OFC,DE9,0.0
2028,Agri02_OFC,DEA,0.0
2028,Agri02_OFC,DEB,0.0
2028,Agri02_OFC,DEC,0.0
2028,Agri02_OFC,DEE,0.0
2028,Agri02_OFC,DED,0.0
2028,Agri02_OFC,DEF,0.0
2028,Agri02_OFC,DEG,0.0
2028,Agri03_No-till,DE1,0.0
2028,Agri03_No-till,DE2,0.0
2028,Agri03_No-till,DE3,0.0
2028,Agri03_No-till,DE4,0.0
2028,Agri03_No-till,DE5,0.0
2028,Agri03_No-till,DE6,0.0
2028,Agri03_No-till,DE7,0.0
2028,Agri03_No-till,DE8,0.0
2028,Agri03_No-till,DE9,0.0
2028,Agri03_No-till,DEA,0.0
2028,Agri03_No-till,DEB,0.0
2028,Agri03_No-till,DEC,0.0
2028,Agri03_No-till,DEE,0.0
2028,Agri03_No-till,DED,0.0
2028,Agri03_No-till,DEF,0.0
2028,Agri03_No-till,DEG,0.0
2028,Agri04_toGrassland,DE1,0.0
2028,Agri04_toGrassland,DE2,0.0
2028,Agri04_toGrassland,DE3,0.0
2028,Agri04_toGrassland,DE4,0.0
2028,Agri04_toGrassland,DE5,0.0
2028,Agri04_toGrassland,DE6,0.0
2028,Agri04_toGrassland,DE7,0.0
2028,Agri04_toGrassland,DE8,0.0
2028,Agri04_toGrassland,DE9,0.0
2028,Agri04_toGrassland,DEA,0.0
2028,Agri04_toGrassland,DEB,0.0
2028,Agri04_toGrassland,DEC,0.0
2028,Agri04_toGrassland,DEE,0.0
2028,Agri04_toGrassland,DED,0.0
2028,Agri04_toGrassland,DEF,0.0
2028,Agri04_toGrassland,DEG,0.0
2028,Agri05_Agroforestry,DE1,15898.34955300927
2028,Agri05_Agroforestry,DE2,22925.12189389271
2028,Agri05_Agroforestry,DE3,94.54500000000002
2028,Agri05_Agroforestry,DE4,15762.817641501379
2028,Agri05_Agroforestry,DE5,776.162
2028,Agri05_Agroforestry,DE6,491.6408787428398
2028,Agri05_Agroforestry,DE7,4810.503129926908
2028,Agri05_Agroforestry,DE8,15497.079612774462
2028,Agri05_Agroforestry,DE9,20552.184961760708
2028,Agri05_Agroforestry,DEA,16054.437883915673
2028,Agri05_Agroforestry,DEB,9909.504168527346
2028,Agri05_Agroforestry,DEC,3458.3510000000006
2028,Agri05_Agroforestry,DEE,11721.588427666742
2028,Agri05_Agroforestry,DED,10412.56245106559
2028,Agri05_Agroforestry,DEF,4096.451249021649
2028,Agri05_Agroforestry,DEG,3275.637833229829
2028,Agri06_Biochar,DE1,0.0
2028,Agri06_Biochar,DE2,0.0
2028,Agri06_Biochar,DE3,0.0
2028,Agri06_Biochar,DE4,0.0
2028,Agri06_Biochar,DE5,0.0
2028,Agri06_Biochar,DE6,0.0
2028,Agri06_Biochar,DE7,0.0
2028,Agri06_Biochar,DE8,0.0
2028,Agri06_Biochar,DE9,0.0
2028,Agri06_Biochar,DEA,0.0
2028,Agri06_Biochar,DEB,0.0
2028,Agri06_Biochar,DEC,0.0
2028,Agri06_Biochar,DEE,0.0
2028,Agri06_Biochar,DED,0.0
2028,Agri06_Biochar,DEF,0.0
2028,Agri06_Biochar,DEG,0.0
2029,Agri01_AGC,DE1,14780.01048536908
2029,Agri01_AGC,DE2,24717.801884007786
2029,Agri01_AGC,DE3,0.0
2029,Agri01_AGC,DE4,14057.939398233495
2029,Agri01_AGC,DE5,0.0
2029,Agri01_AGC,DE6,0.0
2029,Agri01_AGC,DE7,5670.064834672985
2029,Agri01_AGC,DE8,14298.50854177948
2029,Agri01_AGC,DE9,21447.819778758032
2029,Agri01_AGC,DEA,15086.766644390913
2029,Agri01_AGC,DEB,8158.439966584345
2029,Agri01_AGC,DEC,0.0
2029,Agri01_AGC,DEE,11174.255148856357
2029,Agri01_AGC,DED,9396.148251088376
2029,Agri01_AGC,DEF,5790.805003097776
2029,Agri01_AGC,DEG,4629.948765322232
2029,Agri02_OFC,DE1,0.0
2029,Agri02_OFC,DE2,0.0
2029,Agri02_OFC,DE3,0.0
2029,Agri02_OFC,DE4,0.0
2029,Agri02_OFC,DE5,0.0
2029,Agri02_OFC,DE6,0.0
2029,Agri02_OFC,DE7,0.0
2029,Agri02_OFC,DE8,0.0
2029,Agri02_OFC,DE9,0.0
2029,Agri02_OFC,DEA,0.0
2029,Agri02_OFC,DEB,0.0
2029,Agri02_OFC,DEC,0.0
2029,Agri02_OFC,DEE,0.0
2029,Agri02_OFC,DED,0.0
2029,Agri02_OFC,DEF,0.0
2029,Agri02_OFC,DEG,0.0
2029,Agri03_No-till,DE1,0.0
2029,Agri03_No-till,DE2,0.0
2029,Agri03_No-till,DE3,0.0
2029,Agri03_No-till,DE4,0.0
2029,Agri03_No-till,DE5,0.0
2029,Agri03_No-till,DE6,0.0
2029,Agri03_No-till,DE7,0.0
2029,Agri03_No-till,DE8,0.0
2029,Agri03_No-till,DE9,0.0
2029,Agri03_No-till,DEA,0.0
2029,Agri03_No-till,DEB,0.0
2029,Agri03_No-till,DEC,0.0
2029,Agri03_No-till,DEE,0.0
2029,Agri03_No-till,DED,0.0
2029,Agri03_No-till,DEF,0.0
2029,Agri03_No-till,DEG,0.0
2029,Agri04_toGrassland,DE1,0.0
2029,Agri04_toGrassland,DE2,0.0
2029,Agri04_toGrassland,DE3,0.0
2029,Agri04_toGrassland,DE4,0.0
2029,Agri04_toGrassland,DE5,0.0
2029,Agri04_toGrassland,DE6,0.0
2029,Agri04_toGrassland,DE7,0.0
2029,Agri04_toGrassland,DE8,0.0
2029,Agri04_toGrassland,DE9,0.0
2029,Agri04_toGrassland,DEA,0.0
2029,Agri04_toGrassland,DEB,0.0
2029,Agri04_toGrassland,DEC,0.0
2029,Agri04_toGrassland,DEE,0.0
2029,Agri04_toGrassland,DED,0.0
2029,Agri04_toGrassland,DEF,0.0
2029,Agri04_toGrassland,DEG,0.0
2029,Agri05_Agroforestry,DE1,19357.65467946637
2029,Agri05_Agroforestry,DE2,27113.620376479223
2029,Agri05_Agroforestry,DE3,94.54500000000002
2029,Agri05_Agroforestry,DE4,19332.623570716594
2029,Agri05_Agroforestry,DE5,776.162
2029,Agri05_Agroforestry,DE6,620.4639092401002
2029,Agri05_Agroforestry,DE7,5575.870813182631
2029,Agri05_Agroforestry,DE8,18894.544936491093
2029,Agri05_Agroforestry,DE9,24474.23668961742
2029,Agri05_Agroforestry,DEA,19509.74227350545
2029,Agri05_Agroforestry,DEB,12177.698656159124
2029,Agri05_Agroforestry,DEC,3458.3510000000006
2029,Agri05_Agroforestry,DEE,14206.97465379518
2029,Agri05_Agroforestry,DED,12744.91108723512
2029,Agri05_Agroforestry,DEF,4522.190036427454
2029,Agri05_Agroforestry,DEG,3616.1978699402566
2029,Agri06_Biochar,DE1,0.0
2029,Agri06_Biochar,DE2,0.0
2029,Agri06_Biochar,DE3,0.0
2029,Agri06_Biochar,DE4,0.0
2029,Agri06_Biochar,DE5,0.0
2029,Agri06_Biochar,DE6,0.0
2029,Agri06_Biochar,DE7,0.0
2029,Agri06_Biochar,DE8,0.0
2029,Agri06_Biochar,DE9,0.0
2029,Agri06_Biochar,DEA,0.0
2029,Agri06_Biochar,DEB,0.0
2029,Agri06_Biochar,DEC,0.0
2029,Agri06_Biochar,DEE,0.0
2029,Agri06_Biochar,DED,0.0
2029,Agri06_Biochar,DEF,0.0
2029,Agri06_Biochar,DEG,0.0
2030,Agri01_AGC,DE1,29972.451118132194
2030,Agri01_AGC,DE2,49396.31612456239
2030,Agri01_AGC,DE3,0.0
2030,Agri01_AGC,DE4,28635.770691703463
2030,Agri01_AGC,DE5,0.0
2030,Agri01_AGC,DE6,0.0
2030,Agri01_AGC,DE7,11241.886786388655
2030,Agri01_AGC,DE8,29019.230574546964
2030,Agri01_AGC,DE9,42992.88435591414
2030,Agri01_AGC,DEA,30559.91686601477
2030,Agri01_AGC,DEB,17239.861456794843
2030,Agri01_AGC,DEC,0.0
2030,Agri01_AGC,DEE,22600.978794603656
2030,Agri01_AGC,DED,19115.28453288248
2030,Agri01_AGC,DEF,11318.772305924718
2030,Agri01_AGC,DEG,9049.82602299979
2030,Agri02_OFC,DE1,0.0
2030,Agri02_OFC,DE2,0.0
2030,Agri02_OFC,DE3,0.0
2030,Agri02_OFC,DE4,0.0
2030,Agri02_OFC,DE5,0.0
2030,Agri02_OFC,DE6,0.0
2030,Agri02_OFC,DE7,0.0
2030,Agri02_OFC,DE8,0.0
2030,Agri02_OFC,DE9,0.0
2030,Agri02_OFC,DEA,0.0
2030,Agri02_OFC,DEB,0.0
2030,Agri02_OFC,DEC,0.0
2030,Agri02_OFC,DEE,0.0
2030,Agri02_OFC,DED,0.0
2030,Agri02_OFC,DEF,0.0
2030,Agri02_OFC,DEG,0.0
2030,Agri03_No-till,DE1,0.0
2030,Agri03_No-till,DE2,0.0
2030,Agri03_No-till,DE3,0.0
2030,Agri03_No-till,DE4,0.0
2030,Agri03_No-till,DE5,0.0
2030,Agri03_No-till,DE6,0.0
2030,Agri03_No-till,DE7,0.0
2030,Agri03_No-till,DE8,0.0
2030,Agri03_No-till,DE9,0.0
2030,Agri03_No-till,DEA,0.0
2030,Agri03_No-till,DEB,0.0
2030,Agri03_No-till,DEC,0.0
2030,Agri03_No-till,DEE,0.0
2030,Agri03_No-till,DED,0.0
2030,Agri03_No-till,DEF,0.0
2030,Agri03_No-till,DEG,0.0
2030,Agri04_toGrassland,DE1,0.0
2030,Agri04_toGrassland,DE2,0.0
2030,Agri04_toGrassland,DE3,0.0
2030,Agri04_toGrassland,DE4,0.0
2030,Agri04_toGrassland,DE5,0.0
2030,Agri04_toGrassland,DE6,0.0
2030,Agri04_toGrassland,DE7,0.0
2030,Agri04_toGrassland,DE8,0.0
2030,Agri04_toGrassland,DE9,0.0
2030,Agri04_toGrassland,DEA,0.0
2030,Agri04_toGrassland,DEB,0.0
2030,Agri04_toGrassland,DEC,0.0
2030,Agri04_toGrassland,DEE,0.0
2030,Agri04_toGrassland,DED,0.0
2030,Agri04_toGrassland,DEF,0.0
2030,Agri04_toGrassland,DEG,0.0
2030,Agri05_Agroforestry,DE1,23144.073457552568
2030,Agri05_Agroforestry,DE2,31596.087358143497
2030,Agri05_Agroforestry,DE3,94.54500000000002
2030,Agri05_Agroforestry,DE4,23257.86366082682
2030,Agri05_Agroforestry,DE5,776.162
2030,Agri05_Agroforestry,DE6,628.319
2030,Agri05_Agroforestry,DE7,6377.695116886101
2030,Agri05_Agroforestry,DE8,22616.528120678795
2030,Agri05_Agroforestry,DE9,28696.961441393385
2030,Agri05_Agroforestry,DEA,23286.935475117516
2030,Agri05_Agroforestry,DEB,14674.672358583315
2030,Agri05_Agroforestry,DEC,3458.3510000000006
2030,Agri05_Agroforestry,DEE,16919.069251628083
2030,Agri05_Agroforestry,DED,15306.321574468277
2030,Agri05_Agroforestry,DEF,4928.747130783948
2030,Agri05_Agroforestry,DEG,3941.447974996617
2030,Agri06_Biochar,DE1,0.0
2030,Agri06_Biochar,DE2,0.0
2030,Agri06_Biochar,DE3,0.0
2030,Agri06_Biochar,DE4,0.0
2030,Agri06_Biochar,DE5,0.0
2030,Agri06_Biochar,DE6,0.0
2030,Agri06_Biochar,DE7,0.0
2030,Agri06_Biochar,DE8,0.0
2030,Agri06_Biochar,DE9,0.0
2030,Agri06_Biochar,DEA,0.0
2030,Agri06_Biochar,DEB,0.0
2030,Agri06_Biochar,DEC,0.0
2030,Agri06_Biochar,DEE,0.0
2030,Agri06_Biochar,DED,0.0
2030,Agri06_Biochar,DEF,0.0
2030,Agri06_Biochar,DEG,0.0
2031,Agri01_AGC,DE1,45577.321898289345
2031,Agri01_AGC,DE2,74035.54272166382
2031,Agri01_AGC,DE3,0.0
2031,Agri01_AGC,DE4,43733.4938804099
2031,Agri01_AGC,DE5,0.0
2031,Agri01_AGC,DE6,0.0
2031,Agri01_AGC,DE7,16715.465855147013
2031,Agri01_AGC,DE8,44162.166098302456
2031,Agri01_AGC,DE9,64635.19373146832
2031,Agri01_AGC,DEA,46419.45066487157
2031,Agri01_AGC,DEB,26667.13687050367
2031,Agri01_AGC,DEC,0.0
2031,Agri01_AGC,DEE,34280.1709372419
2031,Agri01_AGC,DED,29157.408845382313
2031,Agri01_AGC,DEF,16583.901908480824
2031,Agri01_AGC,DEG,13259.631773032677
2031,Agri02_OFC,DE1,0.0
2031,Agri02_OFC,DE2,0.0
2031,Agri02_OFC,DE3,0.0
2031,Agri02_OFC,DE4,0.0
2031,Agri02_OFC,DE5,0.0
2031,Agri02_OFC,DE6,0.0
2031,Agri02_OFC,DE7,0.0
2031,Agri02_OFC,DE8,0.0
2031,Agri02_OFC,DE9,0.0
2031,Agri02_OFC,DEA,0.0
2031,Agri02_OFC,DEB,0.0
2031,Agri02_OFC,DEC,0.0
2031,Agri02_OFC,DEE,0.0
2031,Agri02_OFC,DED,0.0
2031,Agri02_OFC,DEF,0.0
2031,Agri02_OFC,DEG,0.0
2031,Agri03_No-till,DE1,0.0
2031,Agri03_No-till,DE2,0.0
2031,Agri03_No-till,DE3,0.0
2031,Agri03_No-till,DE4,0.0
2031,Agri03_No-till,DE5,0.0
2031,Agri03_No-till,DE6,0.0
2031,Agri03_No-till,DE7,0.0
2031,Agri03_No-till,DE8,0.0
2031,Agri03_No-till,DE9,0.0
2031,Agri03_No-till,DEA,0.0
2031,Agri03_No-till,DEB,0.0
2031,Agri03_No-till,DEC,0.0
2031,Agri03_No-till,DEE,0.0
2031,Agri03_No-till,DED,0.0
2031,Agri03_No-till,DEF,0.0
2031,Agri03_No-till,DEG,0.0
2031,Agri04_toGrassland,DE1,0.0
2031,Agri04_toGrassland,DE2,0.0
2031,Agri04_toGrassland,DE3,0.0
2031,Agri04_toGrassland,DE4,0.0
2031,Agri04_toGrassland,DE5,0.0
2031,Agri04_toGrassland,DE6,0.0
2031,Agri04_toGrassland,DE7,0.0
2031,Agri04_toGrassland,DE8,0.0
2031,Agri04_toGrassland,DE9,0.0
2031,Agri04_toGrassland,DEA,0.0
2031,Agri04_toGrassland,DEB,0.0
2031,Agri04_toGrassland,DEC,0.0
2031,Agri04_toGrassland,DEE,0.0
2031,Agri04_toGrassland,DED,0.0
2031,Agri04_toGrassland,DEF,0.0
2031,Agri04_toGrassland,DEG,0.0
2031,Agri05_Agroforestry,DE1,27257.605887267862
2031,Agri05_Agroforestry,DE2,36372.52283888553
2031,Agri05_Agroforestry,DE3,94.54500000000002
2031,Agri05_Agroforestry,DE4,27538.537911832056
2031,Agri05_Agroforestry,DE5,776.162
2031,Agri05_Agroforestry,DE6,628.319
2031,Agri05_Agroforestry,DE7,7215.9760410373165
2031,Agri05_Agroforestry,DE8,26663.029165337568
2031,Agri05_Agroforestry,DE9,33220.3592170886
2031,Agri05_Agroforestry,DEA,27386.017488751877
2031,Agri05_Agroforestry,DEB,17400.42527579992
2031,Agri05_Agroforestry,DEC,3458.3510000000006
2031,Agri05_Agroforestry,DEE,17156.976000000002
2031,Agri05_Agroforestry,DED,18096.79391276506
2031,Agri05_Agroforestry,DEF,5316.12253209113
2031,Agri05_Agroforestry,DEG,4251.388148398911
2031,Agri06_Biochar,DE1,0.0
2031,Agri06_Biochar,DE2,0.0
2031,Agri06_Biochar,DE3,0.0
2031,Agri06_Biochar,DE4,0.0
2031,Agri06_Biochar,DE5,0.0
2031,Agri06_Biochar,DE6,0.0
2031,Agri06_Biochar,DE7,0.0
2031,Agri06_Biochar,DE8,0.0
2031,Agri06_Biochar,DE9,0.0
2031,Agri06_Biochar,DEA,0.0
2031,Agri06_Biochar,DEB,0.0
2031,Agri06_Biochar,DEC,0.0
2031,Agri06_Biochar,DEE,0.0
2031,Agri06_Biochar,DED,0.0
2031,Agri06_Biochar,DEF,0.0
2031,Agri06_Biochar,DEG,0.0
2032,Agri01_AGC,DE1,61594.62282584053
2032,Agri01_AGC,DE2,98635.48167531207
2032,Agri01_AGC,DE3,0.0
2032,Agri01_AGC,DE4,59351.10896435281
2032,Agri01_AGC,DE5,0.0
2032,Agri01_AGC,DE6,0.0
2032,Agri01_AGC,DE7,22090.802040948056
2032,Agri01_AGC,DE8,59727.31511304596
2032,Agri01_AGC,DE9,86374.74790542058
2032,Agri01_AGC,DEA,62665.36804096131
2032,Agri01_AGC,DEB,36440.266207710825
2032,Agri01_AGC,DEC,0.0
2032,Agri01_AGC,DEE,46211.83157677108
2032,Agri01_AGC,DED,39522.521188587874
2032,Agri01_AGC,DEF,21586.193810766097
2032,Agri01_AGC,DEG,17259.366015420892
2032,Agri02_OFC,DE1,0.0
2032,Agri02_OFC,DE2,0.0
2032,Agri02_OFC,DE3,0.0
2032,Agri02_OFC,DE4,0.0
2032,Agri02_OFC,DE5,0.0
2032,Agri02_OFC,DE6,0.0
2032,Agri02_OFC,DE7,0.0
2032,Agri02_OFC,DE8,0.0
2032,Agri02_OFC,DE9,0.0
2032,Agri02_OFC,DEA,0.0
2032,Agri02_OFC,DEB,0.0
2032,Agri02_OFC,DEC,0.0
2032,Agri02_OFC,DEE,0.0
2032,Agri02_OFC,DED,0.0
2032,Agri02_OFC,DEF,0.0
2032,Agri02_OFC,DEG,0.0
2032,Agri03_No-till,DE1,0.0
2032,Agri03_No-till,DE2,0.0
2032,Agri03_No-till,DE3,0.0
2032,Agri03_No-till,DE4,0.0
2032,Agri03_No-till,DE5,0.0
2032,Agri03_No-till,DE6,0.0
2032,Agri03_No-till,DE7,0.0
2032,Agri03_No-till,DE8,0.0
2032,Agri03_No-till,DE9,0.0
2032,Agri03_No-till,DEA,0.0
2032,Agri03_No-till,DEB,0.0
2032,Agri03_No-till,DEC,0.0
2032,Agri03_No-till,DEE,0.0
2032,Agri03_No-till,DED,0.0
2032,Agri03_No-till,DEF,0.0
2032,Agri03_No-till,DEG,0.0
2032,Agri04_toGrassland,DE1,0.0
2032,Agri04_toGrassland,DE2,0.0
2032,Agri04_toGrassland,DE3,0.0
2032,Agri04_toGrassland,DE4,0.0
2032,Agri04_toGrassland,DE5,0.0
2032,Agri04_toGrassland,DE6,0.0
2032,Agri04_toGrassland,DE7,0.0
2032,Agri04_toGrassland,DE8,0.0
2032,Agri04_toGrassland,DE9,0.0
2032,Agri04_toGrassland,DEA,0.0
2032,Agri04_toGrassland,DEB,0.0
2032,Agri04_toGrassland,DEC,0.0
2032,Agri04_toGrassland,DEE,0.0
2032,Agri04_toGrassland,DED,0.0
2032,Agri04_toGrassland,DEF,0.0
2032,Agri04_toGrassland,DEG,0.0
2032,Agri05_Agroforestry,DE1,31698.251968612254
2032,Agri05_Agroforestry,DE2,41442.92681870533
2032,Agri05_Agroforestry,DE3,94.54500000000002
2032,Agri05_Agroforestry,DE4,32174.646323732304
2032,Agri05_Agroforestry,DE5,776.162
2032,Agri05_Agroforestry,DE6,628.319
2032,Agri05_Agroforestry,DE7,8090.713585636279
2032,Agri05_Agroforestry,DE8,31034.048070467416
2032,Agri05_Agroforestry,DE9,38044.43001670306
2032,Agri05_Agroforestry,DEA,31806.98831440853
2032,Agri05_Agroforestry,DEB,20354.957407808935
2032,Agri05_Agroforestry,DEC,3458.3510000000006
2032,Agri05_Agroforestry,DEE,17156.976000000002
2032,Agri05_Agroforestry,DED,19114.16
2032,Agri05_Agroforestry,DEF,5684.3162403490005
2032,Agri05_Agroforestry,DEG,4546.018390147137
2032,Agri06_Biochar,DE1,0.0
2032,Agri06_Biochar,DE2,0.0
2032,Agri06_Biochar,DE3,0.0
2032,Agri06_Biochar,DE4,0.0
2032,Agri06_Biochar,DE5,0.0
2032,Agri06_Biochar,DE6,0.0
2032,Agri06_Biochar,DE7,0.0
2032,Agri06_Biochar,DE8,0.0
2032,Agri06_Biochar,DE9,0.0
2032,Agri06_Biochar,DEA,0.0
2032,Agri06_Biochar,DEB,0.0
2032,Agri06_Biochar,DEC,0.0
2032,Agri06_Biochar,DEE,0.0
2032,Agri06_Biochar,DED,0.0
2032,Agri06_Biochar,DEF,0.0
2032,Agri06_Biochar,DEG,0.0
2033,Agri01_AGC,DE1,78024.35390078575
2033,Agri01_AGC,DE2,123196.13298550714
2033,Agri01_AGC,DE3,0.0
2033,Agri01_AGC,DE4,75488.61594353219
2033,Agri01_AGC,DE5,0.0
2033,Agri01_AGC,DE6,484.3264553437123
2033,Agri01_AGC,DE7,27367.895343791784
2033,Agri01_AGC,DE8,75714.67761877747
2033,Agri01_AGC,DE9,108211.5468777709
2033,Agri01_AGC,DEA,79297.66899428399
2033,Agri01_AGC,DEB,46559.24946841631
2033,Agri01_AGC,DEC,0.0
2033,Agri01_AGC,DEE,58395.960713191205
2033,Agri01_AGC,DED,50210.62156249917
2033,Agri01_AGC,DEF,26325.648012780537
2033,Agri01_AGC,DEG,21049.02875016443
2033,Agri02_OFC,DE1,0.0
2033,Agri02_OFC,DE2,0.0
2033,Agri02_OFC,DE3,0.0
2033,Agri02_OFC,DE4,0.0
2033,Agri02_OFC,DE5,0.0
2033,Agri02_OFC,DE6,0.0
2033,Agri02_OFC,DE7,0.0
2033,Agri02_OFC,DE8,0.0
2033,Agri02_OFC,DE9,0.0
2033,Agri02_OFC,DEA,0.0
2033,Agri02_OFC,DEB,0.0
2033,Agri02_OFC,DEC,0.0
2033,Agri02_OFC,DEE,0.0
2033,Agri02_OFC,DED,0.0
2033,Agri02_OFC,DEF,0.0
2033,Agri02_OFC,DEG,0.0
2033,Agri03_No-till,DE1,0.0
2033,Agri03_No-till,DE2,0.0
2033,Agri03_No-till,DE3,0.0
2033,Agri03_No-till,DE4,0.0
2033,Agri03_No-till,DE5,0.0
2033,Agri03_No-till,DE6,0.0
2033,Agri03_No-till,DE7,0.0
2033,Agri03_No-till,DE8,0.0
2033,Agri03_No-till,DE9,0.0
2033,Agri03_No-till,DEA,0.0
2033,Agri03_No-till,DEB,0.0
2033,Agri03_No-till,DEC,0.0
2033,Agri03_No-till,DEE,0.0
2033,Agri03_No-till,DED,0.0
2033,Agri03_No-till,DEF,0.0
2033,Agri03_No-till,DEG,0.0
2033,Agri04_toGrassland,DE1,0.0
2033,Agri04_toGrassland,DE2,0.0
2033,Agri04_toGrassland,DE3,0.0
2033,Agri04_toGrassland,DE4,0.0
2033,Agri04_toGrassland,DE5,0.0
2033,Agri04_toGrassland,DE6,0.0
2033,Agri04_toGrassland,DE7,0.0
2033,Agri04_toGrassland,DE8,0.0
2033,Agri04_toGrassland,DE9,0.0
2033,Agri04_toGrassland,DEA,0.0
2033,Agri04_toGrassland,DEB,0.0
2033,Agri04_toGrassland,DEC,0.0
2033,Agri04_toGrassland,DEE,0.0
2033,Agri04_toGrassland,DED,0.0
2033,Agri04_toGrassland,DEF,0.0
2033,Agri04_toGrassland,DEG,0.0
2033,Agri05_Agroforestry,DE1,36466.01170158575
2033,Agri05_Agroforestry,DE2,46807.29929760289
2033,Agri05_Agroforestry,DE3,94.54500000000002
2033,Agri05_Agroforestry,DE4,34235.052
2033,Agri05_Agroforestry,DE5,776.162
2033,Agri05_Agroforestry,DE6,628.319
2033,Agri05_Agroforestry,DE7,9001.907750682989
2033,Agri05_Agroforestry,DE8,32606.293
2033,Agri05_Agroforestry,DE9,43169.17384023677
2033,Agri05_Agroforestry,DEA,36549.847952087475
2033,Agri05_Agroforestry,DEB,23538.268754610366
2033,Agri05_Agroforestry,DEC,3458.3510000000006
2033,Agri05_Agroforestry,DEE,17156.976000000002
2033,Agri05_Agroforestry,DED,19114.16
2033,Agri05_Agroforestry,DEF,6033.32825555756
2033,Agri05_Agroforestry,DEG,4825.338700241297
2033,Agri06_Biochar,DE1,0.0
2033,Agri06_Biochar,DE2,0.0
2033,Agri06_Biochar,DE3,0.0
2033,Agri06_Biochar,DE4,0.0
2033,Agri06_Biochar,DE5,0.0
2033,Agri06_Biochar,DE6,0.0
2033,Agri06_Biochar,DE7,0.0
2033,Agri06_Biochar,DE8,0.0
2033,Agri06_Biochar,DE9,0.0
2033,Agri06_Biochar,DEA,0.0
2033,Agri06_Biochar,DEB,0.0
2033,Agri06_Biochar,DEC,0.0
2033,Agri06_Biochar,DEE,0.0
2033,Agri06_Biochar,DED,0.0
2033,Agri06_Biochar,DEF,0.0
2033,Agri06_Biochar,DEG,0.0
2034,Agri01_AGC,DE1,94866.515123125
2034,Agri01_AGC,DE2,147717.496652249
2034,Agri01_AGC,DE3,0.0
2034,Agri01_AGC,DE4,92146.01481794805
2034,Agri01_AGC,DE5,0.0
2034,Agri01_AGC,DE6,998.7264072483763
2034,Agri01_AGC,DE7,32546.7457636782
2034,Agri01_AGC,DE8,92124.25361549699
2034,Agri01_AGC,DE9,130145.59064851931
2034,Agri01_AGC,DEA,96316.35352483961
2034,Agri01_AGC,DEB,57024.08665262012
2034,Agri01_AGC,DEC,0.0
2034,Agri01_AGC,DEE,70832.55834650228
2034,Agri01_AGC,DED,61221.709967116185
2034,Agri01_AGC,DEF,30802.26451452414
2034,Agri01_AGC,DEG,24628.619977263297
2034,Agri02_OFC,DE1,0.0
2034,Agri02_OFC,DE2,0.0
2034,Agri02_OFC,DE3,0.0
2034,Agri02_OFC,DE4,0.0
2034,Agri02_OFC,DE5,0.0
2034,Agri02_OFC,DE6,0.0
2034,Agri02_OFC,DE7,0.0
2034,Agri02_OFC,DE8,0.0
2034,Agri02_OFC,DE9,0.0
2034,Agri02_OFC,DEA,0.0
2034,Agri02_OFC,DEB,0.0
2034,Agri02_OFC,DEC,0.0
2034,Agri02_OFC,DEE,0.0
2034,Agri02_OFC,DED,0.0
2034,Agri02_OFC,DEF,0.0
2034,Agri02_OFC,DEG,0.0
2034,Agri03_No-till,DE1,0.0
2034,Agri03_No-till,DE2,0.0
2034,Agri03_No-till,DE3,0.0
2034,Agri03_No-till,DE4,0.0
2034,Agri03_No-till,DE5,0.0
2034,Agri03_No-till,DE6,0.0
2034,Agri03_No-till,DE7,0.0
2034,Agri03_No-till,DE8,0.0
2034,Agri03_No-till,DE9,0.0
2034,Agri03_No-till,DEA,0.0
2034,Agri03_No-till,DEB,0.0
2034,Agri03_No-till,DEC,0.0
2034,Agri03_No-till,DEE,0.0
2034,Agri03_No-till,DED,0.0
2034,Agri03_No-till,DEF,0.0
2034,Agri03_No-till,DEG,0.0
2034,Agri04_toGrassland,DE1,0.0
2034,Agri04_toGrassland,DE2,0.0
2034,Agri04_toGrassland,DE3,0.0
2034,Agri04_toGrassland,DE4,0.0
2034,Agri04_toGrassland,DE5,0.0
2034,Agri04_toGrassland,DE6,0.0
2034,Agri04_toGrassland,DE7,0.0
2034,Agri04_toGrassland,DE8,0.0
2034,Agri04_toGrassland,DE9,0.0
2034,Agri04_toGrassland,DEA,0.0
2034,Agri04_toGrassland,DEB,0.0
2034,Agri04_toGrassland,DEC,0.0
2034,Agri04_toGrassland,DEE,0.0
2034,Agri04_toGrassland,DED,0.0
2034,Agri04_toGrassland,DEF,0.0
2034,Agri04_toGrassland,DEG,0.0
2034,Agri05_Agroforestry,DE1,41560.88508618834
2034,Agri05_Agroforestry,DE2,52465.64027557821
2034,Agri05_Agroforestry,DE3,94.54500000000002
2034,Agri05_Agroforestry,DE4,34235.052
2034,Agri05_Agroforestry,DE5,776.162
2034,Agri05_Agroforestry,DE6,628.319
2034,Agri05_Agroforestry,DE7,9949.558536177445
2034,Agri05_Agroforestry,DE8,32606.293
2034,Agri05_Agroforestry,DE9,48594.590687689735
2034,Agri05_Agroforestry,DEA,41614.596401788716
2034,Agri05_Agroforestry,DEB,24825.059
2034,Agri05_Agroforestry,DEC,3458.3510000000006
2034,Agri05_Agroforestry,DEE,17156.976000000002
2034,Agri05_Agroforestry,DED,19114.16
2034,Agri05_Agroforestry,DEF,6363.1585777168075
2034,Agri05_Agroforestry,DEG,5089.34907868139
2034,Agri06_Biochar,DE1,0.0
2034,Agri06_Biochar,DE2,0.0
2034,Agri06_Biochar,DE3,0.0
2034,Agri06_Biochar,DE4,0.0
2034,Agri06_Biochar,DE5,0.0
2034,Agri06_Biochar,DE6,0.0
2034,Agri06_Biochar,DE7,0.0
2034,Agri06_Biochar,DE8,0.0
2034,Agri06_Biochar,DE9,0.0
2034,Agri06_Biochar,DEA,0.0
2034,Agri06_Biochar,DEB,0.0
2034,Agri06_Biochar,DEC,0.0
2034,Agri06_Biochar,DEE,0.0
2034,Agri06_Biochar,DED,0.0
2034,Agri06_Biochar,DEF,0.0
2034,Agri06_Biochar,DEG,0.0
2035,Agri01_AGC,DE1,112121.1064928583
2035,Agri01_AGC,DE2,172199.57267553773
2035,Agri01_AGC,DE3,548.1361000000002
2035,Agri01_AGC,DE4,109323.30558760036
2035,Agri01_AGC,DE5,1762.3118000000004
2035,Agri01_AGC,DE6,1543.1998557139918
2035,Agri01_AGC,DE7,37627.3533006073
2035,Agri01_AGC,DE8,108956.04310320452
2035,Agri01_AGC,DE9,152176.8792176658
2035,Agri01_AGC,DEA,113721.42163262817
2035,Agri01_AGC,DEB,67834.77776032226
2035,Agri01_AGC,DEC,7871.8125062544195
2035,Agri01_AGC,DEE,83521.6244767043
2035,Agri01_AGC,DED,72555.78640243893
2035,Agri01_AGC,DEF,35016.04331599691
2035,Agri01_AGC,DEG,27998.13969671749
2035,Agri02_OFC,DE1,0.0
2035,Agri02_OFC,DE2,0.0
2035,Agri02_OFC,DE3,0.0
2035,Agri02_OFC,DE4,0.0
2035,Agri02_OFC,DE5,0.0
2035,Agri02_OFC,DE6,0.0
2035,Agri02_OFC,DE7,0.0
2035,Agri02_OFC,DE8,0.0
2035,Agri02_OFC,DE9,0.0
2035,Agri02_OFC,DEA,0.0
2035,Agri02_OFC,DEB,0.0
2035,Agri02_OFC,DEC,0.0
2035,Agri02_OFC,DEE,0.0
2035,Agri02_OFC,DED,0.0
2035,Agri02_OFC,DEF,0.0
2035,Agri02_OFC,DEG,0.0
2035,Agri03_No-till,DE1,0.0
2035,Agri03_No-till,DE2,0.0
2035,Agri03_No-till,DE3,0.0
2035,Agri03_No-till,DE4,0.0
2035,Agri03_No-till,DE5,0.0
2035,Agri03_No-till,DE6,0.0
2035,Agri03_No-till,DE7,0.0
2035,Agri03_No-till,DE8,0.0
2035,Agri03_No-till,DE9,0.0
2035,Agri03_No-till,DEA,0.0
2035,Agri03_No-till,DEB,0.0
2035,Agri03_No-till,DEC,0.0
2035,Agri03_No-till,DEE,0.0
2035,Agri03_No-till,DED,0.0
2035,Agri03_No-till,DEF,0.0
2035,Agri03_No-till,DEG,0.0
2035,Agri04_toGrassland,DE1,0.0
2035,Agri04_toGrassland,DE2,0.0
2035,Agri04_toGrassland,DE3,0.0
2035,Agri04_toGrassland,DE4,0.0
2035,Agri04_toGrassland,DE5,0.0
2035,Agri04_toGrassland,DE6,0.0
2035,Agri04_toGrassland,DE7,0.0
2035,Agri04_toGrassland,DE8,0.0
2035,Agri04_toGrassland,DE9,0.0
2035,Agri04_toGrassland,DEA,0.0
2035,Agri04_toGrassland,DEB,0.0
2035,Agri04_toGrassland,DEC,0.0
2035,Agri04_toGrassland,DEE,0.0
2035,Agri04_toGrassland,DED,0.0
2035,Agri04_toGrassland,DEF,0.0
2035,Agri04_toGrassland,DEG,0.0
2035,Agri05_Agroforestry,DE1,46982.87212242003
2035,Agri05_Agroforestry,DE2,58417.94975263129
2035,Agri05_Agroforestry,DE3,94.54500000000002
2035,Agri05_Agroforestry,DE4,34235.052
2035,Agri05_Agroforestry,DE5,776.162
2035,Agri05_Agroforestry,DE6,628.319
2035,Agri05_Agroforestry,DE7,10933.665942119647
2035,Agri05_Agroforestry,DE8,32606.293
2035,Agri05_Agroforestry,DE9,54320.68055906195
2035,Agri05_Agroforestry,DEA,42247.642
2035,Agri05_Agroforestry,DEB,24825.059
2035,Agri05_Agroforestry,DEC,3458.3510000000006
2035,Agri05_Agroforestry,DEE,17156.976000000002
2035,Agri05_Agroforestry,DED,19114.16
2035,Agri05_Agroforestry,DEF,6673.807206826745
2035,Agri05_Agroforestry,DEG,5338.049525467416
2035,Agri06_Biochar,DE1,0.0
2035,Agri06_Biochar,DE2,0.0
2035,Agri06_Biochar,DE3,0.0
2035,Agri06_Biochar,DE4,0.0
2035,Agri06_Biochar,DE5,0.0
2035,Agri06_Biochar,DE6,0.0
2035,Agri06_Biochar,DE7,0.0
2035,Agri06_Biochar,DE8,0.0
2035,Agri06_Biochar,DE9,0.0
2035,Agri06_Biochar,DEA,0.0
2035,Agri06_Biochar,DEB,0.0
2035,Agri06_Biochar,DEC,0.0
2035,Agri06_Biochar,DEE,0.0
2035,Agri06_Biochar,DED,0.0
2035,Agri06_Biochar,DEF,0.0
2035,Agri06_Biochar,DEG,0.0
2036,Agri01_AGC,DE1,129788.12800998561
2036,Agri01_AGC,DE2,196642.36105537327
2036,Agri01_AGC,DE3,548.1361000000002
2036,Agri01_AGC,DE4,127020.48825248916
2036,Agri01_AGC,DE5,1762.3118000000004
2036,Agri01_AGC,DE6,2117.746800740559
2036,Agri01_AGC,DE7,42609.717954579086
2036,Agri01_AGC,DE8,126210.04608190004
2036,Agri01_AGC,DE9,174305.41258521035
2036,Agri01_AGC,DEA,131512.87331764968
2036,Agri01_AGC,DEB,78991.32279152273
2036,Agri01_AGC,DEC,14882.388200000001
2036,Agri01_AGC,DEE,96463.15910379725
2036,Agri01_AGC,DED,84212.8508684674
2036,Agri01_AGC,DEF,38966.984417198844
2036,Agri01_AGC,DEG,31157.587908527013
2036,Agri02_OFC,DE1,0.0
2036,Agri02_OFC,DE2,0.0
2036,Agri02_OFC,DE3,0.0
2036,Agri02_OFC,DE4,0.0
2036,Agri02_OFC,DE5,0.0
2036,Agri02_OFC,DE6,0.0
2036,Agri02_OFC,DE7,0.0
2036,Agri02_OFC,DE8,0.0
2036,Agri02_OFC,DE9,0.0
2036,Agri02_OFC,DEA,0.0
2036,Agri02_OFC,DEB,0.0
2036,Agri02_OFC,DEC,0.0
2036,Agri02_OFC,DEE,0.0
2036,Agri02_OFC,DED,0.0
2036,Agri02_OFC,DEF,0.0
2036,Agri02_OFC,DEG,0.0
2036,Agri03_No-till,DE1,0.0
2036,Agri03_No-till,DE2,0.0
2036,Agri03_No-till,DE3,0.0
2036,Agri03_No-till,DE4,0.0
2036,Agri03_No-till,DE5,0.0
2036,Agri03_No-till,DE6,0.0
2036,Agri03_No-till,DE7,0.0
2036,Agri03_No-till,DE8,0.0
2036,Agri03_No-till,DE9,0.0
2036,Agri03_No-till,DEA,0.0
2036,Agri03_No-till,DEB,0.0
2036,Agri03_No-till,DEC,0.0
2036,Agri03_No-till,DEE,0.0
2036,Agri03_No-till,DED,0.0
2036,Agri03_No-till,DEF,0.0
2036,Agri03_No-till,DEG,0.0
2036,Agri04_toGrassland,DE1,0.0
2036,Agri04_toGrassland,DE2,0.0
2036,Agri04_toGrassland,DE3,0.0
2036,Agri04_toGrassland,DE4,0.0
2036,Agri04_toGrassland,DE5,0.0
2036,Agri04_toGrassland,DE6,0.0
2036,Agri04_toGrassland,DE7,0.0
2036,Agri04_toGrassland,DE8,0.0
2036,Agri04_toGrassland,DE9,0.0
2036,Agri04_toGrassland,DEA,0.0
2036,Agri04_toGrassland,DEB,0.0
2036,Agri04_toGrassland,DEC,0.0
2036,Agri04_toGrassland,DEE,0.0
2036,Agri04_toGrassland,DED,0.0
2036,Agri04_toGrassland,DEF,0.0
2036,Agri04_toGrassland,DEG,0.0
2036,Agri05_Agroforestry,DE1,52145.628000000004
2036,Agri05_Agroforestry,DE2,64664.22772876213
2036,Agri05_Agroforestry,DE3,94.54500000000002
2036,Agri05_Agroforestry,DE4,34235.052
2036,Agri05_Agroforestry,DE5,776.162
2036,Agri05_Agroforestry,DE6,628.319
2036,Agri05_Agroforestry,DE7,11954.229968509597
2036,Agri05_Agroforestry,DE8,32606.293
2036,Agri05_Agroforestry,DE9,60347.44345435341
2036,Agri05_Agroforestry,DEA,42247.642
2036,Agri05_Agroforestry,DEB,24825.059
2036,Agri05_Agroforestry,DEC,3458.3510000000006
2036,Agri05_Agroforestry,DEE,17156.976000000002
2036,Agri05_Agroforestry,DED,19114.16
2036,Agri05_Agroforestry,DEF,6965.2741428873705
2036,Agri05_Agroforestry,DEG,5571.440040599375
2036,Agri06_Biochar,DE1,0.0
2036,Agri06_Biochar,DE2,0.0
2036,Agri06_Biochar,DE3,0.0
2036,Agri06_Biochar,DE4,0.0
2036,Agri06_Biochar,DE5,0.0
2036,Agri06_Biochar,DE6,0.0
2036,Agri06_Biochar,DE7,0.0
2036,Agri06_Biochar,DE8,0.0
2036,Agri06_Biochar,DE9,0.0
2036,Agri06_Biochar,DEA,0.0
2036,Agri06_Biochar,DEB,0.0
2036,Agri06_Biochar,DEC,0.0
2036,Agri06_Biochar,DEE,0.0
2036,Agri06_Biochar,DED,0.0
2036,Agri06_Biochar,DEF,0.0
2036,Agri06_Biochar,DEG,0.0
2037,Agri01_AGC,DE1,147867.57967450697
2037,Agri01_AGC,DE2,221045.86179175563
2037,Agri01_AGC,DE3,548.1361000000002
2037,Agri01_AGC,DE4,145237.56281261443
2037,Agri01_AGC,DE5,1762.3118000000004
2037,Agri01_AGC,DE6,2722.3672423280777
2037,Agri01_AGC,DE7,47493.839725593556
2037,Agri01_AGC,DE8,143886.26255158358
2037,Agri01_AGC,DE9,196531.19075115296
2037,Agri01_AGC,DEA,149690.70857990414
2037,Agri01_AGC,DEB,90493.72174622153
2037,Agri01_AGC,DEC,14882.388200000001
2037,Agri01_AGC,DEE,109657.16222778115
2037,Agri01_AGC,DED,96192.90336520161
2037,Agri01_AGC,DEF,42655.08781812995
2037,Agri01_AGC,DEG,34106.96461269186
2037,Agri02_OFC,DE1,12829.501337225
2037,Agri02_OFC,DE2,17317.159344206102
2037,Agri02_OFC,DE3,9035.394447235956
2037,Agri02_OFC,DE4,12927.1609983666
2037,Agri02_OFC,DE5,4181.3325499497605
2037,Agri02_OFC,DE6,429.04944839022596
2037,Agri02_OFC,DE7,3465.859914068296
2037,Agri02_OFC,DE8,12543.358451512378
2037,Agri02_OFC,DE9,15771.808569857754
2037,Agri02_OFC,DEA,12899.316092788335
2037,Agri02_OFC,DEB,8162.307436579577
2037,Agri02_OFC,DEC,6319.6368497987105
2037,Agri02_OFC,DEE,9362.699923841057
2037,Agri02_OFC,DED,8501.258908669795
2037,Agri02_OFC,DEF,2617.1439483932113
2037,Agri02_OFC,DEG,2092.9303096242397
2037,Agri03_No-till,DE1,0.0
2037,Agri03_No-till,DE2,0.0
2037,Agri03_No-till,DE3,0.0
2037,Agri03_No-till,DE4,0.0
2037,Agri03_No-till,DE5,0.0
2037,Agri03_No-till,DE6,0.0
2037,Agri03_No-till,DE7,0.0
2037,Agri03_No-till,DE8,0.0
2037,Agri03_No-till,DE9,0.0
2037,Agri03_No-till,DEA,0.0
2037,Agri03_No-till,DEB,0.0
2037,Agri03_No-till,DEC,0.0
2037,Agri03_No-till,DEE,0.0
2037,Agri03_No-till,DED,0.0
2037,Agri03_No-till,DEF,0.0
2037,Agri03_No-till,DEG,0.0
2037,Agri04_toGrassland,DE1,0.0
2037,Agri04_toGrassland,DE2,0.0
2037,Agri04_toGrassland,DE3,0.0
2037,Agri04_toGrassland,DE4,0.0
2037,Agri04_toGrassland,DE5,0.0
2037,Agri04_toGrassland,DE6,0.0
2037,Agri04_toGrassland,DE7,0.0
2037,Agri04_toGrassland,DE8,0.0
2037,Agri04_toGrassland,DE9,0.0
2037,Agri04_toGrassland,DEA,0.0
2037,Agri04_toGrassland,DEB,0.0
2037,Agri04_toGrassland,DEC,0.0
2037,Agri04_toGrassland,DEE,0.0
2037,Agri04_toGrassland,DED,0.0
2037,Agri04_toGrassland,DEF,0.0
2037,Agri04_toGrassland,DEG,0.0
2037,Agri05_Agroforestry,DE1,52145.628000000004
2037,Agri05_Agroforestry,DE2,71204.47420397073
2037,Agri05_Agroforestry,DE3,94.54500000000002
2037,Agri05_Agroforestry,DE4,34235.052
2037,Agri05_Agroforestry,DE5,776.162
2037,Agri05_Agroforestry,DE6,628.319
2037,Agri05_Agroforestry,DE7,13011.250615347293
2037,Agri05_Agroforestry,DE8,32606.293
2037,Agri05_Agroforestry,DE9,66674.87937356412
2037,Agri05_Agroforestry,DEA,42247.642
2037,Agri05_Agroforestry,DEB,24825.059
2037,Agri05_Agroforestry,DEC,3458.3510000000006
2037,Agri05_Agroforestry,DEE,17156.976000000002
2037,Agri05_Agroforestry,DED,19114.16
2037,Agri05_Agroforestry,DEF,7237.559385898685
2037,Agri05_Agroforestry,DEG,5789.520624077267
2037,Agri06_Biochar,DE1,0.0
2037,Agri06_Biochar,DE2,0.0
2037,Agri06_Biochar,DE3,0.0
2037,Agri06_Biochar,DE4,0.0
2037,Agri06_Biochar,DE5,0.0
2037,Agri06_Biochar,DE6,0.0
2037,Agri06_Biochar,DE7,0.0
2037,Agri06_Biochar,DE8,0.0
2037,Agri06_Biochar,DE9,0.0
2037,Agri06_Biochar,DEA,0.0
2037,Agri06_Biochar,DEB,0.0
2037,Agri06_Biochar,DEC,0.0
2037,Agri06_Biochar,DEE,0.0
2037,Agri06_Biochar,DED,0.0
2037,Agri06_Biochar,DEF,0.0
2037,Agri06_Biochar,DEG,0.0
2038,Agri01_AGC,DE1,166359.46148642237
2038,Agri01_AGC,DE2,245410.07488468481
2038,Agri01_AGC,DE3,548.1361000000002
2038,Agri01_AGC,DE4,163974.52926797618
2038,Agri01_AGC,DE5,1762.3118000000004
2038,Agri01_AGC,DE6,2894.6698999999994
2038,Agri01_AGC,DE7,52279.718613650715
2038,Agri01_AGC,DE8,161984.69251225513
2038,Agri01_AGC,DE9,218854.21371549365
2038,Agri01_AGC,DEA,168254.92741939152
2038,Agri01_AGC,DEB,102341.97462441867
2038,Agri01_AGC,DEC,14882.388200000001
2038,Agri01_AGC,DEE,123103.633848656
2038,Agri01_AGC,DED,108495.94389264155
2038,Agri01_AGC,DEF,46080.353518790216
2038,Agri01_AGC,DEG,36846.26980921203
2038,Agri02_OFC,DE1,25951.67046248292
2038,Agri02_OFC,DE2,34606.43947594648
2038,Agri02_OFC,DE3,18634.464317504055
2038,Agri02_OFC,DE4,26223.246557550367
2038,Agri02_OFC,DE5,8620.665194993006
2038,Agri02_OFC,DE6,879.4395862827171
2038,Agri02_OFC,DE7,6862.004926287711
2038,Agri02_OFC,DE8,25386.327126151977
2038,Agri02_OFC,DE9,31612.623782960916
2038,Agri02_OFC,DEA,26072.816862898468
2038,Agri02_OFC,DEB,16570.03898536902
2038,Agri02_OFC,DEC,13006.102852771284
2038,Agri02_OFC,DEE,18904.5559956988
2038,Agri02_OFC,DED,17231.71588422446
2038,Agri02_OFC,DEF,5047.773577122896
2038,Agri02_OFC,DEG,4036.790130925594
2038,Agri03_No-till,DE1,0.0
2038,Agri03_No-till,DE2,0.0
2038,Agri03_No-till,DE3,0.0
2038,Agri03_No-till,DE4,0.0
2038,Agri03_No-till,DE5,0.0
2038,Agri03_No-till,DE6,0.0
2038,Agri03_No-till,DE7,0.0
2038,Agri03_No-till,DE8,0.0
2038,Agri03_No-till,DE9,0.0
2038,Agri03_No-till,DEA,0.0
2038,Agri03_No-till,DEB,0.0
2038,Agri03_No-till,DEC,0.0
2038,Agri03_No-till,DEE,0.0
2038,Agri03_No-till,DED,0.0
2038,Agri03_No-till,DEF,0.0
2038,Agri03_No-till,DEG,0.0
2038,Agri04_toGrassland,DE1,0.0
2038,Agri04_toGrassland,DE2,0.0
2038,Agri04_toGrassland,DE3,0.0
2038,Agri04_toGrassland,DE4,0.0
2038,Agri04_toGrassland,DE5,0.0
2038,Agri04_toGrassland,DE6,0.0
2038,Agri04_toGrassland,DE7,0.0
2038,Agri04_toGrassland,DE8,0.0
2038,Agri04_toGrassland,DE9,0.0
2038,Agri04_toGrassland,DEA,0.0
2038,Agri04_toGrassland,DEB,0.0
2038,Agri04_toGrassland,DEC,0.0
2038,Agri04_toGrassland,DEE,0.0
2038,Agri04_toGrassland,DED,0.0
2038,Agri04_toGrassland,DEF,0.0
2038,Agri04_toGrassland,DEG,0.0
2038,Agri05_Agroforestry,DE1,52145.628000000004
2038,Agri05_Agroforestry,DE2,78038.6891782571
2038,Agri05_Agroforestry,DE3,94.54500000000002
2038,Agri05_Agroforestry,DE4,34235.052
2038,Agri05_Agroforestry,DE5,776.162
2038,Agri05_Agroforestry,DE6,628.319
2038,Agri05_Agroforestry,DE7,14104.727882632735
2038,Agri05_Agroforestry,DE8,32606.293
2038,Agri05_Agroforestry,DE9,73302.98831669409
2038,Agri05_Agroforestry,DEA,42247.642
2038,Agri05_Agroforestry,DEB,24825.059
2038,Agri05_Agroforestry,DEC,3458.3510000000006
2038,Agri05_Agroforestry,DEE,17156.976000000002
2038,Agri05_Agroforestry,DED,19114.16
2038,Agri05_Agroforestry,DEF,7490.662935860688
2038,Agri05_Agroforestry,DEG,5992.2912759010915
2038,Agri06_Biochar,DE1,0.0
2038,Agri06_Biochar,DE2,0.0
2038,Agri06_Biochar,DE3,0.0
2038,Agri06_Biochar,DE4,0.0
2038,Agri06_Biochar,DE5,0.0
2038,Agri06_Biochar,DE6,0.0
2038,Agri06_Biochar,DE7,0.0
2038,Agri06_Biochar,DE8,0.0
2038,Agri06_Biochar,DE9,0.0
2038,Agri06_Biochar,DEA,0.0
2038,Agri06_Biochar,DEB,0.0
2038,Agri06_Biochar,DEC,0.0
2038,Agri06_Biochar,DEE,0.0
2038,Agri06_Biochar,DED,0.0
2038,Agri06_Biochar,DEF,0.0
2038,Agri06_Biochar,DEG,0.0
2039,Agri01_AGC,DE1,185263.7734457318
2039,Agri01_AGC,DE2,269735.0003341608
2039,Agri01_AGC,DE3,548.1361000000002
2039,Agri01_AGC,DE4,183231.38761857437
2039,Agri01_AGC,DE5,1762.3118000000004
2039,Agri01_AGC,DE6,2894.6698999999994
2039,Agri01_AGC,DE7,56967.35461875056
2039,Agri01_AGC,DE8,180505.3359639147
2039,Agri01_AGC,DE9,241274.48147823242
2039,Agri01_AGC,DEA,187205.52983611185
2039,Agri01_AGC,DEB,114536.08142611413
2039,Agri01_AGC,DEC,14882.388200000001
2039,Agri01_AGC,DEE,136802.57396642177
2039,Agri01_AGC,DED,121121.9724507872
2039,Agri01_AGC,DEF,49242.781519179654
2039,Agri01_AGC,DEG,39375.503498087535
2039,Agri02_OFC,DE1,39366.50737577377
2039,Agri02_OFC,DE2,51867.84039522114
2039,Agri02_OFC,DE3,28797.209610804297
2039,Agri02_OFC,DE4,39888.2566775513
2039,Agri02_OFC,DE5,13317.997935129733
2039,Agri02_OFC,DE6,1351.1704136774733
2039,Agri02_OFC,DE7,10188.435036658244
2039,Agri02_OFC,DE8,38528.9060239188
2039,Agri02_OFC,DE9,47522.44563930949
2039,Agri02_OFC,DEA,39520.5023103304
2039,Agri02_OFC,DEB,25223.194646368327
2039,Agri02_OFC,DEC,20059.39800891772
2039,Agri02_OFC,DEE,28625.56821557323
2039,Agri02_OFC,DED,26191.370926664003
2039,Agri02_OFC,DEF,7291.8888861890555
2039,Agri02_OFC,DEG,5831.579463904062
2039,Agri03_No-till,DE1,0.0
2039,Agri03_No-till,DE2,0.0
2039,Agri03_No-till,DE3,0.0
2039,Agri03_No-till,DE4,0.0
2039,Agri03_No-till,DE5,0.0
2039,Agri03_No-till,DE6,0.0
2039,Agri03_No-till,DE7,0.0
2039,Agri03_No-till,DE8,0.0
2039,Agri03_No-till,DE9,0.0
2039,Agri03_No-till,DEA,0.0
2039,Agri03_No-till,DEB,0.0
2039,Agri03_No-till,DEC,0.0
2039,Agri03_No-till,DEE,0.0
2039,Agri03_No-till,DED,0.0
2039,Agri03_No-till,DEF,0.0
2039,Agri03_No-till,DEG,0.0
2039,Agri04_toGrassland,DE1,0.0
2039,Agri04_toGrassland,DE2,0.0
2039,Agri04_toGrassland,DE3,0.0
2039,Agri04_toGrassland,DE4,0.0
2039,Agri04_toGrassland,DE5,0.0
2039,Agri04_toGrassland,DE6,0.0
2039,Agri04_toGrassland,DE7,0.0
2039,Agri04_toGrassland,DE8,0.0
2039,Agri04_toGrassland,DE9,0.0
2039,Agri04_toGrassland,DEA,0.0
2039,Agri04_toGrassland,DEB,0.0
2039,Agri04_toGrassland,DEC,0.0
2039,Agri04_toGrassland,DEE,0.0
2039,Agri04_toGrassland,DED,0.0
2039,Agri04_toGrassland,DEF,0.0
2039,Agri04_toGrassland,DEG,0.0
2039,Agri05_Agroforestry,DE1,52145.628000000004
2039,Agri05_Agroforestry,DE2,85166.87265162123
2039,Agri05_Agroforestry,DE3,94.54500000000002
2039,Agri05_Agroforestry,DE4,34235.052
2039,Agri05_Agroforestry,DE5,776.162
2039,Agri05_Agroforestry,DE6,628.319
2039,Agri05_Agroforestry,DE7,15234.661770365923
2039,Agri05_Agroforestry,DE8,32606.293
2039,Agri05_Agroforestry,DE9,77016.738
2039,Agri05_Agroforestry,DEA,42247.642
2039,Agri05_Agroforestry,DEB,24825.059
2039,Agri05_Agroforestry,DEC,3458.3510000000006
2039,Agri05_Agroforestry,DEE,17156.976000000002
2039,Agri05_Agroforestry,DED,19114.16
2039,Agri05_Agroforestry,DEF,7724.584792773379
2039,Agri05_Agroforestry,DEG,6179.75199607085
2039,Agri06_Biochar,DE1,0.0
2039,Agri06_Biochar,DE2,0.0
2039,Agri06_Biochar,DE3,0.0
2039,Agri06_Biochar,DE4,0.0
2039,Agri06_Biochar,DE5,0.0
2039,Agri06_Biochar,DE6,0.0
2039,Agri06_Biochar,DE7,0.0
2039,Agri06_Biochar,DE8,0.0
2039,Agri06_Biochar,DE9,0.0
2039,Agri06_Biochar,DEA,0.0
2039,Agri06_Biochar,DEB,0.0
2039,Agri06_Biochar,DEC,0.0
2039,Agri06_Biochar,DEE,0.0
2039,Agri06_Biochar,DED,0.0
2039,Agri06_Biochar,DEF,0.0
2039,Agri06_Biochar,DEG,0.0
2040,Agri01_AGC,DE1,204580.51555243524
2040,Agri01_AGC,DE2,294020.63814018364
2040,Agri01_AGC,DE3,548.1361000000002
2040,Agri01_AGC,DE4,203008.13786440904
2040,Agri01_AGC,DE5,1762.3118000000004
2040,Agri01_AGC,DE6,2894.6698999999994
2040,Agri01_AGC,DE7,61556.74774089309
2040,Agri01_AGC,DE8,199448.19290656227
2040,Agri01_AGC,DE9,263791.9940393693
2040,Agri01_AGC,DEA,206542.51583006512
2040,Agri01_AGC,DEB,127076.04215130792
2040,Agri01_AGC,DEC,14882.388200000001
2040,Agri01_AGC,DEE,150753.98258107848
2040,Agri01_AGC,DED,134070.9890396386
2040,Agri01_AGC,DEF,52142.371819298256
2040,Agri01_AGC,DEG,41694.665679318365
2040,Agri02_OFC,DE1,53074.01207709755
2040,Agri02_OFC,DE2,69101.36210203006
2040,Agri02_OFC,DE3,39523.630327136685
2040,Agri02_OFC,DE4,53922.1913583694
2040,Agri02_OFC,DE5,18273.330770359942
2040,Agri02_OFC,DE6,1844.2419305744947
2040,Agri02_OFC,DE7,13445.150245179897
2040,Agri02_OFC,DE8,39947.48473965032
2040,Agri02_OFC,DE9,63501.27413890347
2040,Agri02_OFC,DEA,53242.37243508412
2040,Agri02_OFC,DEB,34121.7744195775
2040,Agri02_OFC,DEC,27479.52231823802
2040,Agri02_OFC,DEE,38525.73658346434
2040,Agri02_OFC,DED,35380.224035988416
2040,Agri02_OFC,DEF,7291.8888861890555
2040,Agri02_OFC,DEG,5831.579463904062
2040,Agri03_No-till,DE1,0.0
2040,Agri03_No-till,DE2,0.0
2040,Agri03_No-till,DE3,0.0
2040,Agri03_No-till,DE4,0.0
2040,Agri03_No-till,DE5,0.0
2040,Agri03_No-till,DE6,0.0
2040,Agri03_No-till,DE7,0.0
2040,Agri03_No-till,DE8,0.0
2040,Agri03_No-till,DE9,0.0
2040,Agri03_No-till,DEA,0.0
2040,Agri03_No-till,DEB,0.0
2040,Agri03_No-till,DEC,0.0
2040,Agri03_No-till,DEE,0.0
2040,Agri03_No-till,DED,0.0
2040,Agri03_No-till,DEF,0.0
2040,Agri03_No-till,DEG,0.0
2040,Agri04_toGrassland,DE1,0.0
2040,Agri04_toGrassland,DE2,0.0
2040,Agri04_toGrassland,DE3,0.0
2040,Agri04_toGrassland,DE4,0.0
2040,Agri04_toGrassland,DE5,0.0
2040,Agri04_toGrassland,DE6,0.0
2040,Agri04_toGrassland,DE7,0.0
2040,Agri04_toGrassland,DE8,0.0
2040,Agri04_toGrassland,DE9,0.0
2040,Agri04_toGrassland,DEA,0.0
2040,Agri04_toGrassland,DEB,0.0
2040,Agri04_toGrassland,DEC,0.0
2040,Agri04_toGrassland,DEE,0.0
2040,Agri04_toGrassland,DED,0.0
2040,Agri04_toGrassland,DEF,0.0
2040,Agri04_toGrassland,DEG,0.0
2040,Agri05_Agroforestry,DE1,52145.628000000004
2040,Agri05_Agroforestry,DE2,92589.02462406312
2040,Agri05_Agroforestry,DE3,94.54500000000002
2040,Agri05_Agroforestry,DE4,34235.052
2040,Agri05_Agroforestry,DE5,776.162
2040,Agri05_Agroforestry,DE6,628.319
2040,Agri05_Agroforestry,DE7,16401.052278546857
2040,Agri05_Agroforestry,DE8,32606.293
2040,Agri05_Agroforestry,DE9,77016.738
2040,Agri05_Agroforestry,DEA,42247.642
2040,Agri05_Agroforestry,DEB,24825.059
2040,Agri05_Agroforestry,DEC,3458.3510000000006
2040,Agri05_Agroforestry,DEE,17156.976000000002
2040,Agri05_Agroforestry,DED,19114.16
2040,Agri05_Agroforestry,DEF,7939.324956636759
2040,Agri05_Agroforestry,DEG,6351.90278458654
2040,Agri06_Biochar,DE1,0.0
2040,Agri06_Biochar,DE2,0.0
2040,Agri06_Biochar,DE3,0.0
2040,Agri06_Biochar,DE4,0.0
2040,Agri06_Biochar,DE5,0.0
2040,Agri06_Biochar,DE6,0.0
2040,Agri06_Biochar,DE7,0.0
2040,Agri06_Biochar,DE8,0.0
2040,Agri06_Biochar,DE9,0.0
2040,Agri06_Biochar,DEA,0.0
2040,Agri06_Biochar,DEB,0.0
2040,Agri06_Biochar,DEC,0.0
2040,Agri06_Biochar,DEE,0.0
2040,Agri06_Biochar,DED,0.0
2040,Agri06_Biochar,DEF,0.0
2040,Agri06_Biochar,DEG,0.0
2041,Agri01_AGC,DE1,224309.68780653275
2041,Agri01_AGC,DE2,318266.9883027533
2041,Agri01_AGC,DE3,548.1361000000002
2041,Agri01_AGC,DE4,223304.7800054802
2041,Agri01_AGC,DE5,1762.3118000000004
2041,Agri01_AGC,DE6,2894.6698999999994
2041,Agri01_AGC,DE7,66047.89798007831
2041,Agri01_AGC,DE8,218813.26334019785
2041,Agri01_AGC,DE9,286406.7513989042
2041,Agri01_AGC,DEA,226265.88540125135
2041,Agri01_AGC,DEB,139961.85680000004
2041,Agri01_AGC,DEC,14882.388200000001
2041,Agri01_AGC,DEE,164957.85969262614
2041,Agri01_AGC,DED,147342.99365919572
2041,Agri01_AGC,DEF,54779.12441914602
2041,Agri01_AGC,DEG,43803.75635290452
2041,Agri02_OFC,DE1,53074.01207709755
2041,Agri02_OFC,DE2,69101.36210203006
2041,Agri02_OFC,DE3,39523.630327136685
2041,Agri02_OFC,DE4,53922.1913583694
2041,Agri02_OFC,DE5,18273.330770359942
2041,Agri02_OFC,DE6,1844.2419305744947
2041,Agri02_OFC,DE7,13445.150245179897
2041,Agri02_OFC,DE8,39947.48473965032
2041,Agri02_OFC,DE9,63501.27413890347
2041,Agri02_OFC,DEA,53242.37243508412
2041,Agri02_OFC,DEB,34121.7744195775
2041,Agri02_OFC,DEC,27479.52231823802
2041,Agri02_OFC,DEE,38525.73658346434
2041,Agri02_OFC,DED,35380.224035988416
2041,Agri02_OFC,DEF,7291.8888861890555
2041,Agri02_OFC,DEG,5831.579463904062
2041,Agri03_No-till,DE1,0.0
2041,Agri03_No-till,DE2,0.0
2041,Agri03_No-till,DE3,0.0
2041,Agri03_No-till,DE4,0.0
2041,Agri03_No-till,DE5,0.0
2041,Agri03_No-till,DE6,0.0
2041,Agri03_No-till,DE7,0.0
2041,Agri03_No-till,DE8,0.0
2041,Agri03_No-till,DE9,0.0
2041,Agri03_No-till,DEA,0.0
2041,Agri03_No-till,DEB,0.0
2041,Agri03_No-till,DEC,0.0
2041,Agri03_No-till,DEE,0.0
2041,Agri03_No-till,DED,0.0
2041,Agri03_No-till,DEF,0.0
2041,Agri03_No-till,DEG,0.0
2041,Agri04_toGrassland,DE1,0.0
2041,Agri04_toGrassland,DE2,0.0
2041,Agri04_toGrassland,DE3,0.0
2041,Agri04_toGrassland,DE4,0.0
2041,Agri04_toGrassland,DE5,0.0
2041,Agri04_toGrassland,DE6,0.0
2041,Agri04_toGrassland,DE7,0.0
2041,Agri04_toGrassland,DE8,0.0
2041,Agri04_toGrassland,DE9,0.0
2041,Agri04_toGrassland,DEA,0.0
2041,Agri04_toGrassland,DEB,0.0
2041,Agri04_toGrassland,DEC,0.0
2041,Agri04_toGrassland,DEE,0.0
2041,Agri04_toGrassland,DED,0.0
2041,Agri04_toGrassland,DEF,0.0
2041,Agri04_toGrassland,DEG,0.0
2041,Agri05_Agroforestry,DE1,52145.628000000004
2041,Agri05_Agroforestry,DE2,100305.14509558277
2041,Agri05_Agroforestry,DE3,94.54500000000002
2041,Agri05_Agroforestry,DE4,34235.052
2041,Agri05_Agroforestry,DE5,776.162
2041,Agri05_Agroforestry,DE6,628.319
2041,Agri05_Agroforestry,DE7,17603.899407175537
2041,Agri05_Agroforestry,DE8,32606.293
2041,Agri05_Agroforestry,DE9,77016.738
2041,Agri05_Agroforestry,DEA,42247.642
2041,Agri05_Agroforestry,DEB,24825.059
2041,Agri05_Agroforestry,DEC,3458.3510000000006
2041,Agri05_Agroforestry,DEE,17156.976000000002
2041,Agri05_Agroforestry,DED,19114.16
2041,Agri05_Agroforestry,DEF,8134.883427450828
2041,Agri05_Agroforestry,DEG,6508.743641448164
2041,Agri06_Biochar,DE1,0.0
2041,Agri06_Biochar,DE2,0.0
2041,Agri06_Biochar,DE3,0.0
2041,Agri06_Biochar,DE4,0.0
2041,Agri06_Biochar,DE5,0.0
2041,Agri06_Biochar,DE6,0.0
2041,Agri06_Biochar,DE7,0.0
2041,Agri06_Biochar,DE8,0.0
2041,Agri06_Biochar,DE9,0.0
2041,Agri06_Biochar,DEA,0.0
2041,Agri06_Biochar,DEB,0.0
2041,Agri06_Biochar,DEC,0.0
2041,Agri06_Biochar,DEE,0.0
2041,Agri06_Biochar,DED,0.0
2041,Agri06_Biochar,DEF,0.0
2041,Agri06_Biochar,DEG,0.0
2042,Agri01_AGC,DE1,244451.2902080243
2042,Agri01_AGC,DE2,342474.05082186975
2042,Agri01_AGC,DE3,548.1361000000002
2042,Agri01_AGC,DE4,232118.6562
2042,Agri01_AGC,DE5,1762.3118000000004
2042,Agri01_AGC,DE6,2894.6698999999994
2042,Agri01_AGC,DE7,70440.80533630622
2042,Agri01_AGC,DE8,238600.54726482142
2042,Agri01_AGC,DE9,309118.75355683715
2042,Agri01_AGC,DEA,246375.63854967052
2042,Agri01_AGC,DEB,139961.85680000004
2042,Agri01_AGC,DEC,14882.388200000001
2042,Agri01_AGC,DEE,179414.20530106474
2042,Agri01_AGC,DED,159741.40780000002
2042,Agri01_AGC,DEF,57153.03931872296
2042,Agri01_AGC,DEG,45702.77551884601
2042,Agri02_OFC,DE1,53074.01207709755
2042,Agri02_OFC,DE2,69101.36210203006
2042,Agri02_OFC,DE3,39523.630327136685
2042,Agri02_OFC,DE4,53922.1913583694
2042,Agri02_OFC,DE5,18273.330770359942
2042,Agri02_OFC,DE6,1844.2419305744947
2042,Agri02_OFC,DE7,13445.150245179897
2042,Agri02_OFC,DE8,39947.48473965032
2042,Agri02_OFC,DE9,63501.27413890347
2042,Agri02_OFC,DEA,53242.37243508412
2042,Agri02_OFC,DEB,34121.7744195775
2042,Agri02_OFC,DEC,27479.52231823802
2042,Agri02_OFC,DEE,38525.73658346434
2042,Agri02_OFC,DED,35380.224035988416
2042,Agri02_OFC,DEF,7291.8888861890555
2042,Agri02_OFC,DEG,5831.579463904062
2042,Agri03_No-till,DE1,0.0
2042,Agri03_No-till,DE2,0.0
2042,Agri03_No-till,DE3,0.0
2042,Agri03_No-till,DE4,0.0
2042,Agri03_No-till,DE5,0.0
2042,Agri03_No-till,DE6,0.0
2042,Agri03_No-till,DE7,0.0
2042,Agri03_No-till,DE8,0.0
2042,Agri03_No-till,DE9,0.0
2042,Agri03_No-till,DEA,0.0
2042,Agri03_No-till,DEB,0.0
2042,Agri03_No-till,DEC,0.0
2042,Agri03_No-till,DEE,0.0
2042,Agri03_No-till,DED,0.0
2042,Agri03_No-till,DEF,0.0
2042,Agri03_No-till,DEG,0.0
2042,Agri04_toGrassland,DE1,0.0
2042,Agri04_toGrassland,DE2,0.0
2042,Agri04_toGrassland,DE3,0.0
2042,Agri04_toGrassland,DE4,0.0
2042,Agri04_toGrassland,DE5,0.0
2042,Agri04_toGrassland,DE6,0.0
2042,Agri04_toGrassland,DE7,0.0
2042,Agri04_toGrassland,DE8,0.0
2042,Agri04_toGrassland,DE9,0.0
2042,Agri04_toGrassland,DEA,0.0
2042,Agri04_toGrassland,DEB,0.0
2042,Agri04_toGrassland,DEC,0.0
2042,Agri04_toGrassland,DEE,0.0
2042,Agri04_toGrassland,DED,0.0
2042,Agri04_toGrassland,DEF,0.0
2042,Agri04_toGrassland,DEG,0.0
2042,Agri05_Agroforestry,DE1,52145.628000000004
2042,Agri05_Agroforestry,DE2,100305.14509558277
2042,Agri05_Agroforestry,DE3,94.54500000000002
2042,Agri05_Agroforestry,DE4,34235.052
2042,Agri05_Agroforestry,DE5,776.162
2042,Agri05_Agroforestry,DE6,628.319
2042,Agri05_Agroforestry,DE7,17603.899407175537
2042,Agri05_Agroforestry,DE8,32606.293
2042,Agri05_Agroforestry,DE9,77016.738
2042,Agri05_Agroforestry,DEA,42247.642
2042,Agri05_Agroforestry,DEB,24825.059
2042,Agri05_Agroforestry,DEC,3458.3510000000006
2042,Agri05_Agroforestry,DEE,17156.976000000002
2042,Agri05_Agroforestry,DED,19114.16
2042,Agri05_Agroforestry,DEF,8134.883427450828
2042,Agri05_Agroforestry,DEG,6508.743641448164
2042,Agri06_Biochar,DE1,0.0
2042,Agri06_Biochar,DE2,0.0
2042,Agri06_Biochar,DE3,0.0
2042,Agri06_Biochar,DE4,0.0
2042,Agri06_Biochar,DE5,0.0
2042,Agri06_Biochar,DE6,0.0
2042,Agri06_Biochar,DE7,0.0
2042,Agri06_Biochar,DE8,0.0
2042,Agri06_Biochar,DE9,0.0
2042,Agri06_Biochar,DEA,0.0
2042,Agri06_Biochar,DEB,0.0
2042,Agri06_Biochar,DEC,0.0
2042,Agri06_Biochar,DEE,0.0
2042,Agri06_Biochar,DED,0.0
2042,Agri06_Biochar,DEF,0.0
2042,Agri06_Biochar,DEG,0.0
2043,Agri01_AGC,DE1,244451.2902080243
2043,Agri01_AGC,DE2,342474.05082186975
2043,Agri01_AGC,DE3,548.1361000000002
2043,Agri01_AGC,DE4,232118.6562
2043,Agri01_AGC,DE5,1762.3118000000004
2043,Agri01_AGC,DE6,2894.6698999999994
2043,Agri01_AGC,DE7,70440.80533630622
2043,Agri01_AGC,DE8,238600.54726482142
2043,Agri01_AGC,DE9,309118.75355683715
2043,Agri01_AGC,DEA,246375.63854967052
2043,Agri01_AGC,DEB,139961.85680000004
2043,Agri01_AGC,DEC,14882.388200000001
2043,Agri01_AGC,DEE,179414.20530106474
2043,Agri01_AGC,DED,159741.40780000002
2043,Agri01_AGC,DEF,57153.03931872296
2043,Agri01_AGC,DEG,45702.77551884601
2043,Agri02_OFC,DE1,53074.01207709755
2043,Agri02_OFC,DE2,69101.36210203006
2043,Agri02_OFC,DE3,39523.630327136685
2043,Agri02_OFC,DE4,53922.1913583694
2043,Agri02_OFC,DE5,18273.330770359942
2043,Agri02_OFC,DE6,1844.2419305744947
2043,Agri02_OFC,DE7,13445.150245179897
2043,Agri02_OFC,DE8,39947.48473965032
2043,Agri02_OFC,DE9,63501.27413890347
2043,Agri02_OFC,DEA,53242.37243508412
2043,Agri02_OFC,DEB,34121.7744195775
2043,Agri02_OFC,DEC,27479.52231823802
2043,Agri02_OFC,DEE,38525.73658346434
2043,Agri02_OFC,DED,35380.224035988416
2043,Agri02_OFC,DEF,7291.8888861890555
2043,Agri02_OFC,DEG,5831.579463904062
2043,Agri03_No-till,DE1,0.0
2043,Agri03_No-till,DE2,0.0
2043,Agri03_No-till,DE3,0.0
2043,Agri03_No-till,DE4,0.0
2043,Agri03_No-till,DE5,0.0
2043,Agri03_No-till,DE6,0.0
2043,Agri03_No-till,DE7,0.0
2043,Agri03_No-till,DE8,0.0
2043,Agri03_No-till,DE9,0.0
2043,Agri03_No-till,DEA,0.0
2043,Agri03_No-till,DEB,0.0
2043,Agri03_No-till,DEC,0.0
2043,Agri03_No-till,DEE,0.0
2043,Agri03_No-till,DED,0.0
2043,Agri03_No-till,DEF,0.0
2043,Agri03_No-till,DEG,0.0
2043,Agri04_toGrassland,DE1,0.0
2043,Agri04_toGrassland,DE2,0.0
2043,Agri04_toGrassland,DE3,0.0
2043,Agri04_toGrassland,DE4,0.0
2043,Agri04_toGrassland,DE5,0.0
2043,Agri04_toGrassland,DE6,0.0
2043,Agri04_toGrassland,DE7,0.0
2043,Agri04_toGrassland,DE8,0.0
2043,Agri04_toGrassland,DE9,0.0
2043,Agri04_toGrassland,DEA,0.0
2043,Agri04_toGrassland,DEB,0.0
2043,Agri04_toGrassland,DEC,0.0
2043,Agri04_toGrassland,DEE,0.0
2043,Agri04_toGrassland,DED,0.0
2043,Agri04_toGrassland,DEF,0.0
2043,Agri04_toGrassland,DEG,0.0
2043,Agri05_Agroforestry,DE1,52145.628000000004
2043,Agri05_Agroforestry,DE2,100305.14509558277
2043,Agri05_Agroforestry,DE3,94.54500000000002
2043,Agri05_Agroforestry,DE4,34235.052
2043,Agri05_Agroforestry,DE5,776.162
2043,Agri05_Agroforestry,DE6,628.319
2043,Agri05_Agroforestry,DE7,17603.899407175537
2043,Agri05_Agroforestry,DE8,32606.293
2043,Agri05_Agroforestry,DE9,77016.738
2043,Agri05_Agroforestry,DEA,42247.642
2043,Agri05_Agroforestry,DEB,24825.059
2043,Agri05_Agroforestry,DEC,3458.3510000000006
2043,Agri05_Agroforestry,DEE,17156.976000000002
2043,Agri05_Agroforestry,DED,19114.16
2043,Agri05_Agroforestry,DEF,8134.883427450828
2043,Agri05_Agroforestry,DEG,6508.743641448164
2043,Agri06_Biochar,DE1,0.0
2043,Agri06_Biochar,DE2,0.0
2043,Agri06_Biochar,DE3,0.0
2043,Agri06_Biochar,DE4,0.0
2043,Agri06_Biochar,DE5,0.0
2043,Agri06_Biochar,DE6,0.0
2043,Agri06_Biochar,DE7,0.0
2043,Agri06_Biochar,DE8,0.0
2043,Agri06_Biochar,DE9,0.0
2043,Agri06_Biochar,DEA,0.0
2043,Agri06_Biochar,DEB,0.0
2043,Agri06_Biochar,DEC,0.0
2043,Agri06_Biochar,DEE,0.0
2043,Agri06_Biochar,DED,0.0
2043,Agri06_Biochar,DEF,0.0
2043,Agri06_Biochar,DEG,0.0
2044,Agri01_AGC,DE1,244451.2902080243
2044,Agri01_AGC,DE2,342474.05082186975
2044,Agri01_AGC,DE3,548.1361000000002
2044,Agri01_AGC,DE4,232118.6562
2044,Agri01_AGC,DE5,1762.3118000000004
2044,Agri01_AGC,DE6,2894.6698999999994
2044,Agri01_AGC,DE7,70440.80533630622
2044,Agri01_AGC,DE8,238600.54726482142
2044,Agri01_AGC,DE9,309118.75355683715
2044,Agri01_AGC,DEA,246375.63854967052
2044,Agri01_AGC,DEB,139961.85680000004
2044,Agri01_AGC,DEC,14882.388200000001
2044,Agri01_AGC,DEE,179414.20530106474
2044,Agri01_AGC,DED,159741.40780000002
2044,Agri01_AGC,DEF,57153.03931872296
2044,Agri01_AGC,DEG,45702.77551884601
2044,Agri02_OFC,DE1,53074.01207709755
2044,Agri02_OFC,DE2,69101.36210203006
2044,Agri02_OFC,DE3,39523.630327136685
2044,Agri02_OFC,DE4,53922.1913583694
2044,Agri02_OFC,DE5,18273.330770359942
2044,Agri02_OFC,DE6,1844.2419305744947
2044,Agri02_OFC,DE7,13445.150245179897
2044,Agri02_OFC,DE8,39947.48473965032
2044,Agri02_OFC,DE9,63501.27413890347
2044,Agri02_OFC,DEA,53242.37243508412
2044,Agri02_OFC,DEB,34121.7744195775
2044,Agri02_OFC,DEC,27479.52231823802
2044,Agri02_OFC,DEE,38525.73658346434
2044,Agri02_OFC,DED,35380.224035988416
2044,Agri02_OFC,DEF,7291.8888861890555
2044,Agri02_OFC,DEG,5831.579463904062
2044,Agri03_No-till,DE1,0.0
2044,Agri03_No-till,DE2,0.0
2044,Agri03_No-till,DE3,0.0
2044,Agri03_No-till,DE4,0.0
2044,Agri03_No-till,DE5,0.0
2044,Agri03_No-till,DE6,0.0
2044,Agri03_No-till,DE7,0.0
2044,Agri03_No-till,DE8,0.0
2044,Agri03_No-till,DE9,0.0
2044,Agri03_No-till,DEA,0.0
2044,Agri03_No-till,DEB,0.0
2044,Agri03_No-till,DEC,0.0
2044,Agri03_No-till,DEE,0.0
2044,Agri03_No-till,DED,0.0
2044,Agri03_No-till,DEF,0.0
2044,Agri03_No-till,DEG,0.0
2044,Agri04_toGrassland,DE1,0.0
2044,Agri04_toGrassland,DE2,0.0
2044,Agri04_toGrassland,DE3,0.0
2044,Agri04_toGrassland,DE4,0.0
2044,Agri04_toGrassland,DE5,0.0
2044,Agri04_toGrassland,DE6,0.0
2044,Agri04_toGrassland,DE7,0.0
2044,Agri04_toGrassland,DE8,0.0
2044,Agri04_toGrassland,DE9,0.0
2044,Agri04_toGrassland,DEA,0.0
2044,Agri04_toGrassland,DEB,0.0
2044,Agri04_toGrassland,DEC,0.0
2044,Agri04_toGrassland,DEE,0.0
2044,Agri04_toGrassland,DED,0.0
2044,Agri04_toGrassland,DEF,0.0
2044,Agri04_toGrassland,DEG,0.0
2044,Agri05_Agroforestry,DE1,52145.628000000004
2044,Agri05_Agroforestry,DE2,100305.14509558277
2044,Agri05_Agroforestry,DE3,94.54500000000002
2044,Agri05_Agroforestry,DE4,34235.052
2044,Agri05_Agroforestry,DE5,776.162
2044,Agri05_Agroforestry,DE6,628.319
2044,Agri05_Agroforestry,DE7,17603.899407175537
2044,Agri05_Agroforestry,DE8,32606.293
2044,Agri05_Agroforestry,DE9,77016.738
2044,Agri05_Agroforestry,DEA,42247.642
2044,Agri05_Agroforestry,DEB,24825.059
2044,Agri05_Agroforestry,DEC,3458.3510000000006
2044,Agri05_Agroforestry,DEE,17156.976000000002
2044,Agri05_Agroforestry,DED,19114.16
2044,Agri05_Agroforestry,DEF,8134.883427450828
2044,Agri05_Agroforestry,DEG,6508.743641448164
2044,Agri06_Biochar,DE1,0.0
2044,Agri06_Biochar,DE2,0.0
2044,Agri06_Biochar,DE3,0.0
2044,Agri06_Biochar,DE4,0.0
2044,Agri06_Biochar,DE5,0.0
2044,Agri06_Biochar,DE6,0.0
2044,Agri06_Biochar,DE7,0.0
2044,Agri06_Biochar,DE8,0.0
2044,Agri06_Biochar,DE9,0.0
2044,Agri06_Biochar,DEA,0.0
2044,Agri06_Biochar,DEB,0.0
2044,Agri06_Biochar,DEC,0.0
2044,Agri06_Biochar,DEE,0.0
2044,Agri06_Biochar,DED,0.0
2044,Agri06_Biochar,DEF,0.0
2044,Agri06_Biochar,DEG,0.0
2045,Agri01_AGC,DE1,244451.2902080243
2045,Agri01_AGC,DE2,342474.05082186975
2045,Agri01_AGC,DE3,548.1361000000002
2045,Agri01_AGC,DE4,232118.6562
2045,Agri01_AGC,DE5,1762.3118000000004
2045,Agri01_AGC,DE6,2894.6698999999994
2045,Agri01_AGC,DE7,70440.80533630622
2045,Agri01_AGC,DE8,238600.54726482142
2045,Agri01_AGC,DE9,309118.75355683715
2045,Agri01_AGC,DEA,246375.63854967052
2045,Agri01_AGC,DEB,139961.85680000004
2045,Agri01_AGC,DEC,14882.388200000001
2045,Agri01_AGC,DEE,179414.20530106474
2045,Agri01_AGC,DED,159741.40780000002
2045,Agri01_AGC,DEF,57153.03931872296
2045,Agri01_AGC,DEG,45702.77551884601
2045,Agri02_OFC,DE1,53074.01207709755
2045,Agri02_OFC,DE2,69101.36210203006
2045,Agri02_OFC,DE3,39523.630327136685
2045,Agri02_OFC,DE4,53922.1913583694
2045,Agri02_OFC,DE5,18273.330770359942
2045,Agri02_OFC,DE6,1844.2419305744947
2045,Agri02_OFC,DE7,13445.150245179897
2045,Agri02_OFC,DE8,39947.48473965032
2045,Agri02_OFC,DE9,63501.27413890347
2045,Agri02_OFC,DEA,53242.37243508412
2045,Agri02_OFC,DEB,34121.7744195775
2045,Agri02_OFC,DEC,27479.52231823802
2045,Agri02_OFC,DEE,38525.73658346434
2045,Agri02_OFC,DED,35380.224035988416
2045,Agri02_OFC,DEF,7291.8888861890555
2045,Agri02_OFC,DEG,5831.579463904062
2045,Agri03_No-till,DE1,0.0
2045,Agri03_No-till,DE2,0.0
2045,Agri03_No-till,DE3,0.0
2045,Agri03_No-till,DE4,0.0
2045,Agri03_No-till,DE5,0.0
2045,Agri03_No-till,DE6,0.0
2045,Agri03_No-till,DE7,0.0
2045,Agri03_No-till,DE8,0.0
2045,Agri03_No-till,DE9,0.0
2045,Agri03_No-till,DEA,0.0
2045,Agri03_No-till,DEB,0.0
2045,Agri03_No-till,DEC,0.0
2045,Agri03_No-till,DEE,0.0
2045,Agri03_No-till,DED,0.0
2045,Agri03_No-till,DEF,0.0
2045,Agri03_No-till,DEG,0.0
2045,Agri04_toGrassland,DE1,0.0
2045,Agri04_toGrassland,DE2,0.0
2045,Agri04_toGrassland,DE3,0.0
2045,Agri04_toGrassland,DE4,0.0
2045,Agri04_toGrassland,DE5,0.0
2045,Agri04_toGrassland,DE6,0.0
2045,Agri04_toGrassland,DE7,0.0
2045,Agri04_toGrassland,DE8,0.0
2045,Agri04_toGrassland,DE9,0.0
2045,Agri04_toGrassland,DEA,0.0
2045,Agri04_toGrassland,DEB,0.0
2045,Agri04_toGrassland,DEC,0.0
2045,Agri04_toGrassland,DEE,0.0
2045,Agri04_toGrassland,DED,0.0
2045,Agri04_toGrassland,DEF,0.0
2045,Agri04_toGrassland,DEG,0.0
2045,Agri05_Agroforestry,DE1,52145.628000000004
2045,Agri05_Agroforestry,DE2,100305.14509558277
2045,Agri05_Agroforestry,DE3,94.54500000000002
2045,Agri05_Agroforestry,DE4,34235.052
2045,Agri05_Agroforestry,DE5,776.162
2045,Agri05_Agroforestry,DE6,628.319
2045,Agri05_Agroforestry,DE7,17603.899407175537
2045,Agri05_Agroforestry,DE8,32606.293
2045,Agri05_Agroforestry,DE9,77016.738
2045,Agri05_Agroforestry,DEA,42247.642
2045,Agri05_Agroforestry,DEB,24825.059
2045,Agri05_Agroforestry,DEC,3458.3510000000006
2045,Agri05_Agroforestry,DEE,17156.976000000002
2045,Agri05_Agroforestry,DED,19114.16
2045,Agri05_Agroforestry,DEF,8134.883427450828
2045,Agri05_Agroforestry,DEG,6508.743641448164
2045,Agri06_Biochar,DE1,0.0
2045,Agri06_Biochar,DE2,0.0
2045,Agri06_Biochar,DE3,0.0
2045,Agri06_Biochar,DE4,0.0
2045,Agri06_Biochar,DE5,0.0
2045,Agri06_Biochar,DE6,0.0
2045,Agri06_Biochar,DE7,0.0
2045,Agri06_Biochar,DE8,0.0
2045,Agri06_Biochar,DE9,0.0
2045,Agri06_Biochar,DEA,0.0
2045,Agri06_Biochar,DEB,0.0
2045,Agri06_Biochar,DEC,0.0
2045,Agri06_Biochar,DEE,0.0
2045,Agri06_Biochar,DED,0.0
2045,Agri06_Biochar,DEF,0.0
2045,Agri06_Biochar,DEG,0.0
2046,Agri01_AGC,DE1,244451.2902080243
2046,Agri01_AGC,DE2,342474.05082186975
2046,Agri01_AGC,DE3,548.1361000000002
2046,Agri01_AGC,DE4,232118.6562
2046,Agri01_AGC,DE5,1762.3118000000004
2046,Agri01_AGC,DE6,2894.6698999999994
2046,Agri01_AGC,DE7,70440.80533630622
2046,Agri01_AGC,DE8,238600.54726482142
2046,Agri01_AGC,DE9,309118.75355683715
2046,Agri01_AGC,DEA,246375.63854967052
2046,Agri01_AGC,DEB,139961.85680000004
2046,Agri01_AGC,DEC,14882.388200000001
2046,Agri01_AGC,DEE,179414.20530106474
2046,Agri01_AGC,DED,159741.40780000002
2046,Agri01_AGC,DEF,57153.03931872296
2046,Agri01_AGC,DEG,45702.77551884601
2046,Agri02_OFC,DE1,53074.01207709755
2046,Agri02_OFC,DE2,69101.36210203006
2046,Agri02_OFC,DE3,39523.630327136685
2046,Agri02_OFC,DE4,53922.1913583694
2046,Agri02_OFC,DE5,18273.330770359942
2046,Agri02_OFC,DE6,1844.2419305744947
2046,Agri02_OFC,DE7,13445.150245179897
2046,Agri02_OFC,DE8,39947.48473965032
2046,Agri02_OFC,DE9,63501.27413890347
2046,Agri02_OFC,DEA,53242.37243508412
2046,Agri02_OFC,DEB,34121.7744195775
2046,Agri02_OFC,DEC,27479.52231823802
2046,Agri02_OFC,DEE,38525.73658346434
2046,Agri02_OFC,DED,35380.224035988416
2046,Agri02_OFC,DEF,7291.8888861890555
2046,Agri02_OFC,DEG,5831.579463904062
2046,Agri03_No-till,DE1,0.0
2046,Agri03_No-till,DE2,0.0
2046,Agri03_No-till,DE3,0.0
2046,Agri03_No-till,DE4,0.0
2046,Agri03_No-till,DE5,0.0
2046,Agri03_No-till,DE6,0.0
2046,Agri03_No-till,DE7,0.0
2046,Agri03_No-till,DE8,0.0
2046,Agri03_No-till,DE9,0.0
2046,Agri03_No-till,DEA,0.0
2046,Agri03_No-till,DEB,0.0
2046,Agri03_No-till,DEC,0.0
2046,Agri03_No-till,DEE,0.0
2046,Agri03_No-till,DED,0.0
2046,Agri03_No-till,DEF,0.0
2046,Agri03_No-till,DEG,0.0
2046,Agri04_toGrassland,DE1,0.0
2046,Agri04_toGrassland,DE2,0.0
2046,Agri04_toGrassland,DE3,0.0
2046,Agri04_toGrassland,DE4,0.0
2046,Agri04_toGrassland,DE5,0.0
2046,Agri04_toGrassland,DE6,0.0
2046,Agri04_toGrassland,DE7,0.0
2046,Agri04_toGrassland,DE8,0.0
2046,Agri04_toGrassland,DE9,0.0
2046,Agri04_toGrassland,DEA,0.0
2046,Agri04_toGrassland,DEB,0.0
2046,Agri04_toGrassland,DEC,0.0
2046,Agri04_toGrassland,DEE,0.0
2046,Agri04_toGrassland,DED,0.0
2046,Agri04_toGrassland,DEF,0.0
2046,Agri04_toGrassland,DEG,0.0
2046,Agri05_Agroforestry,DE1,52145.628000000004
2046,Agri05_Agroforestry,DE2,100305.14509558277
2046,Agri05_Agroforestry,DE3,94.54500000000002
2046,Agri05_Agroforestry,DE4,34235.052
2046,Agri05_Agroforestry,DE5,776.162
2046,Agri05_Agroforestry,DE6,628.319
2046,Agri05_Agroforestry,DE7,17603.899407175537
2046,Agri05_Agroforestry,DE8,32606.293
2046,Agri05_Agroforestry,DE9,77016.738
2046,Agri05_Agroforestry,DEA,42247.642
2046,Agri05_Agroforestry,DEB,24825.059
2046,Agri05_Agroforestry,DEC,3458.3510000000006
2046,Agri05_Agroforestry,DEE,17156.976000000002
2046,Agri05_Agroforestry,DED,19114.16
2046,Agri05_Agroforestry,DEF,8134.883427450828
2046,Agri05_Agroforestry,DEG,6508.743641448164
2046,Agri06_Biochar,DE1,0.0
2046,Agri06_Biochar,DE2,0.0
2046,Agri06_Biochar,DE3,0.0
2046,Agri06_Biochar,DE4,0.0
2046,Agri06_Biochar,DE5,0.0
2046,Agri06_Biochar,DE6,0.0
2046,Agri06_Biochar,DE7,0.0
2046,Agri06_Biochar,DE8,0.0
2046,Agri06_Biochar,DE9,0.0
2046,Agri06_Biochar,DEA,0.0
2046,Agri06_Biochar,DEB,0.0
2046,Agri06_Biochar,DEC,0.0
2046,Agri06_Biochar,DEE,0.0
2046,Agri06_Biochar,DED,0.0
2046,Agri06_Biochar,DEF,0.0
2046,Agri06_Biochar,DEG,0.0
2047,Agri01_AGC,DE1,244451.2902080243
2047,Agri01_AGC,DE2,342474.05082186975
2047,Agri01_AGC,DE3,548.1361000000002
2047,Agri01_AGC,DE4,232118.6562
2047,Agri01_AGC,DE5,1762.3118000000004
2047,Agri01_AGC,DE6,2894.6698999999994
2047,Agri01_AGC,DE7,70440.80533630622
2047,Agri01_AGC,DE8,238600.54726482142
2047,Agri01_AGC,DE9,309118.75355683715
2047,Agri01_AGC,DEA,246375.63854967052
2047,Agri01_AGC,DEB,139961.85680000004
2047,Agri01_AGC,DEC,14882.388200000001
2047,Agri01_AGC,DEE,179414.20530106474
2047,Agri01_AGC,DED,159741.40780000002
2047,Agri01_AGC,DEF,57153.03931872296
2047,Agri01_AGC,DEG,45702.77551884601
2047,Agri02_OFC,DE1,53074.01207709755
2047,Agri02_OFC,DE2,69101.36210203006
2047,Agri02_OFC,DE3,39523.630327136685
2047,Agri02_OFC,DE4,53922.1913583694
2047,Agri02_OFC,DE5,18273.330770359942
2047,Agri02_OFC,DE6,1844.2419305744947
2047,Agri02_OFC,DE7,13445.150245179897
2047,Agri02_OFC,DE8,39947.48473965032
2047,Agri02_OFC,DE9,63501.27413890347
2047,Agri02_OFC,DEA,53242.37243508412
2047,Agri02_OFC,DEB,34121.7744195775
2047,Agri02_OFC,DEC,27479.52231823802
2047,Agri02_OFC,DEE,38525.73658346434
2047,Agri02_OFC,DED,35380.224035988416
2047,Agri02_OFC,DEF,7291.8888861890555
2047,Agri02_OFC,DEG,5831.579463904062
2047,Agri03_No-till,DE1,0.0
2047,Agri03_No-till,DE2,0.0
2047,Agri03_No-till,DE3,0.0
2047,Agri03_No-till,DE4,0.0
2047,Agri03_No-till,DE5,0.0
2047,Agri03_No-till,DE6,0.0
2047,Agri03_No-till,DE7,0.0
2047,Agri03_No-till,DE8,0.0
2047,Agri03_No-till,DE9,0.0
2047,Agri03_No-till,DEA,0.0
2047,Agri03_No-till,DEB,0.0
2047,Agri03_No-till,DEC,0.0
2047,Agri03_No-till,DEE,0.0
2047,Agri03_No-till,DED,0.0
2047,Agri03_No-till,DEF,0.0
2047,Agri03_No-till,DEG,0.0
2047,Agri04_toGrassland,DE1,0.0
2047,Agri04_toGrassland,DE2,0.0
2047,Agri04_toGrassland,DE3,0.0
2047,Agri04_toGrassland,DE4,0.0
2047,Agri04_toGrassland,DE5,0.0
2047,Agri04_toGrassland,DE6,0.0
2047,Agri04_toGrassland,DE7,0.0
2047,Agri04_toGrassland,DE8,0.0
2047,Agri04_toGrassland,DE9,0.0
2047,Agri04_toGrassland,DEA,0.0
2047,Agri04_toGrassland,DEB,0.0
2047,Agri04_toGrassland,DEC,0.0
2047,Agri04_toGrassland,DEE,0.0
2047,Agri04_toGrassland,DED,0.0
2047,Agri04_toGrassland,DEF,0.0
2047,Agri04_toGrassland,DEG,0.0
2047,Agri05_Agroforestry,DE1,52145.628000000004
2047,Agri05_Agroforestry,DE2,100305.14509558277
2047,Agri05_Agroforestry,DE3,94.54500000000002
2047,Agri05_Agroforestry,DE4,34235.052
2047,Agri05_Agroforestry,DE5,776.162
2047,Agri05_Agroforestry,DE6,628.319
2047,Agri05_Agroforestry,DE7,17603.899407175537
2047,Agri05_Agroforestry,DE8,32606.293
2047,Agri05_Agroforestry,DE9,77016.738
2047,Agri05_Agroforestry,DEA,42247.642
2047,Agri05_Agroforestry,DEB,24825.059
2047,Agri05_Agroforestry,DEC,3458.3510000000006
2047,Agri05_Agroforestry,DEE,17156.976000000002
2047,Agri05_Agroforestry,DED,19114.16
2047,Agri05_Agroforestry,DEF,8134.883427450828
2047,Agri05_Agroforestry,DEG,6508.743641448164
2047,Agri06_Biochar,DE1,0.0
2047,Agri06_Biochar,DE2,0.0
2047,Agri06_Biochar,DE3,0.0
2047,Agri06_Biochar,DE4,0.0
2047,Agri06_Biochar,DE5,0.0
2047,Agri06_Biochar,DE6,0.0
2047,Agri06_Biochar,DE7,0.0
2047,Agri06_Biochar,DE8,0.0
2047,Agri06_Biochar,DE9,0.0
2047,Agri06_Biochar,DEA,0.0
2047,Agri06_Biochar,DEB,0.0
2047,Agri06_Biochar,DEC,0.0
2047,Agri06_Biochar,DEE,0.0
2047,Agri06_Biochar,DED,0.0
2047,Agri06_Biochar,DEF,0.0
2047,Agri06_Biochar,DEG,0.0
2048,Agri01_AGC,DE1,244451.2902080243
2048,Agri01_AGC,DE2,342474.05082186975
2048,Agri01_AGC,DE3,548.1361000000002
2048,Agri01_AGC,DE4,232118.6562
2048,Agri01_AGC,DE5,1762.3118000000004
2048,Agri01_AGC,DE6,2894.6698999999994
2048,Agri01_AGC,DE7,70440.80533630622
2048,Agri01_AGC,DE8,238600.54726482142
2048,Agri01_AGC,DE9,309118.75355683715
2048,Agri01_AGC,DEA,246375.63854967052
2048,Agri01_AGC,DEB,139961.85680000004
2048,Agri01_AGC,DEC,14882.388200000001
2048,Agri01_AGC,DEE,179414.20530106474
2048,Agri01_AGC,DED,159741.40780000002
2048,Agri01_AGC,DEF,57153.03931872296
2048,Agri01_AGC,DEG,45702.77551884601
2048,Agri02_OFC,DE1,53074.01207709755
2048,Agri02_OFC,DE2,69101.36210203006
2048,Agri02_OFC,DE3,39523.630327136685
2048,Agri02_OFC,DE4,53922.1913583694
2048,Agri02_OFC,DE5,18273.330770359942
2048,Agri02_OFC,DE6,1844.2419305744947
2048,Agri02_OFC,DE7,13445.150245179897
2048,Agri02_OFC,DE8,39947.48473965032
2048,Agri02_OFC,DE9,63501.27413890347
2048,Agri02_OFC,DEA,53242.37243508412
2048,Agri02_OFC,DEB,34121.7744195775
2048,Agri02_OFC,DEC,27479.52231823802
2048,Agri02_OFC,DEE,38525.73658346434
2048,Agri02_OFC,DED,35380.224035988416
2048,Agri02_OFC,DEF,7291.8888861890555
2048,Agri02_OFC,DEG,5831.579463904062
2048,Agri03_No-till,DE1,0.0
2048,Agri03_No-till,DE2,0.0
2048,Agri03_No-till,DE3,0.0
2048,Agri03_No-till,DE4,0.0
2048,Agri03_No-till,DE5,0.0
2048,Agri03_No-till,DE6,0.0
2048,Agri03_No-till,DE7,0.0
2048,Agri03_No-till,DE8,0.0
2048,Agri03_No-till,DE9,0.0
2048,Agri03_No-till,DEA,0.0
2048,Agri03_No-till,DEB,0.0
2048,Agri03_No-till,DEC,0.0
2048,Agri03_No-till,DEE,0.0
2048,Agri03_No-till,DED,0.0
2048,Agri03_No-till,DEF,0.0
2048,Agri03_No-till,DEG,0.0
2048,Agri04_toGrassland,DE1,0.0
2048,Agri04_toGrassland,DE2,0.0
2048,Agri04_toGrassland,DE3,0.0
2048,Agri04_toGrassland,DE4,0.0
2048,Agri04_toGrassland,DE5,0.0
2048,Agri04_toGrassland,DE6,0.0
2048,Agri04_toGrassland,DE7,0.0
2048,Agri04_toGrassland,DE8,0.0
2048,Agri04_toGrassland,DE9,0.0
2048,Agri04_toGrassland,DEA,0.0
2048,Agri04_toGrassland,DEB,0.0
2048,Agri04_toGrassland,DEC,0.0
2048,Agri04_toGrassland,DEE,0.0
2048,Agri04_toGrassland,DED,0.0
2048,Agri04_toGrassland,DEF,0.0
2048,Agri04_toGrassland,DEG,0.0
2048,Agri05_Agroforestry,DE1,52145.628000000004
2048,Agri05_Agroforestry,DE2,100305.14509558277
2048,Agri05_Agroforestry,DE3,94.54500000000002
2048,Agri05_Agroforestry,DE4,34235.052
2048,Agri05_Agroforestry,DE5,776.162
2048,Agri05_Agroforestry,DE6,628.319
2048,Agri05_Agroforestry,DE7,17603.899407175537
2048,Agri05_Agroforestry,DE8,32606.293
2048,Agri05_Agroforestry,DE9,77016.738
2048,Agri05_Agroforestry,DEA,42247.642
2048,Agri05_Agroforestry,DEB,24825.059
2048,Agri05_Agroforestry,DEC,3458.3510000000006
2048,Agri05_Agroforestry,DEE,17156.976000000002
2048,Agri05_Agroforestry,DED,19114.16
2048,Agri05_Agroforestry,DEF,8134.883427450828
2048,Agri05_Agroforestry,DEG,6508.743641448164
2048,Agri06_Biochar,DE1,0.0
2048,Agri06_Biochar,DE2,0.0
2048,Agri06_Biochar,DE3,0.0
2048,Agri06_Biochar,DE4,0.0
2048,Agri06_Biochar,DE5,0.0
2048,Agri06_Biochar,DE6,0.0
2048,Agri06_Biochar,DE7,0.0
2048,Agri06_Biochar,DE8,0.0
2048,Agri06_Biochar,DE9,0.0
2048,Agri06_Biochar,DEA,0.0
2048,Agri06_Biochar,DEB,0.0
2048,Agri06_Biochar,DEC,0.0
2048,Agri06_Biochar,DEE,0.0
2048,Agri06_Biochar,DED,0.0
2048,Agri06_Biochar,DEF,0.0
2048,Agri06_Biochar,DEG,0.0
2049,Agri01_AGC,DE1,244451.2902080243
2049,Agri01_AGC,DE2,342474.05082186975
2049,Agri01_AGC,DE3,548.1361000000002
2049,Agri01_AGC,DE4,232118.6562
2049,Agri01_AGC,DE5,1762.3118000000004
2049,Agri01_AGC,DE6,2894.6698999999994
2049,Agri01_AGC,DE7,70440.80533630622
2049,Agri01_AGC,DE8,238600.54726482142
2049,Agri01_AGC,DE9,309118.75355683715
2049,Agri01_AGC,DEA,246375.63854967052
2049,Agri01_AGC,DEB,139961.85680000004
2049,Agri01_AGC,DEC,14882.388200000001
2049,Agri01_AGC,DEE,179414.20530106474
2049,Agri01_AGC,DED,159741.40780000002
2049,Agri01_AGC,DEF,57153.03931872296
2049,Agri01_AGC,DEG,45702.77551884601
2049,Agri02_OFC,DE1,53074.01207709755
2049,Agri02_OFC,DE2,69101.36210203006
2049,Agri02_OFC,DE3,39523.630327136685
2049,Agri02_OFC,DE4,53922.1913583694
2049,Agri02_OFC,DE5,18273.330770359942
2049,Agri02_OFC,DE6,1844.2419305744947
2049,Agri02_OFC,DE7,13445.150245179897
2049,Agri02_OFC,DE8,39947.48473965032
2049,Agri02_OFC,DE9,63501.27413890347
2049,Agri02_OFC,DEA,53242.37243508412
2049,Agri02_OFC,DEB,34121.7744195775
2049,Agri02_OFC,DEC,27479.52231823802
2049,Agri02_OFC,DEE,38525.73658346434
2049,Agri02_OFC,DED,35380.224035988416
2049,Agri02_OFC,DEF,7291.8888861890555
2049,Agri02_OFC,DEG,5831.579463904062
2049,Agri03_No-till,DE1,0.0
2049,Agri03_No-till,DE2,0.0
2049,Agri03_No-till,DE3,0.0
2049,Agri03_No-till,DE4,0.0
2049,Agri03_No-till,DE5,0.0
2049,Agri03_No-till,DE6,0.0
2049,Agri03_No-till,DE7,0.0
2049,Agri03_No-till,DE8,0.0
2049,Agri03_No-till,DE9,0.0
2049,Agri03_No-till,DEA,0.0
2049,Agri03_No-till,DEB,0.0
2049,Agri03_No-till,DEC,0.0
2049,Agri03_No-till,DEE,0.0
2049,Agri03_No-till,DED,0.0
2049,Agri03_No-till,DEF,0.0
2049,Agri03_No-till,DEG,0.0
2049,Agri04_toGrassland,DE1,0.0
2049,Agri04_toGrassland,DE2,0.0
2049,Agri04_toGrassland,DE3,0.0
2049,Agri04_toGrassland,DE4,0.0
2049,Agri04_toGrassland,DE5,0.0
2049,Agri04_toGrassland,DE6,0.0
2049,Agri04_toGrassland,DE7,0.0
2049,Agri04_toGrassland,DE8,0.0
2049,Agri04_toGrassland,DE9,0.0
2049,Agri04_toGrassland,DEA,0.0
2049,Agri04_toGrassland,DEB,0.0
2049,Agri04_toGrassland,DEC,0.0
2049,Agri04_toGrassland,DEE,0.0
2049,Agri04_toGrassland,DED,0.0
2049,Agri04_toGrassland,DEF,0.0
2049,Agri04_toGrassland,DEG,0.0
2049,Agri05_Agroforestry,DE1,52145.628000000004
2049,Agri05_Agroforestry,DE2,100305.14509558277
2049,Agri05_Agroforestry,DE3,94.54500000000002
2049,Agri05_Agroforestry,DE4,34235.052
2049,Agri05_Agroforestry,DE5,776.162
2049,Agri05_Agroforestry,DE6,628.319
2049,Agri05_Agroforestry,DE7,17603.899407175537
2049,Agri05_Agroforestry,DE8,32606.293
2049,Agri05_Agroforestry,DE9,77016.738
2049,Agri05_Agroforestry,DEA,42247.642
2049,Agri05_Agroforestry,DEB,24825.059
2049,Agri05_Agroforestry,DEC,3458.3510000000006
2049,Agri05_Agroforestry,DEE,17156.976000000002
2049,Agri05_Agroforestry,DED,19114.16
2049,Agri05_Agroforestry,DEF,8134.883427450828
2049,Agri05_Agroforestry,DEG,6508.743641448164
2049,Agri06_Biochar,DE1,0.0
2049,Agri06_Biochar,DE2,0.0
2049,Agri06_Biochar,DE3,0.0
2049,Agri06_Biochar,DE4,0.0
2049,Agri06_Biochar,DE5,0.0
2049,Agri06_Biochar,DE6,0.0
2049,Agri06_Biochar,DE7,0.0
2049,Agri06_Biochar,DE8,0.0
2049,Agri06_Biochar,DE9,0.0
2049,Agri06_Biochar,DEA,0.0
2049,Agri06_Biochar,DEB,0.0
2049,Agri06_Biochar,DEC,0.0
2049,Agri06_Biochar,DEE,0.0
2049,Agri06_Biochar,DED,0.0
2049,Agri06_Biochar,DEF,0.0
2049,Agri06_Biochar,DEG,0.0
2050,Agri01_AGC,DE1,244451.2902080243
2050,Agri01_AGC,DE2,342474.05082186975
2050,Agri01_AGC,DE3,548.1361000000002
2050,Agri01_AGC,DE4,232118.6562
2050,Agri01_AGC,DE5,1762.3118000000004
2050,Agri01_AGC,DE6,2894.6698999999994
2050,Agri01_AGC,DE7,70440.80533630622
2050,Agri01_AGC,DE8,238600.54726482142
2050,Agri01_AGC,DE9,309118.75355683715
2050,Agri01_AGC,DEA,246375.63854967052
2050,Agri01_AGC,DEB,139961.85680000004
2050,Agri01_AGC,DEC,14882.388200000001
2050,Agri01_AGC,DEE,179414.20530106474
2050,Agri01_AGC,DED,159741.40780000002
2050,Agri01_AGC,DEF,57153.03931872296
2050,Agri01_AGC,DEG,45702.77551884601
2050,Agri02_OFC,DE1,53074.01207709755
2050,Agri02_OFC,DE2,69101.36210203006
2050,Agri02_OFC,DE3,39523.630327136685
2050,Agri02_OFC,DE4,53922.1913583694
2050,Agri02_OFC,DE5,18273.330770359942
2050,Agri02_OFC,DE6,1844.2419305744947
2050,Agri02_OFC,DE7,13445.150245179897
2050,Agri02_OFC,DE8,39947.48473965032
2050,Agri02_OFC,DE9,63501.27413890347
2050,Agri02_OFC,DEA,53242.37243508412
2050,Agri02_OFC,DEB,34121.7744195775
2050,Agri02_OFC,DEC,27479.52231823802
2050,Agri02_OFC,DEE,38525.73658346434
2050,Agri02_OFC,DED,35380.224035988416
2050,Agri02_OFC,DEF,7291.8888861890555
2050,Agri02_OFC,DEG,5831.579463904062
2050,Agri03_No-till,DE1,0.0
2050,Agri03_No-till,DE2,0.0
2050,Agri03_No-till,DE3,0.0
2050,Agri03_No-till,DE4,0.0
2050,Agri03_No-till,DE5,0.0
2050,Agri03_No-till,DE6,0.0
2050,Agri03_No-till,DE7,0.0
2050,Agri03_No-till,DE8,0.0
2050,Agri03_No-till,DE9,0.0
2050,Agri03_No-till,DEA,0.0
2050,Agri03_No-till,DEB,0.0
2050,Agri03_No-till,DEC,0.0
2050,Agri03_No-till,DEE,0.0
2050,Agri03_No-till,DED,0.0
2050,Agri03_No-till,DEF,0.0
2050,Agri03_No-till,DEG,0.0
2050,Agri04_toGrassland,DE1,0.0
2050,Agri04_toGrassland,DE2,0.0
2050,Agri04_toGrassland,DE3,0.0
2050,Agri04_toGrassland,DE4,0.0
2050,Agri04_toGrassland,DE5,0.0
2050,Agri04_toGrassland,DE6,0.0
2050,Agri04_toGrassland,DE7,0.0
2050,Agri04_toGrassland,DE8,0.0
2050,Agri04_toGrassland,DE9,0.0
2050,Agri04_toGrassland,DEA,0.0
2050,Agri04_toGrassland,DEB,0.0
2050,Agri04_toGrassland,DEC,0.0
2050,Agri04_toGrassland,DEE,0.0
2050,Agri04_toGrassland,DED,0.0
2050,Agri04_toGrassland,DEF,0.0
2050,Agri04_toGrassland,DEG,0.0
2050,Agri05_Agroforestry,DE1,52145.628000000004
2050,Agri05_Agroforestry,DE2,100305.14509558277
2050,Agri05_Agroforestry,DE3,94.54500000000002
2050,Agri05_Agroforestry,DE4,34235.052
2050,Agri05_Agroforestry,DE5,776.162
2050,Agri05_Agroforestry,DE6,628.319
2050,Agri05_Agroforestry,DE7,17603.899407175537
2050,Agri05_Agroforestry,DE8,32606.293
2050,Agri05_Agroforestry,DE9,77016.738
2050,Agri05_Agroforestry,DEA,42247.642
2050,Agri05_Agroforestry,DEB,24825.059
2050,Agri05_Agroforestry,DEC,3458.3510000000006
2050,Agri05_Agroforestry,DEE,17156.976000000002
2050,Agri05_Agroforestry,DED,19114.16
2050,Agri05_Agroforestry,DEF,8134.883427450828
2050,Agri05_Agroforestry,DEG,6508.743641448164
2050,Agri06_Biochar,DE1,0.0
2050,Agri06_Biochar,DE2,0.0
2050,Agri06_Biochar,DE3,0.0
2050,Agri06_Biochar,DE4,0.0
2050,Agri06_Biochar,DE5,0.0
2050,Agri06_Biochar,DE6,0.0
2050,Agri06_Biochar,DE7,0.0
2050,Agri06_Biochar,DE8,0.0
2050,Agri06_Biochar,DE9,0.0
2050,Agri06_Biochar,DEA,0.0
2050,Agri06_Biochar,DEB,0.0
2050,Agri06_Biochar,DEC,0.0
2050,Agri06_Biochar,DEE,0.0
2050,Agri06_Biochar,DED,0.0
2050,Agri06_Biochar,DEF,0.0
2050,Agri06_Biochar,DEG,0.0
